{"type":"FeatureCollection","features":[{"type":"Feature","properties":{"shapeName":"Kazakhstan","shapeISO":"KAZ","shapeID":"12445969B25401373275960","shapeGroup":"KAZ","shapeType":"ADM0","countryCode":"KAZ"},"geometry":{"type":"MultiPolygon","coordinates":[[[[50.37410309999998,44.78638819999998],[50.3738617,44.791527],[50.37051490000001,44.7942333],[50.3688542,44.81042469999996],[50.368899800000044,44.81389549999999],[50.3716076,44.8169786],[50.37060640000003,44.818463700000045],[50.37487789999996,44.8239216],[50.374563100000024,44.828498100000026],[50.37206119999996,44.831212],[50.3584461,44.8237681],[50.35767250000004,44.80711739999996],[50.362603600000014,44.79557230000004],[50.364141299999964,44.785454800000025],[50.36213890000002,44.78534169999999],[50.361274199999976,44.78299980000002],[50.360625400000025,44.7838099],[50.361886900000044,44.7790986],[50.36915390000002,44.77258029999997],[50.3723567,44.766461],[50.379753100000016,44.762487200000024],[50.37547819999998,44.76611829999999],[50.37410309999998,44.78638819999998]]],[[[50.915520199999975,44.833435499999986],[50.90494070000001,44.83798019999996],[50.90287230000003,44.8420436],[50.89646360000001,44.84735679999996],[50.8870031,44.84661160000003],[50.8810691,44.84360639999998],[50.87954320000004,44.8402403],[50.88208629999996,44.836657700000046],[50.88100129999999,44.83026129999998],[50.88741,44.8227098],[50.89531070000001,44.820208399999984],[50.897989499999966,44.821892],[50.90799250000001,44.818669],[50.92799860000002,44.82215659999997],[50.93183019999997,44.8204008],[50.93433950000003,44.82208440000004],[50.9340343,44.82720709999997],[50.92799860000002,44.83321910000002],[50.915520199999975,44.833435499999986]]],[[[50.597044199999985,44.82772],[50.5850066,44.84484079999997],[50.58084459999998,44.848815799999976],[50.57762649999999,44.84835939999996],[50.57534160000002,44.8432942],[50.58075490000002,44.8264175],[50.57948940000002,44.81989689999997],[50.58195659999997,44.8134286],[50.582021,44.803382700000036],[50.56737860000001,44.78205239999997],[50.56731420000001,44.77755239999996],[50.568858900000016,44.7736003],[50.5782558,44.76699770000001],[50.57912909999997,44.77861429999999],[50.591780600000035,44.7923085],[50.59694610000004,44.7927283],[50.61042720000001,44.79856219999998],[50.61727610000003,44.79869920000004],[50.629357,44.807704400000034],[50.63993819999998,44.80883450000002],[50.64665110000003,44.81424250000001],[50.64403420000004,44.81971459999998],[50.64021130000002,44.82053779999997],[50.6142701,44.81522720000004],[50.61008309999996,44.816131199999965],[50.600366499999986,44.8224585],[50.597044199999985,44.82772]]],[[[50.97894770000001,44.857016],[50.97270849999999,44.858314],[50.96945330000003,44.8562949],[50.9639622,44.85607740000004],[50.9634587,44.85419069999998],[50.967414900000044,44.854768600000014],[50.963171,44.8488193],[50.961204800000026,44.836714699999966],[50.9689107,44.83499409999998],[50.975285499999956,44.83634070000002],[50.9781339,44.83561930000002],[50.978812,44.83812],[50.9838983,44.8399955],[50.9843052,44.84167849999998],[50.988442099999986,44.84100529999997],[50.9904088,44.8472563],[50.980643100000044,44.85389109999998],[50.981253500000015,44.8554296],[50.97894770000001,44.857016]]],[[[51.130904099999974,44.86175419999998],[51.124258,44.86098510000003],[51.12154530000003,44.858581500000014],[51.117205,44.85810080000003],[51.116933800000034,44.8528126],[51.13348120000004,44.83704109999997],[51.1528769,44.8304043],[51.15884479999996,44.8316548],[51.161150599999964,44.833770900000026],[51.15925169999996,44.83790680000001],[51.145281300000015,44.85713929999997],[51.139856,44.8597352],[51.133616799999984,44.85915839999996],[51.130904099999974,44.86175419999998]]],[[[51.085848900000045,44.8837118],[51.0821964,44.8870461],[51.0747156,44.88877890000003],[51.070831300000044,44.88143990000004],[51.07150259999999,44.8738962],[51.066563399999964,44.87593510000003],[51.06157619999997,44.8724009],[51.057068500000035,44.87522149999996],[51.0591785,44.87810990000003],[51.05380759999997,44.8800128],[51.04968359999999,44.8841242],[51.045032,44.881813699999974],[51.03582490000004,44.88228939999998],[51.03918169999996,44.87841580000003],[51.047429700000016,44.88038660000002],[51.05078650000002,44.877906],[51.04747769999999,44.87427],[51.04814910000003,44.87104149999996],[51.04508,44.8686965],[51.04867649999997,44.86431209999997],[51.05284850000002,44.86601149999998],[51.05591760000002,44.86563769999996],[51.05615739999997,44.86217079999999],[51.063494300000045,44.86274860000001],[51.066947,44.860709200000024],[51.0713588,44.865535700000045],[51.08310749999997,44.86607950000001],[51.08646429999998,44.87233289999997],[51.085848900000045,44.8837118]]],[[[50.46359889999997,44.9299273],[50.4613234,44.93128049999997],[50.45618070000001,44.9298306],[50.45122,44.93041060000002],[50.45125749999998,44.924573499999966],[50.45638690000002,44.91739429999997],[50.45622370000002,44.913561],[50.4583855,44.90988669999998],[50.461371599999985,44.90882890000003],[50.467379,44.9163707],[50.46706040000003,44.92107580000002],[50.47001860000001,44.92191369999998],[50.4678769,44.926834],[50.46359889999997,44.9299273]]],[[[50.714172499999954,44.9293788],[50.69743830000003,44.9345732],[50.68710820000001,44.9258245],[50.68353610000004,44.925368800000044],[50.68549920000002,44.9242067],[50.68984360000003,44.9253232],[50.69763140000002,44.921518],[50.6994657,44.92236109999996],[50.703134399999975,44.91807709999998],[50.7071248,44.91627679999996],[50.712945200000014,44.90093959999999],[50.716682599999984,44.8958773],[50.71933360000004,44.89503339999998],[50.72694830000001,44.90308070000004],[50.72997340000002,44.903650500000026],[50.72994120000002,44.90825460000003],[50.7334167,44.91399789999997],[50.73299840000002,44.91878349999998],[50.72746319999998,44.92388769999997],[50.714172499999954,44.9293788]]],[[[51.233904600000024,45.036226399999954],[51.23026010000002,45.0412753],[51.22436180000004,45.042664600000016],[51.21501080000003,45.04188520000001],[51.21179790000002,45.039140600000025],[51.21342830000001,45.0364297],[51.1784562,45.03350930000003],[51.16729280000004,45.029249099999966],[51.15002930000002,45.02152129999997],[51.12470960000001,45.001994],[51.10571989999998,44.990328700000035],[51.09459449999997,44.9800178],[51.08864820000002,44.961562100000016],[51.07752290000002,44.9713335],[51.072535700000024,44.96319080000004],[51.066589399999984,44.9652266],[51.05565590000004,44.95694730000002],[51.05814950000004,44.949074],[51.049326,44.9375337],[51.053162299999954,44.92327479999998],[51.059684,44.91607609999997],[51.070617600000034,44.90806140000003],[51.09843089999996,44.90588770000004],[51.10322629999998,44.8925722],[51.09459449999997,44.8662038],[51.1008219,44.85612250000004],[51.11133350000002,44.855834],[51.11357150000001,44.8621795],[51.1235587,44.86484430000004],[51.12969690000001,44.87803030000001],[51.13719559999998,44.88023559999996],[51.143507599999985,44.890533900000015],[51.160611300000014,44.910810699999956],[51.16556640000002,44.9312874],[51.163648300000034,44.946901900000015],[51.171512699999965,44.95762590000003],[51.1635727,44.9660177],[51.1649264,44.97387810000004],[51.170986,44.98275340000004],[51.168828,44.986959100000036],[51.16868419999997,44.99832],[51.17421049999999,45.012743799999974],[51.1778432,45.01354290000001],[51.182149599999974,45.01229629999999],[51.18374330000003,45.01023470000003],[51.188999099999954,45.01030660000003],[51.1947297,45.014381899999975],[51.20486829999999,45.01603580000004],[51.20849649999998,45.01323119999998],[51.20903910000002,45.008724400000034],[51.204088400000025,44.9928519],[51.2095477,44.991005399999985],[51.21524429999999,44.9949141],[51.21638030000001,44.99830569999996],[51.23093149999997,45.00209179999997],[51.24248839999998,45.01236489999998],[51.2383644,45.02497469999997],[51.23443209999997,45.030533],[51.233904600000024,45.036226399999954]]],[[[50.07424589999997,45.04904],[50.07027140000001,45.0498887],[50.0646926,45.048538500000014],[50.06169179999996,45.04458740000003],[50.053344500000044,45.0443219],[50.0376018,45.03706580000004],[50.03333530000004,45.037163],[50.0295853,45.0269812],[50.011633,44.99860590000002],[50.00448659999998,44.97706639999996],[50.00467209999996,44.96681450000002],[50.009463199999985,44.942436600000036],[50.020725300000024,44.91748769999997],[50.04492310000003,44.87980160000002],[50.064964,44.86017120000001],[50.086821599999986,44.846568099999985],[50.12272079999997,44.83484540000002],[50.1725981,44.827688099999975],[50.18141739999999,44.82433530000003],[50.19259380000004,44.81615040000004],[50.196794399999966,44.815671700000046],[50.1990802,44.819537],[50.2012345,44.836490399999974],[50.21486919999997,44.84823870000001],[50.213966300000045,44.8503383],[50.201980199999966,44.854063699999955],[50.196632499999986,44.85373480000001],[50.1712295,44.84324149999998],[50.153587,44.8401673],[50.138008,44.84412569999996],[50.112265599999986,44.8554243],[50.09713680000002,44.85960240000002],[50.074324099999956,44.8753208],[50.0693717,44.881581300000015],[50.068696900000035,44.890820600000026],[50.07883870000002,44.9067515],[50.07706210000001,44.910846800000016],[50.075237,44.9079997],[50.06281210000002,44.9086503],[50.06117019999997,44.90655440000004],[50.057170699999986,44.90754060000002],[50.05171370000002,44.91273090000003],[50.04510069999998,44.9295976],[50.037262800000015,44.963744899999966],[50.0331888,44.9686112],[50.03085780000004,44.96972810000004],[50.030051,44.968873700000046],[50.027780300000046,44.976633],[50.02882330000001,44.98427379999998],[50.031961100000025,44.989010699999966],[50.03067769999997,45.0087004],[50.03465680000004,45.0137842],[50.0510746,45.024875],[50.05389190000004,45.0309144],[50.059923799999964,45.03462079999998],[50.084822,45.033913800000015],[50.10259430000003,45.03529809999998],[50.1002174,45.037813700000015],[50.07424589999997,45.04904]]],[[[50.31460670000004,45.06233849999999],[50.3005504,45.05389679999998],[50.28442259999998,45.0391307],[50.28003280000003,45.04223259999998],[50.275070399999954,45.042165099999984],[50.27096689999998,45.04425540000001],[50.269344599999954,45.047357],[50.2602787,45.04553649999996],[50.2429103,45.03420790000001],[50.2411272,45.031209199999964],[50.23880680000003,45.03144280000002],[50.234130700000016,45.0217977],[50.2353713,45.01829],[50.245269,45.01812709999997],[50.250040500000026,45.0154287],[50.24580120000001,44.9948926],[50.24408339999999,44.9922606],[50.23978910000003,44.990370899999974],[50.23864389999996,44.98713119999997],[50.2410297,44.9813939],[50.24427429999997,44.98011130000001],[50.25104989999997,44.98517390000003],[50.25534430000002,44.98355390000002],[50.263933,44.9754534],[50.26650960000004,44.97646610000003],[50.2708994,44.96836460000002],[50.27443040000003,44.947835800000014],[50.26679590000002,44.94472879999998],[50.262597,44.93682560000003],[50.265269,44.9341909],[50.266414199999964,44.92838070000003],[50.25696660000004,44.89425079999998],[50.2565849,44.87991689999997],[50.258398,44.8770768],[50.27939280000001,44.869637599999976],[50.27882019999998,44.87694149999999],[50.270326899999965,44.880931199999964],[50.26670050000003,44.88437970000001],[50.268132,44.897022499999984],[50.28196940000004,44.90243029999996],[50.29504339999998,44.91479869999997],[50.310694,44.920407599999976],[50.3179467,44.92696180000004],[50.33073439999997,44.943445500000024],[50.329303,44.970930200000026],[50.34523989999996,44.99138319999998],[50.35430580000001,45.01365050000003],[50.3582184,45.04433820000002],[50.35564179999997,45.048788299999984],[50.351347400000016,45.050001900000034],[50.346385100000035,45.05465369999999],[50.3275852,45.06206889999997],[50.31670610000002,45.06105779999998],[50.31460670000004,45.06233849999999]]],[[[53.23530009999998,45.56785560000003],[53.2277797,45.5623398],[53.205576600000015,45.5663513],[53.165825900000044,45.56660209999996],[53.13646050000004,45.5563221],[53.1303725,45.54328129999996],[53.148278299999966,45.5197],[53.19340070000004,45.504391900000016],[53.209515799999984,45.502886],[53.21094830000003,45.49686180000003],[53.22527289999998,45.4943516],[53.22670530000001,45.500878],[53.218826799999974,45.51167],[53.22061739999998,45.52446719999998],[53.24461109999997,45.545287799999976],[53.242820499999965,45.561587700000025],[53.23530009999998,45.56785560000003]]],[[[69.6837177,55.360181],[69.676348,55.48040019999998],[69.67384029999997,55.47956059999997],[69.66902020000002,55.448425199999974],[69.654706,55.44232220000003],[69.65608510000003,55.43542120000005],[69.58480380000005,55.43429539999998],[69.58181979999998,55.4166556],[69.62144949999997,55.3958297],[69.63691860000003,55.38107520000002],[69.63452319999998,55.36675660000003],[69.66058639999996,55.359937],[69.65982910000001,55.349568400000024],[69.54992510000004,55.351067200000045],[69.53862509999996,55.33636759999998],[69.4945,55.3364],[69.4552,55.3421],[69.4568,55.3464],[69.4506,55.351],[69.416,55.3556],[69.4144,55.361],[69.4272,55.3745],[69.4225,55.3807],[69.3895,55.3889],[69.3627,55.389],[69.3479,55.3823],[69.3499,55.3752],[69.3467,55.3666],[69.34266979999998,55.36448029999998],[69.334,55.353],[69.3197,55.346],[69.3086,55.3424],[69.2061,55.3301],[69.1733,55.3822],[69.1591,55.3866],[69.1087,55.4074],[69.0471,55.4236],[68.9855,55.4227],[68.9855,55.4416],[68.935,55.4398],[68.9193,55.3832],[68.9193,55.3678],[68.9225,55.3645],[68.9824,55.3644],[68.9871,55.3444],[69.0029,55.3257],[69.0092,55.2853],[68.9887,55.2837],[68.9619,55.3257],[68.9399,55.3185],[68.85,55.3436],[68.8153,55.3597],[68.79,55.3678],[68.7521,55.3768],[68.7175,55.3541],[68.714266,55.34751920000003],[68.72266050000003,55.33580709999997],[68.7226503,55.32550209999998],[68.70291450000005,55.32562019999998],[68.702901,55.31499030000002],[68.71025030000004,55.3074061],[68.696868,55.28883550000001],[68.67473610000002,55.2771927],[68.63551159999997,55.26532109999998],[68.63680089999998,55.242186099999984],[68.659446,55.23580070000003],[68.64538470000002,55.21746349999999],[68.649153,55.20854770000001],[68.62018709999998,55.19826779999997],[68.60024510000004,55.20087290000004],[68.59532679999997,55.219439399999956],[68.5570726,55.215281],[68.5590865,55.2091306],[68.49269150000003,55.200377299999985],[68.4451877,55.19653270000002],[68.3588038,55.2064629],[68.3538884,55.181000199999964],[68.33378329999996,55.18030909999998],[68.3183743,55.18614309999997],[68.30459,55.20348110000002],[68.28074290000005,55.204402699999974],[68.23998609999997,55.18715],[68.17743030000003,55.19888690000003],[68.17749720000005,55.177666199999976],[68.21018160000004,55.17770450000003],[68.21918,55.15483770000003],[68.19074540000003,55.15177559999998],[68.19210169999998,55.150216],[68.24070549999998,55.112678],[68.24428869999998,55.113970899999984],[68.25890709999999,55.113592699999955],[68.2567304,55.10058530000002],[68.2722019,55.084813599999976],[68.287592,55.07979160000003],[68.29371679999997,55.08117889999997],[68.31554940000004,55.07669250000002],[68.3161663,55.071673],[68.31278840000003,55.06754470000004],[68.26163620000003,55.0597778],[68.23773749999998,55.0537729],[68.23811179999996,55.01470470000001],[68.20399530000005,54.99682250000004],[68.19671160000001,54.990108199999966],[68.21660539999998,54.98296559999998],[68.22632649999997,54.9772367],[68.23406220000001,54.97735510000001],[68.23513390000004,54.9690517],[68.03256390000004,54.95046149999998],[67.9108618,54.98369190000003],[67.8194637,54.97123110000002],[67.8013428,54.940960099999955],[67.79875349999999,54.925387300000025],[67.77353110000003,54.88595620000003],[67.69836949999998,54.87081559999998],[67.69174140000001,54.8633156],[67.6434744,54.86533290000002],[67.56352710000002,54.84439090000002],[67.53325180000004,54.853089400000044],[67.53236879999999,54.8568804],[67.51723829999997,54.861916499999964],[67.475725,54.85846380000001],[67.46156660000004,54.86406860000004],[67.3985243,54.85539949999996],[67.35354080000003,54.86408829999998],[67.33304860000004,54.8733062],[67.29026,54.862322],[67.28234539999997,54.82591409999998],[67.2397211,54.818962100000036],[67.2213146,54.81429470000003],[67.15232129999997,54.8092739],[67.1069,54.8087],[67.0992,54.8069],[67.0902,54.8014],[67.0616,54.7803],[67.0524,54.7783],[66.9976,54.7857],[66.923,54.7814],[66.8639,54.7759],[66.792,54.7649],[66.7313,54.7386],[66.719,54.7367],[66.6973,54.7362],[66.6705,54.7419],[66.652117,54.743305],[66.381721,54.703724],[65.998643,54.625148],[65.96418579999998,54.637816900000026],[65.981779,54.7170406],[65.84528550000003,54.697243200000024],[65.830768,54.6531561],[65.799704,54.624024],[65.782249,54.624896],[65.779679,54.612344],[65.74729,54.607419],[65.633091,54.640779],[65.627621,54.638941],[65.613548,54.640254],[65.594484,54.637117],[65.553747,54.636156],[65.550026,54.636886],[65.530516,54.649518],[65.489554,54.655537],[65.464836,54.642265],[65.456451,54.624375],[65.494825,54.596653],[65.495718,54.578441],[65.50383,54.570918],[65.481093,54.565744],[65.464698,54.566447],[65.425883,54.581218],[65.379398,54.573395],[65.373148,54.57613],[65.357903,54.577404],[65.328632,54.570013],[65.306026,54.568396],[65.263608,54.54662],[65.238008,54.549397],[65.21445359999998,54.541393],[65.212465,54.531772],[65.223337,54.49007],[65.214483,54.47715],[65.218309,54.470354],[65.201278,54.465849],[65.200908,54.452181],[65.222007,54.436988],[65.239194,54.37575],[65.262715,54.362419],[65.221956,54.334286],[65.190936,54.342863],[65.150025,54.337163],[65.121107,54.330386],[65.104243,54.334534],[65.086838,54.348455],[65.070199,54.365518],[65.035747,54.387298],[64.982881,54.414965],[64.974791,54.424178],[64.956087,54.417224],[64.930787,54.412756],[64.906689,54.400694],[64.84468,54.38422],[64.802019,54.368287],[64.738648,54.35392],[64.697139,54.36464],[64.658518,54.360553],[64.63507,54.373669],[64.630206,54.382697],[64.629117,54.392533],[64.62414860000003,54.3922269],[64.616461,54.3984635],[64.61666130000003,54.3941699],[64.61463580000003,54.3930372],[64.61093780000004,54.3936739],[64.604533,54.390900899999984],[64.60444469999996,54.38827160000004],[64.61019849999997,54.38826380000001],[64.61126720000003,54.38617959999996],[64.5996081,54.38589260000002],[64.60118310000001,54.3842382],[64.5966454,54.3831669],[64.59929480000001,54.381993900000026],[64.59068170000003,54.380896700000015],[64.5940841,54.377980400000034],[64.5963062,54.37851390000004],[64.59917710000005,54.37414839999997],[64.591404,54.372981],[64.587333,54.375737700000016],[64.5853903,54.3699355],[64.58231209999995,54.3711925],[64.5816505,54.3754412],[64.5766234,54.37413730000002],[64.5774715,54.3720685],[64.564246,54.36772980000002],[64.56578319999997,54.3653519],[64.56896370000004,54.366988699999986],[64.57012989999998,54.36441],[64.5680626,54.362170799999966],[64.56612779999996,54.36352970000004],[64.5600054,54.36312820000004],[64.547135,54.3607531],[64.5510152,54.36386640000001],[64.54543870000002,54.36489170000003],[64.54268230000004,54.36254449999998],[64.53971390000001,54.3634958],[64.53505359999997,54.3605373],[64.54021740000002,54.35797550000003],[64.53455219999996,54.35708750000001],[64.53037779999998,54.358940799999964],[64.52554079999999,54.35701030000002],[64.5315374,54.35538850000003],[64.52292359999997,54.35438460000002],[64.51377970000004,54.35784040000004],[64.50695489999997,54.357454299999986],[64.50069329999997,54.363766800000036],[64.47951270000002,54.366362500000044],[64.47989290000004,54.36203720000001],[64.47696870000003,54.36096160000001],[64.46738680000001,54.36131610000003],[64.46675709999995,54.359854900000016],[64.4622084,54.3591527],[64.46335920000001,54.356926],[64.45988519999997,54.352769499999965],[64.46694319999999,54.35340739999999],[64.4640278,54.35039529999999],[64.464908,54.34317279999996],[64.46043760000003,54.34407950000002],[64.45720530000003,54.34271420000003],[64.45175479999997,54.33665479999996],[64.45692429999995,54.33271019999999],[64.4425631,54.332696800000036],[64.41941059999998,54.32646449999996],[64.399984,54.328281099999984],[64.380076,54.3336604],[64.3558959,54.33677419999998],[64.3506423,54.33475919999997],[64.34216220000002,54.33454989999997],[64.33752810000001,54.33237040000003],[64.33245429999995,54.33293879999999],[64.33307179999997,54.33052989999998],[64.33076560000003,54.330207],[64.3133527,54.3303188],[64.30899710000003,54.3322048],[64.3066631,54.33049019999998],[64.29690540000001,54.33061750000003],[64.29348829999998,54.32919420000004],[64.28748669999999,54.33101929999997],[64.28900859999996,54.3283402],[64.28699850000001,54.32746939999997],[64.282404,54.32731870000003],[64.27631519999998,54.3294502],[64.25475069999999,54.32159129999998],[64.2511612,54.32269660000004],[64.23493679999999,54.31727],[64.23080169999997,54.317605],[64.23325630000002,54.319162700000035],[64.2275591,54.319495],[64.23195149999998,54.320491899999965],[64.22871689999995,54.321242199999965],[64.23068679999996,54.3238522],[64.2275591,54.3223355],[64.22415909999995,54.32394329999999],[64.22551910000004,54.3217782],[64.21973,54.3238468],[64.21733050000002,54.32258529999998],[64.21450760000005,54.323732200000016],[64.212489,54.32181029999998],[64.20968990000003,54.3219102],[64.2116195,54.3175715],[64.20817,54.31760490000001],[64.20828489999997,54.31619790000004],[64.2031511,54.313995],[64.20072779999995,54.3144671],[64.19831569999995,54.312202300000024],[64.19797110000005,54.31417230000004],[64.19342250000001,54.314895900000046],[64.19006849999997,54.313328],[64.19211310000003,54.309991],[64.18921849999998,54.311076599999964],[64.18466990000005,54.3087982],[64.1809608,54.3093199],[64.17812089999995,54.30799169999998],[64.17609930000003,54.30892989999998],[64.17106829999996,54.30705349999998],[64.16695340000001,54.30859430000001],[64.0985207,54.31084110000002],[64.097673,54.3145991],[64.08930979999995,54.31390690000002],[64.08295429999998,54.3172536],[64.07111709999997,54.31788850000003],[64.0786627,54.312947799999975],[64.0663031,54.309743200000035],[64.07007970000002,54.30814079999997],[64.07162460000004,54.30283240000004],[64.0680197,54.298625300000026],[64.04278549999997,54.284398],[64.02888090000005,54.2833959],[64.02252949999998,54.284698599999956],[64.01737960000001,54.287905199999976],[64.01737960000001,54.289909100000045],[64.01240139999996,54.29000929999999],[64.0118865,54.2915123],[64.02029789999997,54.29882559999999],[64.025791,54.299627],[64.0177229,54.30153020000004],[64.02458939999997,54.305536799999985],[64.02321610000003,54.306538299999985],[63.99884020000003,54.30032819999997],[63.986823900000026,54.30122970000004],[63.98155809999999,54.2989835],[63.98193230000004,54.29465919999996],[63.98646059999999,54.29184159999998],[63.98541269999997,54.29074950000003],[63.97618089999996,54.291913],[63.978240800000044,54.2786857],[63.98407729999997,54.271569200000044],[64.0118865,54.24820650000004],[64.021267,54.23033220000002],[64.01748129999999,54.2224248],[64.00622159999998,54.215697299999974],[64.004505,54.21138089999997],[63.974979300000015,54.20234510000002],[63.961418,54.20033690000003],[63.95987309999997,54.20595970000004],[63.9571265,54.20093929999996],[63.95129,54.202043899999964],[63.950775,54.205256799999965],[63.9445952,54.203951599999975],[63.94408020000003,54.20595970000004],[63.94202030000004,54.20595970000004],[63.93897519999997,54.201352],[63.9337768,54.19953629999996],[63.92775559999998,54.2000176],[63.931046699999975,54.20461140000003],[63.91223239999998,54.19838830000001],[63.897723,54.216433],[63.8741894,54.22771889999998],[63.825343599999954,54.25773349999996],[63.814722,54.266136],[63.80326680000003,54.27123859999996],[63.79848839999999,54.2690278],[63.797973800000044,54.270745],[63.79404089999997,54.27186110000004],[63.7923869,54.270723499999974],[63.79389389999998,54.2689419],[63.78349189999996,54.26623730000004],[63.7707742,54.26653780000004],[63.766841200000016,54.26488489999996],[63.76629449999999,54.266335099999964],[63.7583091,54.26703150000003],[63.75764740000004,54.263740100000014],[63.75273090000003,54.260992200000025],[63.74013390000003,54.25991560000003],[63.739545800000045,54.261719],[63.73439989999997,54.26068850000003],[63.7323048,54.26305010000003],[63.72657080000003,54.25961510000003],[63.7264973,54.25834830000002],[63.730283199999974,54.257382100000015],[63.72532049999997,54.25697039999997],[63.714367700000025,54.25218580000004],[63.70955259999997,54.252142900000045],[63.7047376,54.254354599999985],[63.70457580000003,54.25115009999997],[63.702142,54.24997650000003],[63.68387249999998,54.24799610000004],[63.66380260000001,54.24272479999998],[63.66272510000003,54.244381700000034],[63.65993679999998,54.24412429999996],[63.6530345,54.24086050000001],[63.64499280000004,54.24261250000002],[63.6470383,54.23970880000002],[63.64357309999998,54.23705059999999],[63.62320749999998,54.228179900000015],[63.621921,54.2293401],[63.6119913,54.229072299999956],[63.59871950000004,54.222824899999964],[63.57902289999996,54.2177007],[63.57528849999997,54.21917930000004],[63.56623169999997,54.218044600000034],[63.56373230000003,54.21549989999998],[63.55455789999996,54.21610170000004],[63.5499413,54.21255959999998],[63.53850280000001,54.20942990000002],[63.53165139999996,54.212250100000034],[63.530328199999985,54.21537959999998],[63.5265937,54.216067300000034],[63.51986919999996,54.21120680000004],[63.521269299999986,54.20845980000004],[63.51916160000003,54.20867990000004],[63.51603,54.206000899999985],[63.5094809,54.206111],[63.50815650000003,54.211407],[63.502746,54.21216359999998],[63.50057,54.21524150000001],[63.49783970000004,54.215925899999974],[63.4933984,54.21422019999997],[63.4927961,54.21570579999997],[63.4925515,54.213626],[63.49008620000004,54.2129657],[63.4927961,54.2125695],[63.49087659999998,54.20828829999997],[63.488129,54.2110838],[63.4864917,54.210533500000025],[63.487752599999965,54.20898169999997],[63.48566369999996,54.207583900000046],[63.48922920000001,54.206158100000025],[63.485277900000014,54.20656119999998],[63.481372600000014,54.204169599999986],[63.47255110000002,54.2027184],[63.4568291,54.19607110000004],[63.44453109999996,54.1990483],[63.44380029999998,54.19735849999998],[63.429183099999975,54.197168399999974],[63.42698080000001,54.1951711],[63.4249604,54.19633370000001],[63.426568900000035,54.1946387],[63.42461610000002,54.19412360000002],[63.42310790000002,54.196075499999964],[63.4141122,54.19581350000004],[63.411274,54.19469050000003],[63.4154496,54.193370100000024],[63.4066387,54.18966409999999],[63.39822420000002,54.18813590000002],[63.38453689999996,54.19165089999998],[63.380243900000025,54.19104979999998],[63.38013130000003,54.19465659999998],[63.37883640000001,54.19244150000002],[63.37616209999998,54.19271320000003],[63.376894,54.19050620000003],[63.373839700000026,54.1914203],[63.37127950000003,54.18858839999998],[63.36478239999998,54.18732340000003],[63.36594220000002,54.18991270000004],[63.362243,54.190465600000046],[63.362317,54.1880336],[63.356768500000015,54.18861990000001],[63.356830199999976,54.190613600000034],[63.354594700000014,54.188782300000035],[63.354163,54.191217900000034],[63.350031,54.19128110000002],[63.35243620000003,54.191912500000036],[63.35234370000002,54.19380680000001],[63.349631300000034,54.19314340000001],[63.346517,54.1950196],[63.3405195,54.19505560000004],[63.3422617,54.198032],[63.33944029999998,54.19650780000003],[63.337143,54.20078279999998],[63.327927100000025,54.202077],[63.317504800000016,54.1976216],[63.31416440000003,54.19861979999998],[63.31334110000003,54.1953996],[63.30628390000001,54.196707],[63.302778799999984,54.194917900000014],[63.29734469999996,54.196885899999955],[63.290828600000026,54.19504179999996],[63.286406100000036,54.196363],[63.28008269999998,54.1948909],[63.2777943,54.19604469999999],[63.27933,54.19770050000003],[63.27050089999996,54.19254179999997],[63.26825,54.19365770000002],[63.26612339999997,54.19272180000003],[63.2648625,54.19440629999996],[63.26233490000003,54.19304610000004],[63.26517659999996,54.1921653],[63.2624032,54.19067],[63.259889,54.192836800000045],[63.254905600000036,54.191075200000036],[63.2540776,54.19209690000002],[63.249395400000026,54.19171820000004],[63.25025349999997,54.19368240000002],[63.246444500000024,54.19504770000001],[63.24635420000001,54.19669470000004],[63.24499919999999,54.1948275],[63.24173220000004,54.1944487],[63.2427559,54.19622789999996],[63.24009019999998,54.195299200000036],[63.23804360000002,54.197047],[63.2386552,54.19491390000004],[63.23188479999999,54.19430779999998],[63.230891200000016,54.1950476],[63.2339213,54.195895900000025],[63.23130540000001,54.198373],[63.2258855,54.194839],[63.22430470000003,54.197624400000045],[63.21988219999996,54.1939472],[63.2199386,54.19218549999998],[63.22217810000003,54.193033300000046],[63.22529530000002,54.1910448],[63.2209594,54.19139720000003],[63.22311229999997,54.18913330000004],[63.21526849999996,54.187776699999965],[63.214696399999966,54.188825],[63.205843300000026,54.185802699999975],[63.20049159999998,54.186250100000045],[63.20054920000004,54.18885359999999],[63.1976699,54.185935500000035],[63.18639719999998,54.186100700000026],[63.181547399999985,54.192087],[63.18010210000004,54.19046620000001],[63.177512600000014,54.19255909999998],[63.1761395,54.19117089999996],[63.170599099999976,54.193630199999966],[63.166600399999965,54.191072199999965],[63.15936180000003,54.19064240000002],[63.1508457,54.18210139999997],[63.15253120000001,54.17930130000001],[63.1561068,54.1797143],[63.15441310000002,54.1784477],[63.1569302,54.176836800000025],[63.15302520000003,54.172843800000045],[63.150318100000035,54.163048],[63.1531881,54.16432890000002],[63.1551171,54.1621528],[63.1578458,54.1626486],[63.16057460000001,54.1601281],[63.15975130000001,54.15792419999998],[63.16245660000003,54.15712529999996],[63.16375039999997,54.15825479999998],[63.16492660000003,54.15368140000003],[63.169066800000024,54.153006400000045],[63.1666909,54.1506506],[63.1622448,54.150691900000034],[63.164362,54.14728890000002],[63.16212720000004,54.145401199999974],[63.15906909999997,54.146241699999976],[63.15608150000004,54.143045],[63.160315900000015,54.141391400000025],[63.16046019999996,54.13930680000003],[63.15704090000002,54.14197010000004],[63.154011,54.14075739999997],[63.156626899999964,54.138343],[63.1547638,54.136568],[63.15820770000002,54.13662310000002],[63.15551660000002,54.1341313],[63.15878,54.132185600000035],[63.1556043,54.12661679999997],[63.149135200000046,54.12217770000003],[63.14574769999998,54.123845900000035],[63.14339530000003,54.1219433],[63.13906690000001,54.1234323],[63.13713790000001,54.1220399],[63.13339759999998,54.1236254],[63.13297410000002,54.1213229],[63.13024540000002,54.12237070000001],[63.126837699999975,54.1212692],[63.1266307,54.11841249999998],[63.12266920000004,54.12172140000002],[63.122104699999966,54.117599],[63.11615310000002,54.11951550000003],[63.1101309,54.11555829999999],[63.10754329999996,54.11711640000003],[63.10460280000002,54.115585899999964],[63.10201509999997,54.11612369999996],[63.099333400000035,54.11151810000001],[63.093640600000015,54.1121662],[63.0930995,54.11048379999996],[63.08879610000001,54.1098305],[63.0930598,54.108042],[63.0812978,54.104357],[63.0719029,54.1052811],[63.06891529999997,54.10286740000003],[63.04991490000004,54.10075930000004],[63.042446,54.10138],[63.0386657,54.10358980000003],[63.03349779999998,54.10292679999997],[63.01535749999997,54.10807289999997],[63.01228619999996,54.107278499999964],[63.01210340000002,54.10872769999997],[63.009280500000045,54.10813470000002],[63.01111539999999,54.10537629999996],[63.003540700000045,54.108796599999984],[63.002717300000036,54.10683829999996],[62.997970600000045,54.1067025],[62.99655919999997,54.10536469999998],[62.99460669999998,54.10530950000003],[62.9943761,54.106989400000025],[62.9875448,54.105213],[62.98595750000004,54.108252800000024],[62.980405799999964,54.1085176],[62.980688099999966,54.11052550000004],[62.97807219999997,54.1114964],[62.97513079999996,54.111469],[62.9689944,54.1079497],[62.96246150000002,54.10738970000002],[62.95686089999998,54.10842260000004],[62.95534409999998,54.1106388],[62.95170370000004,54.110317399999964],[62.9538856,54.111610099999986],[62.9526254,54.11318320000002],[62.942542600000024,54.11267880000003],[62.9374896,54.116307399999975],[62.93397489999998,54.115823800000015],[62.93217630000002,54.11696510000004],[62.929140099999984,54.11297050000001],[62.92471780000001,54.11389910000002],[62.926318400000014,54.11602690000004],[62.920378100000036,54.1147212],[62.92315019999998,54.11884140000003],[62.91808439999997,54.11782590000003],[62.915609299999986,54.11919919999997],[62.911863599999954,54.11627839999997],[62.911286,54.11766150000001],[62.908183800000046,54.11779690000002],[62.90480110000002,54.115369199999975],[62.90577470000002,54.1176808],[62.90260649999998,54.117719500000014],[62.898019200000036,54.11602690000004],[62.90166589999996,54.11586250000002],[62.8995538,54.11252549999996],[62.8919634,54.1173597],[62.886495899999964,54.11851769999998],[62.8759744,54.11843690000004],[62.87312580000003,54.113589299999965],[62.85902060000003,54.117709800000014],[62.85465580000002,54.11477430000004],[62.84300470000003,54.116137],[62.84042029999998,54.1138226],[62.83596940000004,54.1131914],[62.823478,54.11533750000002],[62.82139610000003,54.113023],[62.8140017,54.111213500000034],[62.80606180000002,54.11180739999997],[62.80778929999997,54.10835969999999],[62.8035024,54.10691259999998],[62.80249160000004,54.103707],[62.796279799999965,54.10280190000003],[62.7983014,54.10043549999999],[62.793773,54.10072859999999],[62.7940377,54.098762899999976],[62.78924459999999,54.0969179],[62.78839190000004,54.098694],[62.7863335,54.09846979999997],[62.78659819999996,54.0966593],[62.7837165,54.09588330000001],[62.784187,54.097262800000024],[62.781217099999964,54.0974697],[62.777982500000036,54.09459],[62.776718099999954,54.0960902],[62.7717486,54.095779799999974],[62.77157219999997,54.0944693],[62.76527949999996,54.092434300000015],[62.760692300000024,54.09307239999996],[62.762780100000015,54.09443479999998],[62.75192389999999,54.09491310000003],[62.74159680000004,54.09116050000004],[62.7389621,54.0917675],[62.73893860000001,54.094030099999976],[62.7361627,54.09194690000001],[62.7329164,54.093423100000024],[62.72529459999997,54.09052580000002],[62.72543580000002,54.09287130000002],[62.728658600000045,54.09340930000004],[62.7216249,54.094264700000025],[62.71866089999999,54.091671],[62.7080842,54.09623570000004],[62.695407,54.09578890000002],[62.68639980000003,54.0927605],[62.67804879999998,54.0923052],[62.67555519999998,54.090622],[62.671885500000016,54.09169820000004],[62.66896849999998,54.090497900000024],[62.662075899999984,54.092374200000016],[62.66304040000003,54.08895259999997],[62.65882959999997,54.087779800000014],[62.65704349999998,54.0851615],[62.64537909999996,54.08084059999998],[62.645349,54.08293379999998],[62.6432262,54.081132],[62.64038080000002,54.08383459999999],[62.63681639999997,54.08171989999999],[62.6385515,54.08091620000002],[62.63109709999998,54.07688609999999],[62.6294882,54.078248800000026],[62.6276514,54.076579400000014],[62.62441450000004,54.07816930000002],[62.62451989999997,54.07656169999997],[62.615192799999974,54.07216230000002],[62.5947674,54.0738762],[62.59672460000002,54.07181790000004],[62.59261450000004,54.070448599999985],[62.59335759999997,54.06572390000004],[62.5872361,54.0640929],[62.591922,54.062327],[62.58564389999998,54.05987049999996],[62.58314469999996,54.06104570000003],[62.579162,54.05817540000004],[62.575097099999965,54.0591474],[62.568692,54.0466654],[62.57709819999998,54.038060900000026],[62.580955,54.005843],[62.583694,54.006085],[62.588362,54.003664],[62.595045,53.995508],[62.594407,53.98974],[62.598043,53.98820819999999],[62.59113840000003,53.988432299999964],[62.58739210000003,53.986753299999954],[62.58457,53.97188389999996],[62.57837720000003,53.97018850000001],[62.584708400000025,53.9650282],[62.584194799999985,53.9636683],[62.578373,53.96345],[62.57794919999996,53.957450199999954],[62.570482,53.95618770000004],[62.56700710000002,53.95024940000004],[62.56262139999997,53.94868239999997],[62.56245189999997,53.94124090000003],[62.560074,53.9381564],[62.552059,53.93265029999996],[62.53959570000004,53.930502100000034],[62.526184700000016,53.923704],[62.52388020000003,53.91829309999998],[62.5166073,53.91353129999998],[62.51058420000001,53.913221],[62.474798,53.93145],[62.463959,53.926894],[62.445827,53.927128],[62.394684,54.003391],[62.456713,54.013784],[62.493913,54.032485],[62.419255,54.047207],[62.40273529999999,54.04662160000002],[62.39636030000001,54.048555200000045],[62.39412550000002,54.04721550000004],[62.389397199999955,54.0477956],[62.3717158,54.0401689],[62.36843370000004,54.041696500000015],[62.36802650000001,54.03904659999996],[62.364817299999956,54.038090099999955],[62.362386099999966,54.03956060000004],[62.356599800000026,54.037062099999986],[62.352865599999966,54.03722719999997],[62.351665599999976,54.0399744],[62.345225500000026,54.0376559],[62.349208399999966,54.03447640000001],[62.339218,54.032274],[62.33218259999999,54.03203780000003],[62.3297202,54.03366119999997],[62.322056499999974,54.032096900000035],[62.2958764,54.03283210000003],[62.2961589,54.03482330000002],[62.288941499999964,54.03580059999997],[62.282607700000014,54.0345396],[62.2811316,54.03695110000004],[62.275415,54.03375149999998],[62.260144,54.033877600000025],[62.25539370000003,54.0372191],[62.2516095,54.03569019999998],[62.228100499999975,54.033745899999964],[62.2254654,54.036169],[62.2274417,54.03912140000002],[62.21742159999996,54.0393454],[62.211146,54.03773690000004],[62.2057719,54.03120050000003],[62.204593,54.03368479999997],[62.201646,54.03168919999997],[62.190153,54.030614],[62.18885629999998,54.03360739999996],[62.17545920000004,54.0285733],[62.1726022,54.0319783],[62.16824750000002,54.03173390000002],[62.16625039999998,54.033754],[62.1689687,54.035822800000034],[62.165446,54.03738660000001],[62.162783199999986,54.03520379999998],[62.158927700000014,54.03595309999998],[62.154168,54.0331603],[62.1526425,54.03529839999999],[62.14446,54.03493190000004],[62.14341980000003,54.037395600000046],[62.1397793,54.036051799999974],[62.13020110000002,54.03770340000003],[62.131948,54.04146470000002],[62.12200420000002,54.042280099999985],[62.11918240000004,54.04114910000002],[62.1141657,54.044089500000034],[62.110474899999986,54.042700899999986],[62.108219,54.0460191],[62.098923499999984,54.0426486],[62.0898132,54.043127],[62.087369,54.045562400000044],[62.08910960000004,54.04773680000001],[62.08488770000004,54.04732370000003],[62.08399890000004,54.05028059999999],[62.080517700000044,54.04860650000003],[62.07511079999996,54.05099810000002],[62.0722592,54.049128300000035],[62.0749298,54.04673369999997],[62.07107819999999,54.046951200000024],[62.074078,54.045016],[62.06926360000004,54.04010140000002],[62.06156059999996,54.040710400000044],[62.06022739999996,54.0380789],[62.05289469999997,54.03766570000001],[62.0502653,54.040862600000025],[62.040118,54.03816590000001],[62.040895699999965,54.035382099999985],[62.038118200000014,54.03442510000003],[62.013289799999974,54.0398533],[62.006056,54.037808],[62.015746,54.008794],[62.044192,53.948493],[61.931958,53.950236],[61.926775,53.955013],[61.857450299999975,53.962056699999984],[61.85632539999998,53.963905],[61.859854200000015,53.96475429999998],[61.86169880000004,53.9693306],[61.870168,53.97257610000003],[61.8710663,53.97645350000004],[61.876203499999974,53.9799332],[61.8736866,53.9832672],[61.88386149999997,53.9935854],[61.88600849999998,53.997602700000044],[61.88451260000002,54.00018569999998],[61.89021370000002,54.00277760000003],[61.89296989999998,54.0090828],[61.88953840000001,54.01266879999997],[61.871806100000015,54.0163811],[61.86429049999999,54.01604689999997],[61.859326,54.01306279999998],[61.85814990000004,54.0088154],[61.850260299999974,54.008441],[61.844308199999986,54.01333170000002],[61.84870660000003,54.0196155],[61.84757950000003,54.02173150000002],[61.85272340000002,54.02505170000003],[61.852452900000024,54.02913740000004],[61.84591450000002,54.0317174],[61.825791,54.023964200000016],[61.818658,54.019153],[61.78220310000003,53.98456249999997],[61.746092,54.000387],[61.741014,54.016135],[61.72578,54.029901],[61.71278380000002,54.02219220000004],[61.70064550000004,54.01885819999996],[61.667225700000046,54.017067599999955],[61.66551140000004,54.0195049],[61.6667528,54.02700760000003],[61.6601845,54.0298164],[61.65346009999998,54.023245],[61.643487,54.0189167],[61.6401807,54.01576220000004],[61.637884700000015,54.01023959999998],[61.6320697,54.00762940000001],[61.63021019999998,54.00001550000002],[61.613854899999964,53.99046940000003],[61.61714719999997,53.982115600000014],[61.614348699999965,53.97909979999997],[61.61615950000005,53.97778919999998],[61.611794,53.968468],[61.571867,53.968503],[61.569781,54.007875],[61.5412652,54.00798309999997],[61.550961,54.012144],[61.479997,54.029973],[61.483358,54.050542],[61.473557,54.070265],[61.480712,54.075222],[61.48056539999997,54.08276529999998],[61.46913009999999,54.0819926],[61.462154100000014,54.0834128],[61.45598840000003,54.0825445],[61.43709980000002,54.0837736],[61.43039659999997,54.08259850000003],[61.425137,54.08441],[61.41887610000005,54.08239389999998],[61.40708530000005,54.086560500000026],[61.400587,54.086863599999965],[61.3948571,54.08448169999998],[61.37930820000001,54.08469490000003],[61.36695789999999,54.08098920000002],[61.36062339999998,54.0747179],[61.3532962,54.07584320000003],[61.3488844,54.07477989999998],[61.3489959,54.07298780000003],[61.3389805,54.078618300000045],[61.333357,54.0791726],[61.31787209999999,54.077109199999974],[61.306114,54.07110649999998],[61.301609099999965,54.0706345],[61.293575,54.073881],[61.26595,54.041204],[61.245586,54.037656],[61.24246609999996,54.028481400000025],[61.2599521,54.014533399999976],[61.262417,54.01089090000004],[61.258078,54.00934],[61.27289,53.991389],[61.264148,53.968745],[61.279929,53.928864],[61.206505,53.918143],[61.171849,53.94252],[61.1805948,53.97222959999996],[61.099964,53.974558],[61.099685,53.970592],[61.080065,53.970516],[61.08762609999997,53.96377360000002],[61.088259,53.956206],[61.079879,53.944631],[61.064565,53.944933],[61.055646,53.958689],[61.036984,53.958573],[61.028433,53.95528],[60.997263,53.936025],[60.99537540000003,53.90661609999998],[61.036519,53.908496],[61.057469,53.894133],[61.135364,53.904236],[61.179691,53.85239],[61.207586,53.847051],[61.210435,53.838299],[61.236729,53.841731],[61.227187,53.79567],[61.196177,53.77986],[61.169578,53.772482],[61.115178,53.721553],[61.05841,53.721431],[61.04228,53.652973],[60.998452,53.650746],[60.995302,53.672938],[60.8963394,53.66761120000001],[60.900425,53.627799],[61.090162,53.61503],[61.12091,53.615491],[61.126742,53.589669],[61.16278,53.577608],[61.162143,53.574761],[61.18825269999998,53.572337599999976],[61.198996500000035,53.56688669999998],[61.2084671,53.56623509999998],[61.215551699999985,53.56364440000003],[61.22730770000004,53.56445280000004],[61.22934950000004,53.56764979999997],[61.23300010000003,53.5654818],[61.2418171,53.5640486],[61.257858200000044,53.56540250000001],[61.264277599999964,53.56390960000004],[61.27216649999997,53.567125],[61.2799441,53.56368449999997],[61.28756849999998,53.565161599999975],[61.292064099999976,53.5620896],[61.2971396,53.562836100000034],[61.306881899999965,53.55988620000003],[61.317975700000034,53.561842],[61.33077120000003,53.55851960000002],[61.340077,53.5579021],[61.34636339999996,53.56001910000001],[61.349509200000014,53.558714199999955],[61.3576544,53.56140720000002],[61.390904,53.601883],[61.507042,53.595817],[61.510439,53.589889],[61.552763,53.592662],[61.564171,53.538752],[61.580941,53.540504],[61.592324,53.525999],[61.558509,53.507356],[61.560795,53.505065],[61.568309,53.504459],[61.566022,53.49725],[61.55546,53.497856],[61.556113,53.502235],[61.5487,53.5071],[61.531282,53.504818],[61.515739,53.492688],[61.517503,53.473471],[61.505423,53.473022],[61.489895,53.47585],[61.464796,53.461646],[61.454254,53.468346],[61.426341,53.46239],[61.427517,53.455752],[61.366321,53.467363],[61.367455,53.48021],[61.357697,53.493278],[61.313847,53.506999],[61.324282599999975,53.51703],[61.323913,53.5193674],[61.29885190000001,53.511891200000036],[61.2948231,53.512373],[61.2929619,53.51510710000002],[61.28772450000001,53.51222190000004],[61.282685399999984,53.51242460000003],[61.271013,53.508282],[61.258651599999965,53.50803730000002],[61.241934,53.491914],[61.229117,53.48413],[61.220976,53.45522],[61.221847,53.443194],[61.216671,53.437222],[61.2157,53.4314],[61.203215,53.428994],[61.203843,53.424877],[61.154711,53.405554],[61.169066,53.356881],[61.177053,53.310963],[61.225143,53.282833],[61.288519,53.285663],[61.34094,53.284915],[61.400363,53.273691],[61.456472,53.238647],[61.526708,53.215251],[61.630162,53.223282],[61.638342,53.250086],[61.663598,53.265264],[61.673097,53.265905],[61.701827,53.249818],[61.719827,53.244738],[61.731507,53.239049],[61.749954,53.206602],[61.783362,53.184299],[61.915054,53.141813],[62.025112,53.14246],[62.118862,53.111967],[62.147035,53.0683],[62.130271,52.989365],[62.030006,52.950947],[61.960691,52.950035],[61.84972410000002,53.0039684],[61.84125949999998,52.99517239999998],[61.83417830000001,52.992863],[61.817964900000014,52.99381109999997],[61.81571610000002,52.9972853],[61.811596200000025,52.9981118],[61.8043865,52.9964587],[61.79636219999997,52.9976931],[61.7559363,52.9962237],[61.73513860000003,52.9914811],[61.716556100000034,52.99144480000002],[61.70962939999997,52.992532500000046],[61.701773,52.998212],[61.673195,52.968535],[61.657601,52.967221],[61.63213,52.953933],[61.557147,53.0121159],[61.54792440000004,53.01216],[61.53405970000004,53.016181400000015],[61.52393169999996,53.01514870000001],[61.493204299999974,53.0304302],[61.469686700000025,53.036211],[61.389092,52.991961],[61.30592,52.996219],[61.250433,53.035909],[61.2314207,53.02506169999999],[61.2132246,53.02454539999999],[61.20035,53.0196924],[61.19211030000004,53.011017599999974],[61.18421380000002,53.00957159999997],[61.16567440000004,53.00089479999996],[61.15760630000004,53.00141129999998],[61.14370170000002,52.99872529999996],[61.120773199999974,52.98666419999998],[61.11225309999996,52.969205100000025],[61.09218670000002,52.967098],[61.08154580000004,52.97469179999996],[61.064670299999975,52.97624429999998],[61.060638900000015,52.97912329999998],[61.04929480000003,52.980816700000034],[61.026794200000026,52.97723220000001],[61.007962,52.978279],[61.029102,52.950881],[61.076665,52.92817],[61.0733206,52.923242],[61.0693724,52.92158609999997],[61.06439420000004,52.9216896],[61.06250590000003,52.91951620000004],[61.0468847,52.91703210000003],[61.04448150000003,52.91547939999999],[61.0451681,52.912374],[61.041906500000046,52.9114423],[61.0372717,52.90378120000001],[61.0147841,52.89446170000003],[61.01169410000004,52.89518659999997],[60.999849500000025,52.888869100000036],[60.9842283,52.88524380000001],[60.97787690000002,52.87768160000004],[60.9782202,52.8743663],[60.973757,52.86763119999998],[60.96586060000001,52.866491299999986],[60.960195699999986,52.85788930000004],[60.94096970000004,52.847938],[60.9255201,52.84607179999996],[60.90989889999997,52.83995449999998],[60.902345800000035,52.8344585],[60.8973677,52.83321409999997],[60.890875800000025,52.83408359999997],[60.887919,52.830686],[60.87222,52.832784],[60.885258,52.821674],[60.834147,52.774146],[60.823079,52.775306],[60.733815,52.761],[60.712215,52.764534],[60.714894,52.662614],[60.744358,52.651466],[60.744251,52.631788],[60.7492045,52.62908739999996],[60.76146170000004,52.62669240000004],[60.77884,52.63041229999998],[60.78966990000005,52.63046320000002],[60.79924060000003,52.628679799999986],[60.8055371,52.6315333],[60.817095799999976,52.631199],[60.83316380000002,52.63904030000004],[60.8360821,52.63747769999998],[60.8400303,52.6382069],[60.843412,52.641105300000014],[60.84144,52.521735],[60.98097,52.507692],[60.991177,52.423632],[61.067349,52.347597],[61.03448860000002,52.33075459999996],[61.01970720000002,52.32957509999998],[61.01065470000002,52.32607],[61.00559409999998,52.3145911],[60.98847330000005,52.30621259999999],[60.986321299999986,52.29854110000003],[60.97895209999999,52.288324199999956],[60.97305649999997,52.283731],[60.9641763,52.280100500000046],[60.96330940000004,52.277081],[60.944255,52.26636660000003],[60.9301788,52.26289969999998],[60.92777550000001,52.26395030000004],[60.89670480000004,52.2514463],[60.87456050000003,52.24829339999999],[60.861246,52.241389300000016],[60.849841299999966,52.23925410000001],[60.8450347,52.23399780000004],[60.836795,52.23010769999996],[60.827182,52.2293717],[60.825122,52.228004899999966],[60.79817120000001,52.227374],[60.78924480000005,52.22968719999999],[60.780488300000016,52.22906349999998],[60.77004570000001,52.2056464],[60.7634579,52.201784],[60.7583998,52.1939832],[60.74419659999998,52.18315279999997],[60.74251249999999,52.1794787],[60.7273522,52.17042150000004],[60.7243208,52.1622553],[60.716655,52.156056],[60.510395,52.156918],[60.411924,52.101862],[60.340247,52.054854],[60.261571,52.016318],[60.198105,51.990784],[60.001687,51.993295],[60.003386,51.971174],[59.993452,51.964978],[60.001855,51.954618],[60.009622,51.940114],[60.030312,51.935845],[60.032716,51.913518],[60.074519,51.888273],[60.059702,51.869999],[60.144215,51.870322],[60.143237,51.859158],[60.156951,51.857665],[60.159401,51.872768],[60.15559,51.873105],[60.16176,51.892194],[60.148375,51.893833],[60.144722,51.900406],[60.144722,51.906717],[60.320541,51.831509],[60.428865,51.79832],[60.518456,51.797917],[60.518878,51.77330239999998],[60.50999660000002,51.77380269999998],[60.5027205,51.77115639999996],[60.4976237,51.77187420000002],[60.48071759999997,51.766472],[60.475454,51.768501700000044],[60.477038600000036,51.76317090000004],[60.47110650000002,51.75912109999998],[60.46629970000003,51.75943960000004],[60.45660569999997,51.74867170000004],[60.4556572,51.742381],[60.451606,51.73845880000003],[60.45377629999999,51.73478520000001],[60.44871230000003,51.7341281],[60.435047599999976,51.72297579999998],[60.43183230000004,51.7223684],[60.430301,51.71833859999999],[60.41816,51.714930199999976],[60.41654750000004,51.711776200000045],[60.412374,51.7124423],[60.40608220000003,51.710914199999955],[60.399821900000035,51.706212100000016],[60.395047699999985,51.707662],[60.39002049999996,51.70535],[60.38553090000002,51.70051020000004],[60.38211620000001,51.700216299999965],[60.3750655,51.6954151],[60.371556,51.695826600000025],[60.353249499999976,51.68900610000004],[60.36185739999996,51.6771427],[60.3778567,51.675666300000046],[60.38591640000003,51.671909100000036],[60.39302590000003,51.66699370000003],[60.394847899999974,51.66359630000004],[60.39708360000004,51.66381129999997],[60.398504099999975,51.6580975],[60.41120280000004,51.653423399999966],[60.41554,51.64700089999996],[60.422119,51.6474006],[60.526161,51.638128],[60.538034,51.618012],[60.935626499999984,51.61526410000003],[60.93008130000001,51.60630759999998],[60.93544240000003,51.6042147],[60.9346766,51.6016459],[60.9240053,51.592892],[60.9202269,51.587531],[60.921350200000035,51.58185209999997],[60.91547840000004,51.578330199999975],[60.913526900000036,51.57200690000001],[60.9091982,51.56773109999999],[60.9106078,51.55324760000004],[60.917112,51.547202],[60.91702659999997,51.54164069999998],[60.921061,51.54075],[60.925504,51.533764],[60.931697,51.53024450000003],[60.9324407,51.5262068],[60.94346430000003,51.52165470000003],[60.9437033,51.51722250000004],[60.9470974,51.5146641],[60.94551990000002,51.50883279999998],[60.94767110000002,51.507851],[60.94700179999998,51.506155],[60.95273829999998,51.503387700000026],[60.95163880000004,51.498358500000016],[60.9545549,51.49451929999997],[60.9516866,51.49094770000004],[60.95775779999998,51.49044170000001],[60.96358989999999,51.49234659999997],[60.9631597,51.489102200000026],[60.96731870000004,51.487316200000045],[60.972720599999974,51.48898310000003],[60.9731986,51.49160250000004],[60.9795566,51.49097740000001],[60.983142,51.48856640000001],[60.9909341,51.48797109999996],[60.994376,51.48430959999997],[60.9925594,51.478414900000026],[60.99493129999997,51.47388620000004],[60.99824389999996,51.4736335],[60.99919040000003,51.467527199999964],[61.00879040000004,51.46836950000002],[61.00818270000003,51.46671369999998],[61.01294130000002,51.467138200000015],[61.01378050000001,51.464089700000024],[61.02014569999997,51.461572],[61.0231152,51.46218330000003],[61.02193150000003,51.46626790000004],[61.024992199999964,51.46540570000002],[61.02867849999997,51.4665829],[61.03744830000004,51.46348220000003],[61.04298429999996,51.46498290000003],[61.05731680000003,51.46417040000004],[61.062546700000034,51.4663093],[61.06435660000004,51.46402110000003],[61.069786200000046,51.463689500000044],[61.08738850000003,51.46805539999997],[61.09260169999999,51.46673060000004],[61.09264869999997,51.46423910000004],[61.09969760000001,51.46111019999997],[61.10205959999996,51.45762750000002],[61.10094920000002,51.45423249999996],[61.10756439999997,51.44777020000004],[61.11034420000003,51.448954599999986],[61.110823299999964,51.452678199999966],[61.124197599999974,51.454701599999964],[61.131290600000035,51.458118],[61.13368990000005,51.45712850000004],[61.131995900000035,51.454137],[61.135576,51.45447890000001],[61.13901940000003,51.4523459],[61.142617799999954,51.45289590000004],[61.14226860000002,51.45478160000001],[61.14568269999997,51.45609910000004],[61.1488058,51.4541107],[61.14723460000003,51.451584299999965],[61.149475,51.450859],[61.1552796,51.4568017],[61.16340739999996,51.454517199999984],[61.1799347,51.4543359],[61.1875776,51.457249],[61.197587,51.45795],[61.2029797,51.461068299999965],[61.2171986,51.44915],[61.23532390000001,51.45141110000002],[61.23816579999996,51.448805900000025],[61.251036499999955,51.44479819999999],[61.252724099999966,51.44068730000002],[61.256662,51.44088070000004],[61.26164730000002,51.44368579999996],[61.26666169999996,51.44285160000004],[61.2776993,51.4373379],[61.29289010000002,51.439623600000026],[61.302683699999974,51.438358200000046],[61.31906129999997,51.443761700000024],[61.3252887,51.4414362],[61.336124799999965,51.441316500000035],[61.34180339999996,51.438495],[61.35081040000003,51.439762299999956],[61.359912200000025,51.43429830000004],[61.360406,51.431467799999965],[61.36559950000004,51.429247099999984],[61.3667842,51.42667870000002],[61.373807100000036,51.425541199999955],[61.38084370000004,51.42758519999997],[61.38838790000004,51.42769640000002],[61.3900339,51.4272602],[61.39088430000001,51.4198276],[61.3982995,51.42000649999996],[61.40483410000003,51.41667970000003],[61.412052,51.4193479],[61.419346200000035,51.41956239999998],[61.421698100000036,51.423066900000045],[61.430950399999965,51.42096519999997],[61.431654200000025,51.41772090000003],[61.44784720000002,51.40954689999997],[61.4556273,51.40873060000002],[61.461984500000014,51.40984930000003],[61.4676641,51.4072265],[61.47570860000002,51.41091930000001],[61.49595430000005,51.40852919999996],[61.500527,51.409259],[61.505234,51.406996],[61.549005,51.323379],[61.689558,51.255677],[61.567968,51.237725],[61.5122,51.0362],[61.48610640000004,50.95943449999998],[61.449163,50.8063336],[60.80864740000004,50.6562994],[60.784921299999986,50.66079],[60.741191,50.665172],[60.69879330000002,50.66607260000004],[60.56045459999996,50.66103],[60.490139,50.66490259999996],[60.4632863,50.66438280000003],[60.325545699999964,50.66999790000002],[60.18284219999998,50.778362],[60.21695280000003,50.812537799999966],[60.188021300000045,50.839281400000026],[60.16282810000001,50.840260899999976],[60.1629246,50.8361156],[60.1572331,50.83562569999997],[60.1571773,50.8401484],[60.146924100000035,50.839944299999985],[60.13519750000002,50.83143369999996],[60.06733859999997,50.821844],[60.01534560000003,50.82191310000004],[59.9727453,50.7686995],[59.9975098,50.674848099999956],[59.96091080000002,50.6609442],[59.90619920000003,50.63386970000001],[59.862003,50.598881],[59.814103,50.5361125],[59.7759548,50.5410653],[59.61422890000004,50.53065789999997],[59.5099349,50.49475690000003],[59.516941500000016,50.52807409999998],[59.4570812,50.543730299999964],[59.4675765,50.568777],[59.46303439999997,50.572698100000025],[59.46283359999997,50.584026],[59.56870619999998,50.57337709999998],[59.566196900000016,50.57656040000003],[59.569327599999966,50.581354],[59.56752730000005,50.58639779999996],[59.55894209999998,50.58756670000004],[59.5441813,50.603397199999975],[59.536806399999975,50.60836509999997],[59.49983180000002,50.611880100000015],[59.47817,50.6417692],[59.4624871,50.6424508],[59.460346,50.64428550000002],[59.45184860000003,50.64568],[59.4169493,50.6367646],[59.41025770000003,50.63935410000002],[59.3934545,50.640066099999956],[59.29831260000002,50.6525777],[59.2783753,50.63333330000004],[59.23541150000001,50.664426],[59.206110700000025,50.667622700000045],[59.192881700000044,50.67291809999996],[59.16166,50.66803370000004],[59.11768420000004,50.6843938],[59.08869779999996,50.67710740000002],[59.04188130000004,50.68997309999996],[59.0308683,50.68820390000004],[58.98163829999997,50.69232920000004],[58.91376709999997,50.695507600000035],[58.87463530000005,50.69974440000002],[58.879759,50.7073441],[58.86996130000003,50.70833339999996],[58.85966,50.72052540000003],[58.85184939999998,50.7217209],[58.854231199999965,50.72357920000001],[58.84650640000004,50.727331],[58.8489427,50.737662200000045],[58.84683160000003,50.75398280000003],[58.82794039999998,50.76778510000002],[58.81657589999999,50.770904500000015],[58.805115,50.78008270000003],[58.77432430000004,50.815508099999974],[58.65696810000004,50.8087994],[58.663228,50.841577],[58.68613529999999,50.8476851],[58.6974443,50.84706390000002],[58.68908780000003,50.8857572],[58.636819,50.88005359999996],[58.59203409999997,50.868707100000044],[58.57861110000002,50.93983],[58.604954700000015,50.946667699999956],[58.59477340000005,50.97105229999996],[58.6370453,50.985422],[58.60783859999998,51.0252213],[58.613624299999955,51.03085090000003],[58.614648100000025,51.04729380000001],[58.59484840000003,51.042137499999974],[58.58907310000002,51.0500116],[58.52168390000003,51.08353240000001],[58.38367440000002,51.07483809999997],[58.379155300000036,51.07768650000002],[58.37363360000005,51.1112938],[58.3600711,51.11174060000001],[58.361724,51.1132927],[58.3576913,51.123316399999986],[58.34344939999997,51.12778929999997],[58.33628749999998,51.13748770000004],[58.34237990000003,51.146812099999984],[58.3305983,51.15475180000002],[58.32999919999999,51.16129240000002],[58.325114899999974,51.161961],[58.32447509999997,51.16376949999999],[58.31402939999998,51.159105900000036],[58.31695449999998,51.15305849999998],[58.314722899999985,51.151120400000025],[58.309229700000046,51.1534892],[58.30720270000002,51.15786580000001],[58.30414819999997,51.15686589999997],[58.30304989999996,51.15305849999998],[58.292634,51.15210480000003],[58.2901753,51.15898020000002],[58.28794160000001,51.159609400000036],[58.284349200000044,51.156452699999974],[58.28505760000004,51.153233499999985],[58.2792369,51.14516729999996],[58.27337270000001,51.14821389999997],[58.27249419999997,51.1527355],[58.26685090000005,51.15377859999997],[58.26744090000001,51.1456487],[58.265381,51.1430371],[58.246570800000015,51.145366],[58.24231089999998,51.14317639999999],[58.23519179999998,51.1345728],[58.20301609999997,51.128184],[58.20349550000003,51.123957],[58.2089795,51.116973900000026],[58.21893580000001,51.1094303],[58.21601759999996,51.0967111],[58.20768420000003,51.08850370000002],[58.179110399999985,51.086468500000024],[58.1713398,51.08459330000004],[58.170699,51.077841399999954],[58.17756540000005,51.06748680000004],[58.174859100000035,51.064536299999986],[58.16848390000004,51.062342500000014],[58.163495,51.0627256],[58.15736480000001,51.06626170000001],[58.1513973,51.06499930000001],[58.13671,51.0669474],[58.1255313,51.071000499999975],[58.1026883,51.07008960000001],[58.094315600000016,51.0736094],[58.092768,51.0774125],[58.086413200000045,51.08280219999999],[58.08069959999999,51.0850448],[58.09052230000004,51.1049102],[58.09082280000003,51.11408459999998],[58.087970500000026,51.12121070000002],[58.07374249999998,51.12292710000001],[58.066200100000046,51.11988329999997],[58.056326,51.11160250000004],[58.03528110000002,51.109374399999986],[58.0204953,51.094986200000015],[58.00586970000003,51.0913717],[57.997836,51.094015900000024],[57.97621680000004,51.091699400000024],[57.948740800000046,51.08625280000003],[57.9417027,51.0890563],[57.934836200000035,51.094986200000015],[57.927009,51.10411019999999],[57.91904340000002,51.118051500000014],[57.906496199999964,51.11310459999998],[57.8869642,51.11029920000003],[57.88168559999997,51.101703499999985],[57.87636860000004,51.099401],[57.8690913,51.09896939999998],[57.851580499999955,51.10608910000003],[57.847915899999975,51.112379799999964],[57.84146180000002,51.111260100000045],[57.82924190000004,51.11317849999997],[57.82358910000004,51.12127850000003],[57.82102479999997,51.13022619999998],[57.8141154,51.134747100000034],[57.81141170000003,51.13916660000004],[57.77106820000003,51.138354299999975],[57.75397440000002,51.0550836],[57.7552613,50.96865869999998],[57.74946959999997,50.939132900000025],[57.76091530000002,50.9198329],[57.75693060000002,50.918991900000044],[57.74324860000003,50.9209836],[57.739196,50.922844],[57.73602440000005,50.9277476],[57.7286804,50.9276928],[57.7162681,50.926888100000035],[57.6864207,50.9163904],[57.6856702,50.927402],[57.5590535,50.93582470000004],[57.55789389999998,50.933352300000024],[57.54420089999998,50.927480400000015],[57.52681250000002,50.91605270000004],[57.5247211,50.908731600000024],[57.51846,50.90465719999997],[57.5227439,50.903691900000034],[57.524924400000025,50.9002402],[57.512916900000036,50.8860912],[57.51206860000001,50.8784568],[57.507027800000024,50.8759514],[57.48887460000002,50.87963949999998],[57.47265690000002,50.87834249999996],[57.46836530000003,50.88364950000004],[57.45265830000001,50.88559890000004],[57.4469935,50.8892267],[57.444332800000026,50.88808969999998],[57.43729459999997,50.89150070000004],[57.430514,50.89177139999996],[57.415150299999965,50.896589700000014],[57.41068709999998,50.9023818],[57.4062239,50.9034102],[57.4061381,50.90525050000003],[57.39326919999998,50.90794089999997],[57.385195400000036,50.9129898],[57.38219129999999,50.919862],[57.373264900000024,50.918617499999975],[57.3700034,50.921864],[57.3638236,50.92381179999996],[57.361162800000024,50.92662510000003],[57.339276,50.936254],[57.335928599999974,50.93906650000004],[57.32622970000004,50.94079719999998],[57.32442730000004,50.94290639999996],[57.32751719999999,50.9546406],[57.32382649999998,50.961885199999976],[57.324341500000045,50.96577729999996],[57.32065070000002,50.96739890000001],[57.32065070000002,50.9716689],[57.3175556,50.974404500000034],[57.314708100000026,50.9738052],[57.30751979999999,50.9775342],[57.314642700000036,50.9799376],[57.31442810000004,50.98865049999996],[57.307074,50.996657],[57.30443039999999,50.997226900000015],[57.301855500000016,50.9948501],[57.293083600000045,50.997035199999964],[57.29514350000004,51.00130239999998],[57.2879596,51.003349],[57.288683699999964,51.0052959],[57.2952665,51.006621399999986],[57.28828869999997,51.00956230000004],[57.293884100000014,51.01126040000003],[57.288486199999966,51.01374540000003],[57.288617800000026,51.017265499999965],[57.2857214,51.017514],[57.28526059999998,51.01904620000004],[57.28545809999998,51.0212409],[57.2903952,51.0252159],[57.28522450000001,51.02805069999998],[57.28347989999999,51.03190050000001],[57.28567760000002,51.03255120000003],[57.289175499999985,51.030585500000015],[57.2927944,51.03196449999998],[57.28942119999997,51.037838100000045],[57.28443360000003,51.0385332],[57.28691860000003,51.03650939999997],[57.28099630000003,51.032191400000016],[57.27412979999997,51.03097689999998],[57.27121339999998,51.032137],[57.267392899999976,51.0295183],[57.25181570000004,51.028344899999986],[57.24336139999996,51.02596970000002],[57.2366666,51.032002099999985],[57.23104469999997,51.031475800000045],[57.22995030000001,51.03393170000003],[57.21932880000004,51.03885670000003],[57.21951929999999,51.041824199999986],[57.23072680000004,51.0440077],[57.232507400000024,51.04834260000002],[57.2261318,51.056371599999984],[57.20556290000005,51.0731251],[57.196053,51.09261740000004],[57.18823930000002,51.10228350000001],[57.184863699999966,51.114933],[57.144793,51.09909890000004],[57.145399900000015,51.08756389999998],[57.056518400000044,51.0699251],[57.024791200000024,51.06774230000004],[56.984246299999974,51.06261379999999],[56.94314159999997,51.08756049999996],[56.8881298,51.06034319999997],[56.859276500000014,51.073543299999955],[56.81983360000002,51.085734],[56.80029419999998,51.089273799999965],[56.78474829999997,51.09380709999998],[56.74307740000001,51.08254229999998],[56.73414010000003,51.0781983],[56.72312669999996,51.078684],[56.71511730000002,51.076017],[56.704428,51.077521],[56.6996787,51.074955700000025],[56.709014,51.05448759999997],[56.72943390000002,51.01591409999997],[56.75180390000004,50.981518100000024],[56.74758610000003,50.98209130000002],[56.743403,50.979465199999986],[56.736943,50.98023789999997],[56.73528630000001,50.97857639999999],[56.72269,50.977392399999985],[56.72139380000002,50.97432229999998],[56.71614959999999,50.975543400000035],[56.71205219999999,50.97411010000001],[56.7056761,50.97479510000002],[56.70226739999996,50.97793429999997],[56.70340009999998,50.97971580000002],[56.69715,50.9837786],[56.68311340000002,50.98547820000003],[56.678068500000045,50.98817140000003],[56.66075760000001,50.98541050000003],[56.655159900000044,50.98589929999997],[56.653150799999985,50.98760929999997],[56.640130300000024,50.98706030000002],[56.6339416,50.98523279999998],[56.623235699999974,50.9880035],[56.61832190000001,50.98653120000003],[56.616262,50.989664899999966],[56.6204655,50.99231080000004],[56.6164765,50.99825440000003],[56.60692569999998,51.00054869999997],[56.605855,51.00326420000003],[56.60976030000003,51.00443889999997],[56.60821530000001,51.00668029999997],[56.6046963,51.0065723],[56.600855399999986,51.009016],[56.600061400000016,51.013039200000044],[56.59100629999997,51.016090099999964],[56.59104709999997,51.01805950000002],[56.586498,51.02039469999997],[56.58501739999996,51.02432239999997],[56.57471989999997,51.03217750000002],[56.5742672,51.03456529999997],[56.570879,51.03563190000002],[56.56903360000004,51.03348639999996],[56.5619955,51.03718359999998],[56.55907730000004,51.0363606],[56.55508610000003,51.03793919999997],[56.5559208,51.038883],[56.55036549999998,51.0418115],[56.544529,51.04257979999998],[56.5455782,51.0447249],[56.5376625,51.04487330000003],[56.53225519999997,51.060519800000016],[56.52461620000003,51.063513700000016],[56.5274057,51.06685789999996],[56.52716760000002,51.071887299999986],[56.51830769999996,51.0718198],[56.5172777,51.074839900000036],[56.513587,51.07489379999996],[56.51043060000004,51.07895169999998],[56.51066880000003,51.0830632],[56.5135142,51.086001400000015],[56.449091200000026,51.0573679],[56.45893839999997,51.002013600000026],[56.46021660000004,50.96499220000001],[56.43456029999997,50.963475799999955],[56.422723399999974,50.96665229999997],[56.376547799999976,50.9648053],[56.37125449999997,50.94788260000003],[56.39299370000003,50.94563590000003],[56.3624428,50.900808500000025],[56.29780149999998,50.9020255],[56.23912840000004,50.91569520000003],[56.18134039999997,50.9378649],[56.17499429999998,50.90310050000004],[56.15716959999998,50.879343],[56.13299060000002,50.83008750000004],[56.12430359999997,50.786782399999964],[56.13645370000003,50.75336880000003],[56.0920348,50.723209399999966],[56.053587699999966,50.69387070000004],[55.999498500000044,50.66859129999999],[55.98231020000003,50.6655578],[55.91455219999998,50.64085810000003],[55.902463400000016,50.620524],[55.8670963,50.626267800000036],[55.829796,50.622418400000036],[55.8137649,50.610753],[55.79492749999996,50.6065009],[55.7774833,50.58729930000003],[55.745803399999986,50.5790881],[55.7364763,50.566492],[55.736147,50.55022420000002],[55.707958,50.5490744],[55.71046070000004,50.55523210000003],[55.660772,50.56018869999998],[55.6184481,50.582150299999974],[55.61154459999999,50.598168499999986],[55.58127690000002,50.60486549999996],[55.56259670000002,50.60345089999998],[55.53486219999996,50.614056699999985],[55.5311626,50.64836060000004],[55.501270300000016,50.670095700000026],[55.405212,50.68113639999996],[55.39801769999998,50.66703960000003],[55.384687,50.65464149999996],[55.146671899999966,50.797133600000045],[55.0561406,50.81946890000004],[55.12966189999996,50.879465399999965],[55.12963739999998,50.88124250000001],[55.126554100000035,50.88001340000001],[55.12668539999998,50.8835063],[55.120461499999976,50.8865709],[55.12286479999996,50.88906160000002],[55.1261264,50.88949469999997],[55.12887289999996,50.89642460000003],[55.12318240000004,50.89859539999997],[55.11050519999997,50.89945610000004],[55.10910610000003,50.902601],[55.103982,50.90292039999997],[55.1036387,50.9055184],[55.1080762,50.9068228],[55.106557,50.90844109999997],[55.097973899999985,50.9075752],[55.094884,50.910389399999964],[55.099518900000014,50.91277059999999],[55.09211169999998,50.9169969],[55.0856143,50.916883300000016],[55.08664420000004,50.920562699999984],[55.077692099999986,50.92110919999999],[55.0752888,50.9239227],[55.068104799999965,50.922618800000016],[55.062955,50.92543220000001],[55.05557349999998,50.920129899999964],[55.0488787,50.922727],[55.0246745,50.9133118],[55.02261460000001,50.910173],[55.0113476,50.90487810000004],[54.9553455,50.907870700000025],[54.92430209999998,50.914134899999986],[54.89376869999997,50.9210352],[54.9044961,50.93782159999998],[54.887626499999975,50.94195730000004],[54.89704110000001,50.958137400000034],[54.84287050000002,50.97715619999998],[54.78505760000002,50.98495020000004],[54.744,51.018413800000026],[54.7492416,51.02275260000002],[54.7399208,51.022566800000014],[54.73450550000002,51.02450729999999],[54.73302860000003,51.03041090000004],[54.73779069999997,51.034287399999975],[54.723216,51.037343],[54.7245051,51.03108209999998],[54.7200008,51.02821020000003],[54.713601699999984,51.03099419999999],[54.71448489999996,51.03287049999998],[54.70889339999997,51.03432589999996],[54.70567829999996,51.03920929999999],[54.70188850000001,51.03828149999996],[54.70232340000002,51.035371],[54.69849140000004,51.0342373],[54.69653650000003,51.0366546],[54.6935272,51.03715180000001],[54.6931977,51.0399556],[54.69104509999997,51.037911499999986],[54.686037,51.03763520000004],[54.6870693,51.035010899999975],[54.702589700000026,51.03049650000002],[54.707494899999986,51.0261381],[54.6973864,51.02244289999997],[54.69702539999998,51.020523],[54.70158730000004,51.0173023],[54.692036799999954,51.015795],[54.6816001,51.017901],[54.67168849999996,51.0254982],[54.65905289999996,51.024115100000046],[54.65531150000002,51.02611739999998],[54.65445820000002,51.02997739999997],[54.65157,51.026798600000035],[54.6534736,51.022422300000045],[54.65189820000004,51.02128679999998],[54.638737500000026,51.0196146],[54.6224261,51.02233969999996],[54.611136100000046,51.01913979999997],[54.60388990000001,51.02041],[54.606862799999966,51.023456],[54.60252929999997,51.026578700000044],[54.6015763,51.0297952],[54.591044,51.02960140000003],[54.58377609999997,51.022283],[54.56834820000004,51.01867250000003],[54.56559770000001,51.01413410000004],[54.573511600000046,51.01258580000001],[54.577613100000036,51.01443880000003],[54.5917757,51.01074940000003],[54.58163119999996,51.00896039999998],[54.5720478,51.004582300000024],[54.553668799999954,51.008093],[54.54887709999997,51.005966],[54.54779670000002,51.000962500000014],[54.561581,50.99216839999998],[54.56074079999996,50.98478060000004],[54.58032760000001,50.97719330000003],[54.57901480000002,50.97310990000003],[54.57113810000004,50.97322560000001],[54.5678561,50.971704600000024],[54.5688276,50.96930719999999],[54.57413129999998,50.967455299999976],[54.57222770000004,50.9613949],[54.575150600000036,50.95050429999996],[54.58311540000002,50.94644940000001],[54.59333280000004,50.944878],[54.59421779999999,50.94237719999997],[54.58898840000003,50.935837400000025],[54.5847781,50.93798359999997],[54.5805678,50.9375611],[54.577751899999974,50.94286730000002],[54.5726566,50.9432728],[54.56927760000002,50.940484599999955],[54.574966099999955,50.9391348],[54.5713619,50.93836689999998],[54.567774800000024,50.93500320000002],[54.564325,50.93451639999997],[54.5588671,50.936441700000024],[54.5591417,50.93459210000002],[54.56693379999999,50.930027399999986],[54.5685367,50.92530839999998],[54.565576,50.92268489999998],[54.547919399999955,50.935530799999974],[54.54289919999999,50.93427340000003],[54.53689209999998,50.93573359999996],[54.531829,50.9348818],[54.52678730000004,50.93185319999998],[54.526529899999964,50.9300007],[54.5349751,50.928582399999975],[54.539146,50.924138900000024],[54.5446019,50.9257916],[54.547506800000015,50.92873990000004],[54.549801,50.928589700000046],[54.56691810000002,50.915138],[54.578924600000015,50.91825080000001],[54.58345619999997,50.916319399999985],[54.585934,50.91936220000004],[54.59288270000001,50.91984439999997],[54.59949149999998,50.923177100000025],[54.613668200000035,50.920925],[54.61938650000003,50.92506970000004],[54.65384620000001,50.915192],[54.6578437,50.9150302],[54.66526,50.91979279999996],[54.67117989999998,50.9155004],[54.67115040000002,50.905658],[54.68242390000003,50.90017740000003],[54.686440800000035,50.89632260000003],[54.6983996,50.89257630000004],[54.683930099999955,50.83418],[54.657134699999965,50.823038900000014],[54.68490770000002,50.7806308],[54.67992859999998,50.71817220000001],[54.70004719999998,50.6999685],[54.71873880000003,50.690504699999984],[54.711905,50.684109800000044],[54.7095978,50.67059939999996],[54.7110526,50.66787260000003],[54.71856710000004,50.66385360000003],[54.72002619999997,50.651420299999984],[54.7237127,50.64961760000004],[54.722129099999975,50.644835],[54.72496150000003,50.63925589999998],[54.72118490000001,50.63732340000004],[54.72041249999996,50.63356720000003],[54.72406029999998,50.63106290000003],[54.724618200000045,50.62839510000001],[54.72822309999997,50.62681610000001],[54.73135480000001,50.61932890000003],[54.7204496,50.60698640000003],[54.712915300000034,50.604602],[54.7082969,50.6003403],[54.69613969999997,50.597710900000045],[54.69203809999998,50.59520989999997],[54.675748499999976,50.584469],[54.646527099999986,50.560551900000014],[54.638121599999955,50.55579860000001],[54.6365259,50.5518697],[54.628310100000036,50.5501586],[54.61454420000004,50.53868619999997],[54.60394380000003,50.544043600000045],[54.5928772,50.559619799999986],[54.57324960000004,50.5527927],[54.543693900000015,50.527415600000026],[54.46623570000001,50.566632],[54.41394089999997,50.62095110000004],[54.4394046,50.660951299999965],[54.44504739999997,50.685886300000035],[54.45463390000002,50.713911399999986],[54.45953029999996,50.721125600000036],[54.4572701,50.7228426],[54.46099940000001,50.72782639999998],[54.46292049999998,50.727993300000016],[54.462638,50.740414799999975],[54.46455590000002,50.74480719999996],[54.46307760000001,50.7463072],[54.46630059999996,50.751902500000035],[54.46586110000001,50.759476900000045],[54.47448029999996,50.7764477],[54.473597600000026,50.77841130000002],[54.48994420000003,50.79397630000002],[54.49448810000003,50.79516739999998],[54.494638500000036,50.79645070000003],[54.49792830000001,50.79578129999997],[54.50841520000004,50.8056585],[54.51539020000001,50.8072966],[54.51852079999996,50.811858499999985],[54.51507409999997,50.81802280000003],[54.52050950000002,50.821915699999984],[54.5254441,50.822701],[54.53424289999999,50.84892220000003],[54.51931380000003,50.85458460000003],[54.45269689999998,50.85085809999998],[54.4414999,50.88203],[54.43722949999997,50.881012800000015],[54.441337300000036,50.8800175],[54.43846760000001,50.87727979999996],[54.4285541,50.8789172],[54.41901140000002,50.875451699999964],[54.413793799999965,50.87627480000003],[54.40305450000002,50.8815075],[54.39454159999998,50.8812693],[54.38113719999996,50.884658600000044],[54.3683678,50.88337],[54.36181150000002,50.88429040000004],[54.356868499999955,50.88627190000003],[54.345743100000035,50.896552599999964],[54.347061300000036,50.900893],[54.338002899999985,50.9034715],[54.33287890000004,50.89875590000001],[54.318096500000046,50.89877029999996],[54.31520379999998,50.908473499999985],[54.30380679999997,50.908473499999985],[54.30583410000002,50.90420510000004],[54.29906009999998,50.896248],[54.29000090000004,50.900518800000036],[54.28183119999998,50.91085480000002],[54.27977170000001,50.917877699999956],[54.28116190000002,50.924272],[54.28730059999999,50.93171120000004],[54.28730059999999,50.94090630000003],[54.28266570000001,50.944043100000044],[54.277515899999976,50.944475699999956],[54.271441,50.94743490000002],[54.272279,50.94960870000003],[54.2773068,50.94988819999997],[54.278341900000015,50.94628579999998],[54.2809051,50.945664700000016],[54.28730059999999,50.9469633],[54.288502200000025,50.949234499999974],[54.28060580000002,50.953235800000016],[54.268927099999964,50.950291899999975],[54.26047359999996,50.9504006],[54.25382660000003,50.95756109999996],[54.250886300000026,50.95831860000002],[54.246992299999974,50.95664190000002],[54.24507189999998,50.953235800000016],[54.240379,50.955615],[54.23135170000003,50.953639],[54.218525200000045,50.95925949999997],[54.216155099999966,50.96307930000001],[54.20764970000002,50.96069679999997],[54.19477509999996,50.9670755],[54.190311899999976,50.97475039999997],[54.1978295,50.982556],[54.2032269,50.984185199999985],[54.204114199999964,50.98793979999996],[54.19694220000003,50.9924852],[54.1862705,50.9962391],[54.18151389999998,50.995060299999984],[54.17927110000004,50.992717899999974],[54.172345599999986,50.992237],[54.172123800000016,50.9962391],[54.180698900000046,51.00068450000001],[54.17683110000004,51.00596380000002],[54.17715149999999,51.009297900000014],[54.16936339999997,51.011453400000015],[54.15913539999996,51.00858459999997],[54.158051,51.0099182],[54.16026909999997,51.01264730000003],[54.17244419999997,51.01919039999998],[54.167934,51.02542250000004],[54.1680079,51.029576700000035],[54.17400409999998,51.031138500000026],[54.178802800000014,51.02925120000001],[54.1814153,51.0265696],[54.180429400000044,51.02374829999998],[54.18304190000002,51.02359320000003],[54.1916852,51.02757580000004],[54.194431799999975,51.03167830000002],[54.182004200000044,51.04265230000002],[54.16845839999996,51.04677210000001],[54.166003200000034,51.054042099999975],[54.1606012,51.05830120000003],[54.16086460000004,51.06629239999998],[54.15636279999997,51.06704479999997],[54.14285740000003,51.062214199999964],[54.143408200000046,51.057864699999975],[54.15049610000003,51.05492969999996],[54.142594,51.0511666],[54.13707450000002,51.052348299999984],[54.1386908,51.0565327],[54.13001049999996,51.0625678],[54.13179059999999,51.06558860000001],[54.15174130000003,51.07292050000003],[54.149776900000035,51.078554299999965],[54.1508305,51.08754979999996],[54.145011700000026,51.09861870000001],[54.13959989999998,51.10275380000002],[54.13701379999997,51.108241699999965],[54.12405060000004,51.113221399999965],[54.102915,51.11835870000003],[54.0908246,51.1169188],[54.077873700000026,51.12011790000002],[54.0643125,51.1249664],[54.0419965,51.136169899999985],[54.036675,51.14144750000003],[54.03821989999999,51.144463],[54.05555770000002,51.149201200000036],[54.05487109999997,51.15297],[54.051266200000036,51.153939],[54.03890659999996,51.15275459999997],[54.034615099999975,51.153939],[54.026718600000045,51.16298249999998],[54.01401569999999,51.1597529],[54.002514400000045,51.1626596],[53.99187139999998,51.169764],[53.97831010000004,51.164489599999975],[53.972645300000025,51.16545840000002],[53.96955539999998,51.1770825],[53.96577879999997,51.17729780000004],[53.9589124,51.18063380000002],[53.93522309999997,51.18536829999998],[53.9322446,51.187538899999986],[53.9328714,51.19298280000002],[53.91417369999997,51.19173159999997],[53.9107969,51.1855639],[53.90454140000004,51.189241399999986],[53.90454140000004,51.1847514],[53.90045230000001,51.1810877],[53.8933245,51.18109359999996],[53.89569940000004,51.1845227],[53.8910336,51.186600400000046],[53.8902866,51.197476],[53.884132,51.20047609999998],[53.8691975,51.19251580000002],[53.86662250000002,51.200368500000046],[53.8590694,51.2000458],[53.85597950000004,51.189718600000035],[53.85409130000004,51.18939589999998],[53.8470532,51.19079449999997],[53.84413490000003,51.19326889999998],[53.83795510000004,51.19230069999998],[53.83555179999996,51.1959583],[53.8307453,51.1980021],[53.823020599999985,51.19326889999998],[53.81907229999997,51.1933765],[53.81718409999997,51.1953129],[53.82490879999998,51.200691200000016],[53.82525219999997,51.20316509999998],[53.8142658,51.20295],[53.8084293,51.214779699999966],[53.8014164,51.2120341],[53.79410880000003,51.214193],[53.786623800000044,51.21363710000002],[53.783412700000014,51.214908],[53.78249759999997,51.2104959],[53.7863131,51.2088406],[53.783618,51.20559590000002],[53.772393399999984,51.210873300000046],[53.77150319999996,51.214658599999986],[53.76830449999998,51.2149208],[53.767065,51.2106934],[53.7634291,51.21146140000003],[53.765056800000025,51.209634],[53.757485800000026,51.212793],[53.75704189999998,51.20949570000002],[53.760572,51.20839650000002],[53.7575703,51.20672789999998],[53.76156549999999,51.20713840000002],[53.75227989999997,51.2055451],[53.74794080000004,51.20766719999998],[53.74996070000001,51.2044706],[53.747447,51.2039082],[53.735642,51.208060899999964],[53.743916,51.21477190000003],[53.7383651,51.21733989999997],[53.73443,51.21624340000002],[53.73845479999996,51.21427519999997],[53.738006,51.212785],[53.72748759999998,51.21451889999997],[53.72492910000003,51.21627150000003],[53.722415499999975,51.21516560000001],[53.72030590000004,51.21697440000001],[53.722909299999976,51.22233479999998],[53.71423080000001,51.22452610000001],[53.711777,51.221968],[53.709128800000016,51.22295189999997],[53.71470960000001,51.2266438],[53.71207670000003,51.22716040000002],[53.70639070000004,51.22493840000002],[53.7040566,51.227384],[53.700851600000036,51.22672189999997],[53.6946477,51.22111150000001],[53.69165530000003,51.22360410000002],[53.697236200000035,51.2261716],[53.69346989999998,51.2309409],[53.692567700000026,51.23637749999996],[53.689718,51.23617889999996],[53.69027849999998,51.2336514],[53.68493589999998,51.23286680000001],[53.68349710000003,51.2313166],[53.6866075,51.2303097],[53.68730580000004,51.22599],[53.6775089,51.22671879999998],[53.67446190000004,51.22267709999997],[53.6726634,51.22705],[53.66838190000004,51.2254202],[53.670561299999974,51.2287329],[53.66125859999996,51.23116660000002],[53.66027109999997,51.2341646],[53.663114599999965,51.239342299999954],[53.65844639999998,51.23827439999997],[53.65853620000004,51.235895],[53.656142300000035,51.238892599999964],[53.66039149999998,51.242883],[53.65787790000002,51.244213],[53.656651,51.24854],[53.660256,51.252034799999954],[53.6591164,51.25528590000001],[53.668524799999965,51.25646350000002],[53.66978370000003,51.2598553],[53.6601857,51.257119400000015],[53.65837930000003,51.260492300000024],[53.6543805,51.258463799999966],[53.653473700000035,51.262152],[53.645517,51.26232829999997],[53.643475,51.264560700000025],[53.64690830000002,51.26492949999999],[53.64731129999997,51.268531600000046],[53.6525672,51.2646688],[53.654957200000034,51.2672858],[53.65043490000004,51.268217],[53.6486276,51.271330199999966],[53.646063899999966,51.26965019999996],[53.64732490000003,51.27496670000002],[53.641587,51.27272960000002],[53.644726200000036,51.27691749999996],[53.6336037,51.27464150000003],[53.6339591,51.2708486],[53.629572499999966,51.27090070000004],[53.62722330000002,51.277325599999976],[53.62312769999998,51.275036700000044],[53.617265,51.27943240000003],[53.625081900000026,51.28283940000002],[53.61946870000002,51.2841917],[53.6187203,51.28702629999997],[53.61433369999996,51.286662200000045],[53.61237950000001,51.2846468],[53.61038359999998,51.2883525],[53.60853340000001,51.28846950000001],[53.6133981,51.293982],[53.60857489999999,51.294489],[53.607473100000036,51.2913559],[53.6045002,51.292694900000036],[53.604458600000015,51.296803],[53.610633100000015,51.30076759999997],[53.604604099999975,51.29993569999998],[53.6060386,51.3031983],[53.6020678,51.30195049999997],[53.595623,51.3061877],[53.59820089999997,51.3105674],[53.602213300000045,51.3124127],[53.6030865,51.3171167],[53.60953129999998,51.31508959999997],[53.60427149999999,51.31978030000004],[53.6047289,51.322158],[53.61375160000003,51.3261335],[53.61666209999997,51.323821],[53.617036300000024,51.32621140000004],[53.620632899999976,51.3272767],[53.619739,51.3294721],[53.622358500000026,51.32867969999999],[53.61674530000001,51.33045929999997],[53.615581099999964,51.33236879999996],[53.6237129,51.33270909999996],[53.6221339,51.334757],[53.62453059999998,51.335721499999984],[53.62024639999997,51.338653],[53.625489199999976,51.34146380000002],[53.6210862,51.34081670000003],[53.62171069999998,51.34281909999998],[53.615751300000014,51.34152730000003],[53.613537,51.34355859999997],[53.61791120000002,51.34602979999998],[53.62171650000002,51.345834],[53.614278,51.34767040000001],[53.6134025,51.350147300000046],[53.616227,51.3549913],[53.619548699999974,51.3523193],[53.621018700000015,51.35571620000003],[53.61416319999998,51.355509],[53.61087739999998,51.353792799999965],[53.611033700000036,51.35096280000002],[53.60030430000001,51.349905600000035],[53.599418800000024,51.35202670000003],[53.602960599999975,51.3557511],[53.60022610000003,51.35610890000002],[53.59881980000002,51.3542549],[53.59527809999999,51.35529569999997],[53.5953041,51.358109199999966],[53.59980940000001,51.3604346],[53.60030430000001,51.36316639999998],[53.5959812,51.36323140000003],[53.599262599999975,51.364873700000025],[53.605721,51.364987500000026],[53.60280430000001,51.36732890000004],[53.605096,51.36737759999998],[53.605226200000025,51.3692961],[53.6096013,51.37142590000001],[53.60824710000004,51.372889],[53.6127004,51.372824],[53.6112941,51.37093819999998],[53.61395040000004,51.369344900000044],[53.61690210000002,51.370477399999956],[53.6183016,51.368270100000025],[53.62132160000003,51.36967269999999],[53.61826479999997,51.36686749999997],[53.6197379,51.36429219999996],[53.62434159999997,51.36741939999998],[53.62787720000003,51.36702849999997],[53.6274721,51.37245460000004],[53.63214940000002,51.37309840000002],[53.632038900000026,51.3751905],[53.6354705,51.37586189999996],[53.63575869999996,51.377213499999975],[53.632601500000035,51.3788187],[53.629073900000016,51.377419300000035],[53.626084500000026,51.37894939999998],[53.62243729999997,51.377923099999975],[53.625508399999966,51.3817825],[53.62969369999996,51.38053240000004],[53.6331614,51.3832005],[53.629223400000036,51.3854236],[53.623655,51.3847957],[53.62219010000003,51.386885199999966],[53.6238343,51.388247],[53.6284381,51.387118399999984],[53.628629,51.393275599999974],[53.62004180000001,51.39346229999997],[53.6123536,51.397262299999966],[53.599737800000035,51.39513740000001],[53.59443270000003,51.398693],[53.5924174,51.40353840000002],[53.58709379999996,51.407129699999984],[53.58442309999997,51.41196529999996],[53.5672526,51.415566400000024],[53.56678949999997,51.4180061],[53.575685299999975,51.426018],[53.57041850000003,51.4331556],[53.566622700000025,51.43287910000003],[53.5531346,51.42585320000001],[53.53696870000003,51.43127950000002],[53.5248233,51.425372],[53.520936700000036,51.42509369999997],[53.51862709999998,51.4266002],[53.518852199999955,51.43357580000003],[53.51710210000002,51.43509050000004],[53.507120100000016,51.4344901],[53.5027584,51.4309261],[53.49716380000002,51.430615599999975],[53.481398699999986,51.4425592],[53.482977,51.44851549999998],[53.4914785,51.45004829999997],[53.4871869,51.45422030000002],[53.4753865,51.45241859999998],[53.467251599999976,51.4388375],[53.4372971,51.43854250000002],[53.439389800000036,51.44009360000001],[53.43636150000003,51.44081960000004],[53.44036770000004,51.44533990000004],[53.43407109999997,51.448929],[53.43708319999997,51.45317949999997],[53.43743190000004,51.459134900000045],[53.43441019999996,51.46369260000003],[53.43479950000002,51.4685518],[53.429166,51.47198380000002],[53.4258199,51.4722647],[53.4197055,51.4776525],[53.42759460000003,51.4809136],[53.4264155,51.482231],[53.42116189999998,51.4810972],[53.4132208,51.482943700000014],[53.41238849999998,51.47919669999996],[53.407603,51.4825441],[53.40814050000004,51.4862584],[53.4037538,51.48799670000004],[53.399748599999974,51.48715449999999],[53.3992197,51.48932010000002],[53.3935775,51.4902611],[53.37004030000002,51.48830020000001],[53.3695441,51.48946620000003],[53.37193429999997,51.4898135],[53.366532300000024,51.494046],[53.3621298,51.48846030000003],[53.355643499999964,51.493472500000045],[53.353526600000045,51.4894616],[53.34933980000002,51.49334970000001],[53.347454199999966,51.489563],[53.338707,51.489641699999986],[53.338580899999954,51.4943703],[53.33037369999999,51.49266620000004],[53.33037369999999,51.49985329999998],[53.311889,51.49985329999998],[53.29745919999996,51.498058599999986],[53.2965385,51.501204799999975],[53.28761689999998,51.499477699999986],[53.28538529999999,51.4960579],[53.28624360000004,51.486759199999966],[53.28195209999996,51.48323160000003],[53.27611560000004,51.4820557],[53.2587778,51.4931723],[53.25809110000003,51.49798160000001],[53.26358429999997,51.5034314],[53.263241,51.50610270000004],[53.25500119999999,51.51187210000001],[53.23938,51.51059009999999],[53.22341550000004,51.5112311],[53.2182657,51.51026960000002],[53.2081377,51.50396569999997],[53.20264449999998,51.50289720000003],[53.182216799999985,51.512085800000015],[53.17826859999998,51.51625210000004],[53.17895520000003,51.519243],[53.195263100000034,51.52661280000002],[53.196636399999974,51.5287487],[53.19474809999997,51.53302030000002],[53.18873989999996,51.53536949999997],[53.17912690000003,51.532699899999976],[53.1739771,51.525438],[53.1739771,51.51977710000002],[53.1696855,51.517533899999954],[53.16110240000002,51.518709],[53.152691,51.52511760000002],[53.146511200000035,51.52447680000003],[53.14221969999996,51.52105890000003],[53.14050310000004,51.517320300000044],[53.14496630000002,51.5045],[53.15904250000002,51.50065319999999],[53.162819100000036,51.498088399999965],[53.16110240000002,51.4926379],[53.15578089999998,51.4874006],[53.14033140000004,51.48547649999997],[53.1190454,51.491355400000025],[53.104625900000016,51.488255699999975],[53.09724439999998,51.48814880000001],[53.09157959999996,51.4907141],[53.08024990000001,51.50257659999997],[53.0704652,51.504713700000046],[53.063770400000024,51.50076],[53.05930729999996,51.4909278],[53.053470800000035,51.48932460000004],[53.044716,51.4901797],[53.03973790000002,51.48911080000003],[53.034416399999984,51.48237639999997],[53.0297815,51.48087970000004],[53.0119287,51.47981069999996],[53.00283070000004,51.47221949999998],[52.996994200000024,51.47318180000002],[52.98995609999998,51.478741599999964],[52.971245,51.48547649999997],[52.96678180000002,51.4833385],[52.9669534,51.479489899999976],[52.97055830000003,51.4759618],[52.97776809999998,51.4738234],[52.97793979999997,51.47040170000003],[52.971245,51.46890459999997],[52.96592349999997,51.46965320000001],[52.956482100000024,51.47318180000002],[52.95201890000004,51.47671020000002],[52.94618240000003,51.47713789999997],[52.94154749999996,51.47393029999996],[52.942062500000034,51.47061559999997],[52.95751209999998,51.464627],[52.959400299999984,51.4617395],[52.9549371,51.4563916],[52.95013060000004,51.455108],[52.94326419999999,51.45767509999997],[52.942062500000034,51.46494789999998],[52.936226,51.47115019999997],[52.93656940000001,51.48120050000002],[52.931076199999985,51.482804],[52.9204332,51.48120050000002],[52.916485,51.482910899999965],[52.917858300000034,51.48846949999999],[52.927471299999965,51.49392049999999],[52.9247247,51.49798160000001],[52.914425,51.49734039999998],[52.909446899999956,51.49477550000003],[52.9065286,51.4809866],[52.9025804,51.476603299999965],[52.895199,51.477779300000016],[52.890564099999985,51.48194880000003],[52.88884749999997,51.490821],[52.8830609,51.49027709999998],[52.88011690000004,51.48774740000002],[52.882001099999975,51.48012080000004],[52.8806468,51.47672879999996],[52.877173,51.47495019999997],[52.871726600000024,51.47465680000003],[52.86463159999998,51.47947909999997],[52.86448439999997,51.481660900000016],[52.870136900000034,51.487802400000035],[52.88807779999997,51.494465400000045],[52.895199,51.494241100000046],[52.89863219999999,51.49573730000003],[52.90000550000001,51.501187499999965],[52.89605730000001,51.50535479999998],[52.8902208,51.50685060000002],[52.88575760000002,51.505889],[52.877346200000034,51.5024697],[52.8639566,51.4931723],[52.85743350000002,51.49103469999996],[52.85101169999999,51.49239470000004],[52.84644709999996,51.497126599999966],[52.84421549999997,51.5048205],[52.83837909999997,51.5059959],[52.834774200000034,51.50396569999997],[52.833057600000025,51.50011890000001],[52.841297300000015,51.489752099999976],[52.837556600000035,51.48633119999999],[52.83329539999998,51.486431300000014],[52.8255045,51.491248499999976],[52.825847799999984,51.499264],[52.82361619999999,51.501721800000034],[52.81589139999997,51.4999051],[52.81355779999998,51.492396],[52.810119599999986,51.4910759],[52.807307,51.4935578],[52.810569900000026,51.5010806],[52.8054373,51.50544460000004],[52.799251,51.50520940000003],[52.79409040000004,51.4989434],[52.787910599999954,51.4999051],[52.7868806,51.505247900000015],[52.7952921,51.5116584],[52.7928888,51.5134746],[52.785679,51.51315410000004],[52.78155909999997,51.51059009999999],[52.78258910000001,51.502683500000025],[52.7810442,51.5008669],[52.77349109999997,51.502149199999955],[52.771431099999965,51.505889],[52.77537929999997,51.518068],[52.775036,51.52009759999998],[52.77125949999998,51.522020199999986],[52.76713959999998,51.52127250000002],[52.763878,51.5134746],[52.75718319999997,51.508880700000034],[52.757011599999984,51.502683500000025],[52.75941479999996,51.49851589999999],[52.75804150000002,51.496271700000015],[52.753235,51.4950961],[52.746883499999974,51.49595109999996],[52.741733700000026,51.50385890000002],[52.73778550000002,51.5048205],[52.73469559999998,51.5032177],[52.73503489999999,51.497176],[52.75110119999999,51.49311969999999],[52.75110119999999,51.48869230000004],[52.74712819999997,51.486273800000035],[52.73722540000004,51.4838366],[52.7253064,51.485830699999966],[52.72509889999998,51.4901323],[52.73478449999997,51.495457],[52.72335850000004,51.498359],[52.72095419999997,51.496045500000044],[52.720276,51.4859041],[52.71770110000001,51.483766100000025],[52.6960718,51.477351699999986],[52.68131689999996,51.47967039999999],[52.675210600000014,51.4781988],[52.67186749999998,51.475106400000016],[52.67221079999997,51.47040170000003],[52.67615909999998,51.46815610000004],[52.68916670000002,51.465711900000045],[52.691265300000026,51.460028199999975],[52.687832,51.45671249999999],[52.68251049999996,51.4563916],[52.676330699999966,51.4584238],[52.6636278,51.47018780000001],[52.66225449999996,51.47307489999997],[52.6655161,51.4820557],[52.66448610000004,51.4871868],[52.655229500000026,51.490653899999984],[52.64946649999997,51.489560700000034],[52.645603299999976,51.484942],[52.64182679999997,51.475106400000016],[52.64491670000001,51.465910400000034],[52.6413118,51.46302290000004],[52.63547529999998,51.4625951],[52.63049710000002,51.4651618],[52.624317,51.474180599999976],[52.617369,51.47253939999998],[52.6143081,51.46587009999999],[52.615449,51.46380110000004],[52.624489,51.4593865],[52.623974,51.456605500000016],[52.61985410000004,51.45468009999996],[52.60526289999997,51.4563916],[52.59556969999998,51.45330790000002],[52.585723,51.45574270000004],[52.5830664,51.458312400000025],[52.58385279999997,51.461163600000035],[52.597881500000035,51.470829399999985],[52.5956526,51.47505290000003],[52.58649110000003,51.477771199999964],[52.58129230000003,51.47651529999997],[52.573983699999985,51.468134600000035],[52.56543750000004,51.463557599999966],[52.5638611,51.459947100000015],[52.56543750000004,51.45478710000002],[52.54587910000003,51.4601079],[52.5377612,51.46499360000003],[52.53567629999997,51.46988760000004],[52.53896759999998,51.473645099999985],[52.55693289999998,51.4798057],[52.5520984,51.48254360000004],[52.554455199999964,51.484604],[52.54885030000002,51.485883499999986],[52.54969630000003,51.48721940000003],[52.55406239999997,51.48724759999996],[52.548563199999975,51.488781],[52.55152430000002,51.490446],[52.54672009999998,51.49082229999997],[52.547687,51.492891700000044],[52.541628799999984,51.49090690000004],[52.54205179999999,51.49482930000004],[52.5344498,51.49428729999996],[52.53375140000004,51.4969048],[52.52721769999999,51.49614620000003],[52.53204460000004,51.4990497],[52.51887789999997,51.49847040000004],[52.51932129999998,51.5021389],[52.509995199999985,51.50212110000003],[52.5093373,51.504943599999976],[52.504903100000014,51.50588729999998],[52.50911389999998,51.50849439999996],[52.506505099999956,51.510303100000044],[52.508922499999954,51.512128],[52.50431659999998,51.5130271],[52.50202469999997,51.518141200000024],[52.5039271,51.52195950000002],[52.5079751,51.521514499999974],[52.50880469999998,51.52261809999998],[52.508161,51.52911449999997],[52.511121900000035,51.530707300000046],[52.50648750000001,51.53520969999998],[52.502353700000015,51.53562780000003],[52.5038842,51.5380212],[52.50092329999997,51.5390443],[52.50557210000003,51.539364600000034],[52.5048998,51.54037880000002],[52.50887620000003,51.5417933],[52.50601550000004,51.54296749999998],[52.50394140000002,51.54162420000004],[52.502225,51.54355469999998],[52.50468870000004,51.5450749],[52.49618309999998,51.5474676],[52.49743559999997,51.549273600000035],[52.49570649999998,51.54946660000002],[52.48529020000002,51.56999750000002],[52.46293660000002,51.6060502],[52.450346100000026,51.62081749999998],[52.450427800000035,51.62325370000003],[52.4297033,51.6301965],[52.43044770000004,51.63309349999998],[52.42649249999999,51.63335439999999],[52.420248,51.63687480000003],[52.4215858,51.63860039999999],[52.416060399999964,51.64007079999997],[52.384370199999985,51.6831874],[52.3762261,51.717523],[52.3802194,51.71788],[52.36319839999998,51.772248],[52.358669599999985,51.775898600000026],[52.31950610000001,51.7663392],[52.32008939999996,51.75960519999998],[52.325134699999964,51.7580102],[52.3263545,51.75475939999996],[52.330084300000046,51.75459419999997],[52.329255899999986,51.752158499999965],[52.33366679999999,51.751466199999975],[52.331761700000015,51.746953299999966],[52.3349004,51.74574220000003],[52.335364699999964,51.743318699999975],[52.24040089999998,51.72395090000001],[52.2334087,51.73575609999996],[52.1798509,51.73327490000001],[52.179149,51.726937400000025],[52.17625850000004,51.72679069999997],[52.17397019999998,51.687327],[52.16953449999996,51.68420420000002],[52.16199349999996,51.686681700000015],[52.09006059999998,51.65837649999998],[52.07473149999996,51.6740374],[52.05899240000004,51.66816939999996],[52.04873819999999,51.669502],[52.044387,51.6671275],[51.9989955,51.6672166],[51.998881,51.68324179999997],[51.89409490000002,51.68340839999998],[51.89412129999999,51.67418880000001],[51.856608,51.673805800000025],[51.86251820000002,51.666304],[51.861683,51.662816700000015],[51.864636799999985,51.66108560000004],[51.86227379999996,51.65814129999997],[51.86418860000003,51.655538],[51.86080710000002,51.650975600000024],[51.85109040000003,51.64744920000002],[51.84396069999996,51.64943359999998],[51.8408847,51.644213299999976],[51.837340300000015,51.64321460000003],[51.8374014,51.640597799999966],[51.83283840000003,51.6385372],[51.82375309999997,51.637639599999986],[51.82397720000004,51.6326202],[51.820330899999966,51.630458],[51.819475299999965,51.62695529999996],[51.815890099999976,51.6262977],[51.817092,51.62395819999996],[51.80470669999996,51.6188994],[51.8010112,51.61328550000002],[51.7957352,51.610869400000034],[51.79376289999996,51.606268899999975],[51.785662799999976,51.604204],[51.7869963,51.60279890000001],[51.78501339999998,51.601314],[51.78779149999998,51.598771600000035],[51.7914576,51.59746280000002],[51.798174,51.59782050000003],[51.792916800000036,51.59436840000004],[51.79882170000002,51.5924237],[51.79213320000004,51.58799009999997],[51.77107359999999,51.58201590000002],[51.8135514,51.49701550000001],[51.730726500000046,51.4807505],[51.73858549999998,51.4651349],[51.655868299999966,51.4486144],[51.64079440000001,51.476662100000034],[51.629856399999966,51.4749742],[51.64295090000001,51.501351699999965],[51.65711120000004,51.505099],[51.64000360000004,51.538463099999966],[51.61284180000002,51.5334387],[51.604127099999985,51.550782],[51.576808,51.5455246],[51.58509860000004,51.52836329999999],[51.556929,51.523115],[51.566159,51.50580219999996],[51.4906463,51.49036],[51.493819,51.4877848],[51.493546100000046,51.48459590000003],[51.48732579999999,51.487293700000045],[51.47294559999997,51.4863142],[51.4315407,51.47485310000002],[51.380175799999975,51.47615479999998],[51.380041,51.485821099999974],[51.286546,51.4877849],[51.285612800000024,51.5319089],[51.25825739999998,51.5281884],[51.24773290000003,51.52522610000003],[51.247912,51.5322846],[51.24420850000001,51.53445350000003],[51.246938700000044,51.5426468],[51.24627740000004,51.55039520000002],[51.24355390000003,51.553514],[51.24523160000002,51.5560102],[51.2404395,51.56312430000003],[51.3803263,51.56343],[51.380206,51.641243099999976],[51.303713,51.641056900000024],[51.27217420000002,51.68484349999998],[51.265142499999975,51.683943899999974],[51.25310670000004,51.68704509999997],[51.2508884,51.68384609999996],[51.2460118,51.68556660000003],[51.239937400000024,51.6841171],[51.23881729999999,51.68696210000003],[51.23645129999998,51.68734850000003],[51.2345999,51.68436779999996],[51.2308654,51.6841825],[51.22912040000004,51.68203859999998],[51.22393249999996,51.68052340000002],[51.2187042,51.68078269999998],[51.21737479999996,51.68327880000001],[51.21449919999998,51.68331120000003],[51.214928,51.67823],[51.208176100000024,51.67847540000003],[51.20623569999997,51.67407019999997],[51.20075989999996,51.67612540000002],[51.197200299999956,51.67524769999996],[51.1994079,51.672621],[51.20738270000002,51.67061650000002],[51.2006969,51.6668538],[51.19624450000001,51.66842919999996],[51.19168140000002,51.666843799999974],[51.17644290000004,51.6689138],[51.1749857,51.673973799999985],[51.172358799999984,51.672786],[51.167999,51.673492],[51.17221350000004,51.67511650000003],[51.170914300000014,51.67721249999999],[51.1602354,51.67564050000004],[51.155936400000016,51.677847799999974],[51.15420410000004,51.676243099999986],[51.1553555,51.672444],[51.151802800000034,51.6709104],[51.13775430000002,51.675471800000025],[51.130789199999974,51.672555],[51.1250649,51.67695830000001],[51.12347320000003,51.67439239999998],[51.12017760000002,51.673678399999964],[51.11635129999998,51.6772662],[51.11331979999997,51.67743649999996],[51.11395089999996,51.67330939999999],[51.11058239999996,51.67174839999997],[51.10438070000002,51.675033700000014],[51.09681559999998,51.674474],[51.0977239,51.66941359999997],[51.0889142,51.66921670000002],[51.084148200000016,51.66634019999996],[51.076069,51.6696909],[51.06918240000004,51.66842770000002],[51.067494,51.670273399999964],[51.0706,51.672053800000015],[51.0691939,51.6730293],[51.060235499999976,51.672252],[51.0596798,51.67733650000004],[51.056668,51.68057280000002],[51.044212600000016,51.677128200000034],[51.045967900000036,51.6804522],[51.0429662,51.681059],[51.043926300000045,51.6827161],[51.03716530000001,51.68680669999996],[51.0349207,51.6852645],[51.0358825,51.682462],[51.03194630000002,51.682318500000044],[51.0309455,51.6792898],[51.0218782,51.67970660000003],[51.01527050000004,51.67663259999997],[51.01323029999999,51.67857249999999],[51.011031300000035,51.67327269999997],[51.001918,51.67341329999997],[50.99763340000002,51.671360700000044],[50.99700350000004,51.676046],[50.9929959,51.674453],[50.98880330000003,51.67576619999996],[50.9801209,51.67501589999996],[50.9781521,51.678097899999976],[50.97517490000004,51.67778520000004],[50.9688131,51.6810737],[50.960508,51.677710900000015],[50.9553736,51.680637799999985],[50.951186100000015,51.67940639999997],[50.9492871,51.680364],[50.94704580000001,51.678602299999966],[50.945330899999966,51.680503299999955],[50.9299714,51.679409100000015],[50.92818679999996,51.680976700000045],[50.92222709999997,51.67937060000003],[50.92041150000003,51.68190229999998],[50.915561,51.68082060000001],[50.9082339,51.68265059999999],[50.8936136,51.68137519999998],[50.888425,51.7040886],[50.871413,51.7534621],[50.76816280000004,51.77303660000001],[50.7671897,51.7163765],[50.787410700000024,51.6847762],[50.81145610000003,51.6699508],[50.81087870000004,51.66862879999996],[50.83257969999996,51.649157499999966],[50.812569699999976,51.649170599999984],[50.81203350000002,51.58504310000003],[50.766649,51.5855881],[50.767718699999975,51.57480479999996],[50.67890950000004,51.5745466],[50.68220060000003,51.577494],[50.67684840000003,51.58159459999998],[50.67995219999998,51.58205020000002],[50.68315370000002,51.58692470000001],[50.6910789,51.585562500000016],[50.70028969999997,51.586936899999955],[50.700549,51.58819309999998],[50.696678,51.5897285],[50.6989418,51.59126380000003],[50.69854429999997,51.59454889999997],[50.7080662,51.59446309999998],[50.70986350000003,51.59566539999998],[50.709034,51.5980164],[50.71344069999998,51.60104339999998],[50.72676439999998,51.60331889999996],[50.728648099999965,51.60603440000002],[50.73393609999998,51.60598070000002],[50.7351879,51.60851520000003],[50.7324507,51.61049580000003],[50.73312889999998,51.61416470000002],[50.72928579999997,51.6157543],[50.7333137,51.617492600000034],[50.73083530000001,51.6210261],[50.733101899999966,51.627006700000045],[50.73026049999997,51.62731379999996],[50.731704499999985,51.628518],[50.63602280000003,51.62915130000003],[50.6359056,51.64308240000002],[50.62608920000004,51.64305130000002],[50.62497490000003,51.64677889999998],[50.585143899999984,51.64585330000004],[50.58676760000004,51.590609],[50.5653292,51.5884541],[50.55852309999997,51.599992599999986],[50.55275180000002,51.599724099999975],[50.550083400000034,51.601086100000046],[50.5377167,51.5890327],[50.53946829999997,51.52301209999999],[50.53766049999996,51.510559700000044],[50.5430443,51.501435],[50.5464666,51.50117430000003],[50.547902599999986,51.49231940000003],[50.55604469999998,51.488916400000015],[50.55394020000003,51.48616830000001],[50.55692330000002,51.481276099999974],[50.5543284,51.4796919],[50.5558527,51.47272809999996],[50.546917899999954,51.46515809999996],[50.542586599999964,51.4644457],[50.498512799999965,51.4664917],[50.49685530000004,51.42775850000001],[50.37191150000001,51.42765040000003],[50.37396180000001,51.42307479999999],[50.37964319999998,51.421225900000046],[50.38411729999998,51.4176497],[50.38326509999999,51.415767300000034],[50.3891596,51.409566199999965],[50.39381149999996,51.4068884],[50.39666110000002,51.40726489999998],[50.403947299999984,51.40435940000001],[50.3381985,51.38201069999997],[50.37391050000003,51.332945],[50.26741840000001,51.290489299999976],[50.252512600000024,51.2838975],[50.251344199999984,51.281299499999975],[50.03868239999997,51.25125139999997],[50.0062388,51.2423883],[49.911100200000035,51.20107250000003],[49.847855,51.154648299999984],[49.83418129999998,51.1470528],[49.77628879999997,51.107179],[49.5628364,51.10999479999998],[49.533497599999976,51.106624800000034],[49.49063669999997,51.09864709999996],[49.456581,51.12617770000003],[49.4400097,51.11550850000002],[49.442451,51.1116139],[49.431696500000044,51.0901609],[49.39371159999998,51.09032990000004],[49.39741489999997,51.04919229999998],[49.3388959,50.98724840000004],[49.3750069,50.9812152],[49.40831330000003,50.96110110000003],[49.40562110000003,50.959062600000024],[49.4079287,50.957587700000026],[49.4076742,50.954771200000046],[49.41314170000003,50.95113139999998],[49.41180989999997,50.93878620000003],[49.42093419999997,50.92928090000004],[49.4236237,50.92977289999998],[49.42386120000003,50.926281],[49.429338100000045,50.92024279999998],[49.426467,50.91842749999997],[49.42888419999997,50.91734659999998],[49.42755639999997,50.91435379999998],[49.43038169999997,50.912043],[49.427372,50.910909],[49.42797289999997,50.9070846],[49.43827110000002,50.90105310000001],[49.43833110000001,50.89777649999998],[49.4427105,50.8941657],[49.4410307,50.88827739999997],[49.44304649999999,50.886233699999984],[49.4394709,50.88650619999997],[49.44465419999996,50.881487500000034],[49.440370800000025,50.880836399999986],[49.44355040000003,50.877285900000025],[49.44158260000001,50.870100599999965],[49.43810309999998,50.869464600000015],[49.4379951,50.868025799999984],[49.43369969999997,50.86785919999996],[49.43489950000003,50.8658147],[49.4301481,50.86192219999999],[49.426829,50.856945],[49.42716320000004,50.85321790000001],[49.42290790000003,50.84868519999996],[49.42005560000001,50.84944519999996],[49.262155200000024,50.823155200000045],[49.21664960000004,50.799126199999975],[49.12603070000002,50.784780300000044],[49.10576280000002,50.76983279999998],[49.00930350000002,50.6825667],[48.99923790000004,50.68770929999997],[48.95376610000001,50.6513163],[48.81395169999997,50.595478100000044],[48.778636099999964,50.60719189999998],[48.77610880000002,50.606375800000045],[48.775413,50.608025799999965],[48.77179570000002,50.60765090000003],[48.7695541,50.609284],[48.76337140000003,50.608195299999956],[48.75847769999996,50.611321299999965],[48.7540083,50.608591599999976],[48.7469032,50.60858130000001],[48.74560839999999,50.609793300000014],[48.7429055,50.608797],[48.73906969999996,50.610409600000025],[48.73738649999996,50.606064799999984],[48.72329490000001,50.60304169999996],[48.7212692,50.6054531],[48.708894899999954,50.60678269999996],[48.70807230000002,50.60838109999997],[48.689053,50.61235030000002],[48.688765,50.61431639999998],[48.67657720000002,50.621568200000034],[48.67488770000003,50.62720749999998],[48.6704767,50.62759110000001],[48.66353969999998,50.635277599999974],[48.65840910000002,50.63512360000002],[48.65669969999998,50.63983339999998],[48.64989489999997,50.644827],[48.640327299999974,50.646721100000015],[48.6374433,50.65069769999997],[48.63584110000004,50.648716700000016],[48.63229330000004,50.64894890000004],[48.624637,50.65529080000004],[48.619838399999985,50.65572159999998],[48.60621069999996,50.661929],[48.57062750000002,50.632365],[48.5771291,50.63001889999998],[48.577254900000014,50.62615180000003],[48.582833700000016,50.6253003],[48.582833700000016,50.62263029999998],[48.58617550000003,50.62271020000002],[48.58648309999999,50.62086510000003],[48.592747,50.61840780000002],[48.5947884,50.615897100000026],[48.6019892,50.61373229999997],[48.60882640000003,50.61505430000002],[48.61243369999998,50.61274750000002],[48.61123129999997,50.61092859999998],[48.617984599999986,50.61186019999997],[48.62310210000002,50.61013890000001],[48.624754,50.61181250000002],[48.630481499999966,50.6103417],[48.639529500000044,50.60447220000002],[48.646126099999975,50.60625440000004],[48.646973,50.603963],[48.65218779999997,50.601063399999965],[48.6493576,50.59639519999999],[48.65013759999998,50.589562],[48.64641120000003,50.58729219999998],[48.65305710000004,50.5834516],[48.657850099999955,50.5830233],[48.6602466,50.58093790000002],[48.659156,50.579648],[48.66424550000003,50.57790770000003],[48.66567159999998,50.56945420000003],[48.66346249999999,50.569010099999964],[48.658414700000044,50.56259460000001],[48.658484699999974,50.557061699999984],[48.65566889999996,50.5563394],[48.657584,50.55418379999998],[48.656027499999965,50.550878],[48.659437799999964,50.550528],[48.65876450000003,50.54573830000002],[48.66136159999998,50.54511040000003],[48.659079299999966,50.54347660000003],[48.6585183,50.52790070000002],[48.73206649999996,50.257163],[48.793924199999964,50.20479089999996],[48.8090227,50.17043280000004],[48.763225,50.097802299999984],[48.7857835,50.100973],[48.78865770000004,50.10069380000004],[48.79297060000002,50.0969664],[48.81878769999998,50.096339600000015],[48.85034269999996,50.09023610000003],[48.85221990000003,50.08864960000003],[48.85158579999997,50.0849876],[48.86097930000003,50.08048590000003],[48.864110500000024,50.07712839999996],[48.865180700000025,50.05542649999997],[48.872366799999966,50.04493889999997],[48.88183970000003,50.0392511],[48.8797097,50.0340308],[48.88083080000004,50.02996209999997],[48.89753450000002,50.023948500000046],[48.9033674,50.01846630000004],[48.78776540000002,49.948734500000015],[48.74561850000002,49.921354],[48.659002600000015,49.897154200000024],[48.501207,49.84805870000002],[48.45043640000003,49.835094900000044],[48.44131430000004,49.80121039999996],[48.4307564,49.806418600000036],[48.42657709999997,49.80646829999997],[48.422212399999964,49.81364940000004],[48.414963599999986,49.81605590000002],[48.40878379999999,49.8202647],[48.40191730000002,49.82857059999996],[48.39796910000002,49.8302316],[48.39556590000004,49.835989199999965],[48.38869939999998,49.83687489999997],[48.378906,49.835156199999965],[48.36226349999998,49.82502690000003],[48.360032,49.824584],[48.3538521,49.827574],[48.3540238,49.83133890000004],[48.3435525,49.836542800000025],[48.344754100000046,49.8411927],[48.3416642,49.85049110000001],[48.3315362,49.8484987],[48.326386300000046,49.85193],[48.31513520000003,49.87218450000002],[48.3107702,49.8719192],[48.303879,49.86477140000003],[48.2984416,49.863446099999976],[48.29849,49.8605664],[48.29240060000003,49.859281700000025],[48.2689583,49.85968110000003],[48.2655715,49.857530199999964],[48.25436710000003,49.8643288],[48.2395734,49.86985879999997],[48.22619220000003,49.868056],[48.225053699999975,49.8694502],[48.22835530000004,49.8737549],[48.22574250000004,49.87890990000003],[48.2301164,49.8820224],[48.232477799999984,49.8865524],[48.23458389999998,49.8947698],[48.233457699999974,49.8997227],[48.22093049999997,49.90807660000003],[48.2166338,49.919641199999965],[48.207367100000035,49.928157900000045],[48.197935500000014,49.931064],[48.19174329999997,49.94420020000001],[48.18058640000002,49.94727189999997],[48.17365650000004,49.9473829],[48.17012,49.95253409999998],[48.160792299999954,49.956509800000035],[48.15875910000004,49.96484529999996],[48.16155950000002,49.96788859999997],[48.156790200000025,49.97166829999997],[48.15809069999998,49.97537990000003],[48.15658090000002,49.97960060000002],[48.14477960000004,49.9860003],[48.140487600000014,49.98966919999999],[48.13916330000004,49.9941897],[48.13162730000001,49.99802059999998],[48.13236409999996,50.0030542],[48.12973539999997,50.006359099999976],[48.132018200000026,50.011679099999974],[48.12510070000001,50.01825780000002],[48.1294126,50.0285241],[48.12838719999998,50.041788900000014],[48.1237319,50.052403],[48.11266160000002,50.06142809999996],[48.11406819999996,50.06686429999998],[48.10860139999998,50.07442180000001],[48.1081185,50.08580710000003],[48.0952102,50.100013499999974],[48.0720151,50.10483019999998],[48.06098150000003,50.1120321],[48.04894580000002,50.11167869999997],[48.0462726,50.11505169999999],[48.05034389999997,50.122602800000024],[48.049610799999975,50.126862],[48.0473429,50.1279708],[48.03922189999997,50.12727320000001],[48.038435,50.13392169999997],[48.03610659999996,50.1359787],[48.02745359999997,50.13565419999997],[48.023605099999955,50.13679949999996],[48.019331899999976,50.14106339999997],[48.009094399999974,50.1421016],[48.00429970000001,50.1507796],[47.999051299999984,50.15459910000002],[47.999051299999984,50.16908560000004],[47.9960372,50.1727381],[47.98516230000002,50.17819729999997],[47.988162099999975,50.18412790000004],[47.987101299999956,50.186385499999965],[47.96788540000004,50.193109300000025],[47.957146,50.20851130000003],[47.95027989999997,50.21307660000003],[47.953198100000016,50.226366900000016],[47.948391599999965,50.2295516],[47.9372336,50.23262630000003],[47.937748599999985,50.244484],[47.93191209999998,50.247887],[47.913201,50.252607],[47.8951766,50.26478890000001],[47.88762349999997,50.267203],[47.870114,50.2859626],[47.85672439999998,50.2950655],[47.85311949999996,50.301864199999955],[47.84917129999996,50.30427639999997],[47.83732670000004,50.3104159],[47.8194478,50.3130201],[47.819341,50.31613069999998],[47.825825400000014,50.3207198],[47.827888700000024,50.33032689999997],[47.821847699999964,50.33142270000004],[47.81123420000003,50.32959689999996],[47.80196439999999,50.33463750000002],[47.792351399999966,50.3327747],[47.78668660000004,50.33398],[47.78157880000001,50.339640399999986],[47.76343440000003,50.34002650000004],[47.760594100000034,50.34822239999996],[47.74437479999999,50.355630299999966],[47.745129099999964,50.362145099999964],[47.74053450000003,50.36456880000004],[47.73966690000001,50.3680441],[47.74662940000002,50.372892],[47.74332220000003,50.378368399999985],[47.73398090000002,50.3812174],[47.73328459999996,50.38447319999999],[47.72818550000003,50.38751959999998],[47.71512890000002,50.38835940000001],[47.69814009999999,50.39210829999996],[47.6892466,50.395803299999976],[47.68659709999997,50.399792],[47.67696760000001,50.40075020000001],[47.663385400000024,50.40855469999996],[47.66210820000004,50.4169442],[47.67228770000004,50.41733290000001],[47.675086,50.42057490000003],[47.66940149999998,50.42303569999997],[47.65331740000002,50.421756299999984],[47.65145319999996,50.4237691],[47.656396,50.42737860000004],[47.6550648,50.429003899999955],[47.648298100000034,50.42960460000001],[47.64574660000004,50.4308766],[47.645413800000036,50.43342039999998],[47.6403478,50.435888],[47.64275060000004,50.43778150000004],[47.6423648,50.44067010000004],[47.6486863,50.440627200000044],[47.64966230000002,50.44181],[47.6490191,50.448186100000015],[47.64630130000002,50.447974199999976],[47.63971739999998,50.44241020000004],[47.63039869999998,50.44369119999998],[47.6251626,50.448816500000035],[47.64058120000004,50.45031930000003],[47.636067699999984,50.452983400000015],[47.63738269999999,50.45520929999998],[47.62472859999997,50.4600594],[47.61366789999998,50.45757890000002],[47.61083509999998,50.45977339999996],[47.612153700000015,50.46367759999997],[47.541827,50.46091159999999],[47.50521389999999,50.43332960000002],[47.4721539,50.419819400000044],[47.4187495,50.365057599999986],[47.415817799999985,50.35400780000001],[47.412533400000015,50.3515118],[47.411361699999965,50.34331730000001],[47.40551359999997,50.339029399999966],[47.406683200000025,50.33637320000002],[47.403963200000035,50.3350537],[47.400209500000045,50.33559190000003],[47.39882230000002,50.3337515],[47.3910974,50.33369950000004],[47.389438100000014,50.331320700000035],[47.38353559999996,50.330299800000034],[47.383056899999964,50.32810489999997],[47.37772560000001,50.3284939],[47.37364340000002,50.332922300000035],[47.3662351,50.3308137],[47.3654462,50.329042600000015],[47.35645919999999,50.330497699999974],[47.35356509999998,50.32890019999996],[47.3489301,50.33037270000003],[47.34705869999997,50.3280945],[47.34094410000004,50.330206],[47.3417057,50.331997900000026],[47.33987780000001,50.331956200000036],[47.334589100000024,50.325421199999965],[47.3286473,50.3235829],[47.326819,50.31955570000004],[47.324259499999954,50.3191763],[47.324945,50.31736680000003],[47.32064859999997,50.314565],[47.3170378,50.314565],[47.3138841,50.31027430000001],[47.3112788,50.31082889999998],[47.30995330000002,50.308522899999964],[47.30657110000004,50.30907750000002],[47.30743950000004,50.3061],[47.30524559999997,50.30560380000002],[47.30492559999996,50.30358939999997],[47.30013479999996,50.3033031],[47.29146120000004,50.282702199999974],[47.3006527,50.26315510000001],[47.3349741,50.238014499999984],[47.25729630000003,50.19175140000003],[47.316773,50.1523651],[47.3526454,50.0940359],[47.182360099999975,49.93502660000002],[46.95735389999999,49.8713974],[46.92957780000003,49.8747541],[46.90247210000004,49.86385150000003],[46.870089,49.7428934],[46.857768,49.64360070000004],[46.8442733,49.6065618],[46.83714820000004,49.606619],[46.838866099999976,49.5657802],[46.829259,49.565653],[46.805845400000045,49.4292962],[46.782086500000034,49.3398271],[46.83799879999998,49.31912849999998],[46.91452089999998,49.28283910000004],[46.99612120000004,49.232381899999986],[47.0511394,49.1655918],[47.02867780000003,49.08929540000002],[46.9719153,49.0274277],[46.892574700000026,48.98211450000003],[46.791675,48.95194420000004],[46.77916489999997,48.951413700000025],[46.492161,48.4336187],[46.6446167,48.385655599999986],[46.67675930000003,48.38947789999997],[46.74654320000001,48.3539942],[46.889167,48.32718889999998],[46.90899489999999,48.319389],[46.93126310000003,48.31661319999998],[47.1237606,48.269529],[47.10363150000002,48.21200390000004],[47.11372559999997,48.17655930000002],[47.125563599999964,48.1582889],[47.0919048,48.10352219999998],[47.211519,48.082250100000024],[47.20056020000004,48.05437749999999],[47.159331100000045,48.061807899999984],[47.14974150000001,48.0359422],[47.0499115,47.997515],[47.10041159999997,47.927289800000025],[47.180909400000026,47.8536645],[47.12148520000002,47.83146849999997],[47.19408,47.76050369999998],[47.38462749999998,47.68156309999998],[47.41147139999998,47.76331949999999],[47.4150752,47.837710499999964],[47.652672799999976,47.75819640000003],[47.86643870000004,47.75500859999997],[47.963430899999985,47.75108409999997],[48.03071819999999,47.762931500000036],[48.113718900000016,47.743257],[48.213354,47.69051459999998],[48.3268978,47.55240360000001],[48.397375899999965,47.47516619999998],[48.45301590000003,47.410845],[48.52064059999998,47.411572399999955],[48.711055,47.09533760000004],[48.91578819999999,46.880218],[48.99712520000003,46.7430848],[48.9214947,46.693507199999985],[48.7521448,46.683976800000046],[48.71444179999999,46.719504800000045],[48.67966389999997,46.709101900000036],[48.67532150000004,46.71662970000001],[48.65472740000004,46.7262122],[48.62913930000003,46.70819419999999],[48.61793179999997,46.703740099999955],[48.601424100000045,46.7126405],[48.548983800000045,46.71139169999996],[48.53526150000002,46.706146899999965],[48.54277529999999,46.6917782],[48.552069099999976,46.688488100000015],[48.506115,46.67643240000003],[48.490411600000016,46.6745911],[48.477887700000025,46.67057650000002],[48.49207819999998,46.6635324],[48.49344010000004,46.65913939999997],[48.499272900000015,46.65820329999997],[48.5117397,46.65138430000002],[48.518340199999976,46.649598599999976],[48.53931449999999,46.64932289999999],[48.560284,46.6418742],[48.5620322,46.63691410000001],[48.56059319999996,46.634117],[48.55196909999996,46.6296467],[48.54992610000003,46.621322699999965],[48.55191129999997,46.61817490000002],[48.56626930000002,46.6092403],[48.57657350000003,46.606074499999984],[48.58542649999996,46.608419300000016],[48.59668240000003,46.60891970000003],[48.605214,46.607013200000026],[48.61401340000003,46.601893199999964],[48.6227262,46.60340379999999],[48.6152538,46.600142],[48.599933,46.60024520000003],[48.594047200000034,46.597181500000026],[48.585964,46.598903599999964],[48.57974130000004,46.59744389999998],[48.572832,46.5916345],[48.569870800000025,46.59102989999997],[48.56783230000003,46.5875941],[48.557361,46.58582440000003],[48.555809600000025,46.57861549999998],[48.550037,46.575530200000046],[48.548728499999974,46.56778859999997],[48.54499489999996,46.56330379999998],[48.54528030000004,46.5602468],[48.54982930000001,46.556174500000026],[48.56287559999998,46.55599750000003],[48.58029920000001,46.560719],[48.6030873,46.5570008],[48.61531809999998,46.55809270000002],[48.62896520000001,46.561722200000034],[48.63823490000004,46.559037],[48.648163399999966,46.560146500000045],[48.6714514,46.5558499],[48.68286690000004,46.56086650000002],[48.69033419999999,46.5600108],[48.7024042,46.56305550000004],[48.7175196,46.55977260000002],[48.72622240000003,46.55394710000002],[48.748238700000016,46.550275900000024],[48.76592219999997,46.539925800000034],[48.77536940000004,46.539048899999955],[48.78270650000004,46.54212979999996],[48.78648160000002,46.54208760000002],[48.78801,46.540854799999984],[48.786932600000036,46.53320380000003],[48.790118600000035,46.521007599999976],[48.8145769,46.49594950000002],[48.819720399999966,46.48538260000004],[48.82665619999999,46.48016870000002],[48.838125799999965,46.47744059999999],[48.878678799999975,46.481563],[48.885628099999956,46.478165199999985],[48.9120129,46.45073260000003],[48.93621440000003,46.44580220000003],[48.95025239999998,46.4365551],[48.98595790000001,46.43300589999997],[49.00175080000003,46.42756339999996],[49.02612670000003,46.41478319999999],[49.044915500000045,46.3965927],[49.053287,46.39306790000004],[49.0839286,46.39014609999996],[49.10450890000001,46.384998600000024],[49.123946499999974,46.389909500000016],[49.1419132,46.382731600000035],[49.160453200000035,46.3838851],[49.1798029,46.377144],[49.19128729999996,46.36995559999997],[49.2637274,46.29330059999999],[49.314186600000035,46.272843200000025],[49.33831169999997,46.28744269999998],[49.3781575,46.2592713],[49.44972859999998,46.24370379999998],[49.53502289999997,46.188516599999986],[49.6495961,46.2310867],[49.75429819999998,46.19924420000003],[49.839682,46.1927839],[49.871749899999976,46.291584],[49.8695152,46.351169099999964],[49.925648400000014,46.4423829],[49.9173108,46.528582],[49.9382582,46.5759493],[50.0386838,46.58103189999998],[50.095616700000015,46.679066800000044],[50.12342590000004,46.702381],[50.142823599999986,46.704735399999976],[50.15432490000001,46.715329],[50.1649679,46.72227259999999],[50.179730799999966,46.7428626],[50.1972403,46.74909689999998],[50.21234649999996,46.763797599999954],[50.22899760000003,46.76579659999997],[50.24015559999998,46.748156],[50.23037089999997,46.734392300000025],[50.226422699999965,46.719918900000025],[50.2336325,46.690842899999986],[50.24221549999998,46.69237359999998],[50.247864800000045,46.71272590000004],[50.27294289999996,46.739098200000015],[50.28925079999996,46.76226890000004],[50.295258899999965,46.777553800000035],[50.30899179999998,46.7956549],[50.3270163,46.81386740000002],[50.34246580000003,46.812927499999965],[50.357057,46.815042199999965],[50.358602,46.823265],[50.36598339999997,46.83794539999997],[50.37422309999996,46.840881],[50.389844299999986,46.8341876],[50.413533600000015,46.8353619],[50.42263159999997,46.8616605],[50.41542190000003,46.873162099999966],[50.42393379999998,46.90151209999998],[50.419112799999965,46.91196580000001],[50.458938,46.905522],[50.47382,46.91024750000003],[50.49310379999997,46.93000420000002],[50.48597719999998,46.959482500000036],[50.487654,46.965490699999954],[50.49478059999998,46.9657768],[50.5157412,46.93930739999998],[50.494361400000024,46.90852919999997],[50.49205570000003,46.89707229999998],[50.4986776,46.873748800000016],[50.509492299999984,46.870815],[50.5129255,46.876447800000044],[50.519277,46.879968],[50.5699171,46.88982319999997],[50.62210220000002,46.961922799999975],[50.6263937,46.9605169],[50.627252,46.951377700000016],[50.64115659999998,46.946456],[50.650598,46.9564162],[50.66587579999996,46.963445800000045],[50.6754889,46.96988879999997],[50.68441520000003,46.9827726],[50.69643150000004,46.990384199999966],[50.70415629999997,46.96965460000004],[50.717030900000026,46.96321150000002],[50.7259573,46.97047450000002],[50.738488599999975,46.99975090000004],[50.756856399999975,47.01871340000003],[50.76286449999997,47.0134467],[50.76337950000004,46.9924918],[50.77316419999997,46.979961800000034],[50.787240399999966,46.98019609999997],[50.79091870000002,47.010559799999974],[50.79775509999999,47.02811],[50.8425332,47.03554730000003],[50.845791500000026,47.04025860000003],[50.8907419,47.0678535],[50.99147630000004,47.068744199999976],[50.99497169999997,47.0643551],[51.00042970000002,47.0676947],[51.003711600000045,47.066077200000024],[51.0042852,47.0679674],[51.05433,47.08080749999996],[51.105485,47.080106100000016],[51.15355020000002,47.0978715],[51.19234570000001,47.11983629999998],[51.2146617,47.1210044],[51.236291,47.132450299999974],[51.25208389999997,47.130114599999985],[51.27474320000004,47.11072430000003],[51.34203440000002,47.0960017],[51.3423777,47.09927380000003],[51.3324214,47.11516359999999],[51.33585460000002,47.11703280000001],[51.3361979,47.124274899999975],[51.341004499999976,47.12918020000003],[51.35988720000003,47.1228732],[51.37156019999997,47.11703280000001],[51.383919800000044,47.106752],[51.397877,47.11484879999996],[51.4242338,47.10274019999996],[51.448174599999966,47.0853947],[51.47145650000004,47.081057400000034],[51.492981200000024,47.081954800000034],[51.5298808,47.0696891],[51.57117309999998,47.0663978],[51.58610870000003,47.070586700000014],[51.57995880000003,47.0844973],[51.56794079999997,47.0960017],[51.56004439999996,47.11703280000001],[51.557984400000045,47.133851700000015],[51.563477599999985,47.13875620000001],[51.5754939,47.13875620000001],[51.5916301,47.13104890000002],[51.60742290000001,47.118668199999966],[51.6180659,47.1137619],[51.628708899999964,47.11189259999997],[51.63317210000004,47.1191354],[51.644501799999986,47.1191354],[51.68432720000001,47.10371409999998],[51.69188030000004,47.108387699999966],[51.70321,47.110257],[51.71968949999998,47.11049069999997],[51.741662099999985,47.10464879999996],[51.75261959999996,47.09840589999998],[51.7579411,47.1105576],[51.77098730000004,47.114997],[51.774420599999985,47.10354730000004],[51.7699574,47.09630240000002],[51.776681,47.09763780000002],[51.761202600000026,47.08496560000002],[51.755395,47.077066599999974],[51.751932899999986,47.0759646],[51.7413188,47.057189299999955],[51.7049266,47.02302980000004],[51.70115,47.004302799999984],[51.71865950000002,46.986740500000025],[51.73788559999998,46.9801824],[51.73170569999998,46.96495519999997],[51.733079,46.957222700000024],[51.72832309999996,46.94900469999996],[51.73413450000003,46.94336059999997],[51.698440599999984,46.92237459999997],[51.69627720000004,46.9200048],[51.7019328,46.91661530000004],[51.707150499999976,46.92067759999998],[51.70398819999998,46.92253840000002],[51.70453559999998,46.9245486],[51.7344509,46.94305320000003],[51.741300900000034,46.940363300000044],[51.75741990000004,46.940866800000045],[51.76571139999996,46.9391797],[51.778560300000024,46.939892100000044],[51.785577500000024,46.94464229999997],[51.7879807,46.94112640000003],[51.79690709999997,46.943939199999974],[51.7981087,46.9390167],[51.81098329999997,46.934445400000044],[51.82093969999998,46.934211],[51.821798,46.93550040000003],[51.84033740000002,46.92811539999997],[51.84565889999996,46.93128060000002],[51.84926379999998,46.929639400000035],[51.85801969999996,46.935375199999974],[51.8552731,46.9418216],[51.87075150000001,46.94831730000002],[51.88002119999996,46.949020400000016],[51.90714370000001,46.961674799999976],[51.92842969999997,46.960503200000026],[51.927743,46.975731799999984],[51.943535900000015,46.97666879999998],[51.9699717,46.96378370000003],[51.9826747,46.96378370000003],[51.99194440000002,46.978776899999964],[51.98748120000004,47.004302799999984],[52.04035290000003,47.012730800000014],[52.10764420000002,46.9825247],[52.13202010000001,46.992361100000025],[52.1605159,46.994000300000025],[52.20343119999998,46.974560499999974],[52.2274638,46.96729810000002],[52.26866249999996,46.98837990000004],[52.31535439999996,46.9865063],[52.341447,47.01132619999997],[52.30911119999996,47.05905250000002],[52.3204408,47.06758870000003],[52.367647699999964,47.03647770000001],[52.38092910000002,47.047364800000025],[52.423157800000034,47.047364800000025],[52.479321700000014,47.0120909],[52.52499290000002,46.9926539],[52.55366939999996,46.989476299999986],[52.58451949999997,46.99821519999998],[52.60923870000004,46.98837990000004],[52.64975080000004,46.980885100000044],[52.6950694,46.97947970000003],[52.73146160000001,46.9708123],[52.75858409999997,46.9769031],[52.77987010000002,46.971280899999954],[52.8087092,46.966829499999974],[52.81523239999998,46.99915180000003],[52.827592,47.00711230000001],[52.84647470000002,47.008517],[52.8653575,47.00617589999998],[52.8814937,47.008985199999984],[52.90689950000004,46.999854299999974],[52.94157510000003,46.9670638],[52.975564099999964,46.952301399999975],[52.98620710000003,46.92979869999998],[52.99376019999996,46.91948169999998],[53.00474650000001,46.9190128],[53.018822800000024,46.9119774],[53.039765399999986,46.9091629],[53.05040839999996,46.90470640000004],[53.0517817,46.90118779999997],[53.07135110000002,46.903064399999984],[53.0737544,46.89156930000002],[53.092637099999976,46.887345899999985],[53.095727100000026,46.890865400000045],[53.10190690000002,46.890865400000045],[53.10328019999996,46.874439200000026],[53.11392320000002,46.86974510000004],[53.11666969999999,46.85800809999996],[53.12422280000001,46.85659940000002],[53.127656100000046,46.842746],[53.13417920000002,46.8385189],[53.13658250000001,46.82959370000004],[53.13211930000003,46.814323600000016],[53.137269099999976,46.80468950000003],[53.1345225,46.80280939999999],[53.138985699999985,46.800694300000046],[53.1489421,46.79998929999998],[53.158555100000015,46.80750940000002],[53.15958509999997,46.80374939999996],[53.15718179999999,46.797874],[53.14207560000003,46.78471069999996],[53.1386424,46.77930350000003],[53.1386424,46.77495370000002],[53.13211930000003,46.768604899999985],[53.119416299999955,46.761314500000026],[53.1183864,46.75190609999997],[53.1225062,46.7403785],[53.12628280000001,46.73426089999999],[53.14379220000004,46.730495800000035],[53.14791210000004,46.72837790000004],[53.15752509999997,46.73308429999998],[53.16610820000004,46.7432018],[53.1712581,46.74202550000002],[53.1774379,46.72814250000001],[53.16542159999999,46.70978330000002],[53.168168199999954,46.70554569999996],[53.20009719999997,46.7081354],[53.20799359999998,46.7043685],[53.20044049999996,46.7008369],[53.192887400000025,46.688591899999984],[53.192887400000025,46.6805841],[53.204217,46.67375290000002],[53.21692,46.67116160000002],[53.2237864,46.67540190000003],[53.23305620000004,46.6751663],[53.237176,46.66644969999998],[53.24266919999997,46.646184],[53.22515970000003,46.645477],[53.2176066,46.63840569999997],[53.22893630000004,46.627797],[53.23133950000002,46.6223739],[53.249879,46.61317710000004],[53.2361461,46.60327120000003],[53.234772799999966,46.5999688],[53.22962290000001,46.5999688],[53.22447309999997,46.60279939999998],[53.21280010000004,46.6006764],[53.21074020000004,46.59454290000002],[53.2114268,46.587229],[53.21520340000002,46.58392569999996],[53.22550310000002,46.58133],[53.226533,46.573306299999985],[53.21790989999996,46.5601051],[53.2107504,46.55469330000004],[53.21080120000003,46.550398300000026],[53.225018599999984,46.54516009999996],[53.22608490000002,46.541702599999965],[53.232535699999964,46.53503310000004],[53.2601293,46.53483870000004],[53.276658099999985,46.5409634],[53.38034159999997,46.48993109999997],[53.38411819999999,46.47480130000001],[53.41295729999997,46.416606600000044],[53.40471749999997,46.38488089999997],[53.407120800000044,46.378486199999955],[53.415360500000034,46.36830049999998],[53.40780740000001,46.354084599999965],[53.41124070000004,46.34081320000003],[53.40746410000003,46.32445639999998],[53.39750780000002,46.300268],[53.38068490000004,46.28484809999998],[53.35665230000003,46.27678070000003],[53.35218909999996,46.266576],[53.34806929999997,46.24426140000002],[53.3453227,46.2107726],[53.304124,46.185107800000026],[53.2704783,46.147539499999965],[53.25159560000002,46.11399160000003],[53.24129590000003,46.0835192],[53.24129590000003,46.05874789999997],[53.249879,46.043975199999984],[53.23545940000002,46.03515730000003],[53.193574,46.015133],[53.17124819999998,45.976622],[53.17022810000004,45.93782879999997],[53.1609348,45.92810710000001],[53.1687816,45.922313800000026],[53.17423390000001,45.91568029999997],[53.18293809999998,45.9122285],[53.1979528,45.90895810000004],[53.20770149999997,45.90390080000002],[53.22162820000004,45.90023630000004],[53.22798229999998,45.89996370000004],[53.25692430000003,45.890411399999984],[53.25702449999997,45.88895730000002],[53.24953560000002,45.88479880000003],[53.21177419999997,45.88918209999997],[53.18766249999999,45.8986041],[53.1782494,45.9071232],[53.158801,45.9203985],[53.15329449999996,45.926862300000046],[53.14358930000004,45.9301658],[53.0975967,45.900953],[53.08813169999996,45.90069909999996],[53.05653960000002,45.8917094],[53.04782159999998,45.8919542],[53.049422,45.88501670000002],[53.0605745,45.8730302],[53.05543009999997,45.871005199999956],[53.05839619999998,45.87001830000001],[53.0596782,45.86041669999996],[53.06620129999998,45.85563459999997],[53.07478439999996,45.85276509999996],[53.0902339,45.84965639999996],[53.10259349999998,45.851569499999975],[53.098533,45.76087029999998],[53.4548427,45.693758899999956],[53.45037950000001,45.66737369999998],[53.49054820000002,45.65129669999999],[53.508057699999966,45.65441650000002],[53.5032512,45.63329450000004],[53.5111476,45.60279760000003],[53.54719650000003,45.57060179999996],[53.57946880000003,45.55666050000002],[53.621697500000046,45.4996578],[53.64264020000002,45.4955668],[53.702035,45.51650009999999],[53.76314649999997,45.51192909999997],[53.759369900000046,45.561949],[53.73945720000003,45.57853230000004],[53.83764749999999,45.63929590000002],[53.864083399999984,45.65081669999997],[53.89566910000002,45.6752906],[53.92725479999997,45.726603],[53.9687968,45.7697266],[54.088959799999984,45.77355820000004],[54.1390849,45.796542199999976],[54.2118693,45.79151519999998],[54.26817430000003,45.75104379999997],[54.3498851,45.680807700000045],[54.39898019999997,45.647456699999964],[54.39348710000004,45.6229706],[54.371514400000024,45.606640600000034],[54.36636459999998,45.59511070000004],[54.372201,45.580454700000026],[54.42816270000003,45.56267009999997],[54.48721420000001,45.54848649999996],[54.540429199999984,45.521070699999974],[54.568925,45.489309399999975],[54.580598,45.45319529999998],[54.5946742,45.4264559],[54.61561689999998,45.4117559],[54.6756984,45.3960878],[54.710374,45.38258559999997],[54.769768799999966,45.3565365],[54.79689130000002,45.334095799999986],[54.8095942,45.2993312],[54.8219539,45.27710939999998],[54.856629499999976,45.2616456],[54.9043513,45.25149520000002],[54.94383339999997,45.23409030000003],[54.9005748,45.19878059999998],[54.84461319999997,45.18160160000002],[54.79689130000002,45.16393319999998],[54.75534919999997,45.121312899999985],[54.72307689999997,45.09587079999997],[54.64857590000004,45.0495614],[54.5383693,44.99811650000003],[54.505067,45.0058847],[54.437128499999965,44.9942389],[54.409549,45.002696399999984],[54.401383500000044,44.9990876],[54.383874,44.996417100000016],[54.358072,44.9997499],[54.341275,45.00854349999999],[54.3330996,45.009986199999986],[54.319995400000046,45.00981930000003],[54.28382420000003,45.00501010000002],[54.2750407,45.001758],[54.267144299999984,45.010253900000016],[54.266653799999986,45.02259880000003],[54.275105899999964,45.059742599999964],[54.271932400000026,45.05991539999996],[54.26518819999996,45.05467240000003],[54.2479362,45.04657420000002],[54.23562170000002,45.0486951],[54.227869,45.04730789999998],[54.22341230000002,45.04908019999998],[54.214389299999965,45.04857080000002],[54.1977931,45.050774199999985],[54.185090100000025,45.05514],[54.14457810000003,45.0371898],[54.12226210000003,45.037675],[54.12571550000004,45.03416249999999],[54.11730409999996,45.02251549999998],[54.11833410000001,45.02045280000002],[54.0961898,44.991323899999955],[54.08125520000004,44.9791825],[54.06767380000003,44.97286250000003],[54.013964,44.961937199999966],[53.974138500000024,44.948453200000024],[53.955942400000026,44.9398266],[53.93997790000002,44.93812550000003],[53.93362650000003,44.938976],[53.93328310000004,44.937031800000035],[53.917490300000026,44.92961879999997],[53.89139780000002,44.9242712],[53.8778163,44.92475189999998],[53.8555003,44.928155],[53.8132716,44.927182700000024],[53.79370219999996,44.934231399999966],[53.775162799999976,44.94516740000003],[53.75335320000004,44.94640779999999],[53.74631450000004,44.93897609999997],[53.7399947,44.9358516],[53.72065079999998,44.930927900000015],[53.70718490000003,44.9135689],[53.6694194,44.88827770000003],[53.6247874,44.86467870000001],[53.58187210000002,44.805273399999976],[53.55440629999998,44.79504180000002],[53.5495997,44.77554790000002],[53.54650979999997,44.73922289999999],[53.546166499999984,44.704583300000046],[53.5355235,44.679200200000025],[53.5152675,44.649654],[53.48539839999999,44.6249799],[53.4606791,44.5941837],[53.43527329999996,44.58513729999998],[53.42943680000004,44.56899689999998],[53.43904979999997,44.55652170000002],[53.42875009999998,44.54184159999996],[53.42463019999998,44.531073799999966],[53.4304667,44.52471010000003],[53.41776380000002,44.50585969999998],[53.41776380000002,44.49826880000003],[53.36317550000002,44.4500071],[53.3473826,44.43333890000003],[53.3432628,44.42034419999998],[53.31202040000004,44.3837966],[53.30927379999998,44.37569909999996],[53.2866145,44.36956390000002],[53.21932320000001,44.381097599999976],[53.16851150000003,44.39729],[53.12113289999997,44.427209699999956],[53.16061510000002,44.46177],[53.2055903,44.523731],[53.238549299999974,44.57388839999996],[53.315796900000045,44.67700310000004],[53.37484840000003,44.76116690000003],[53.39235789999998,44.7821278],[53.421883700000016,44.84788590000004],[53.479905199999955,44.93544659999997],[53.52694040000002,44.986219400000024],[53.57534890000003,45.02602869999996],[53.634057100000035,45.050774199999985],[53.67182259999998,45.0614454],[53.75456339999999,45.08956910000001],[53.898415599999986,45.132213200000024],[53.941674300000045,45.149165],[53.955407199999975,45.166838],[53.98149979999999,45.193942],[54.02510170000002,45.231430799999984],[54.032654800000046,45.2575374],[53.9931727,45.260679],[53.97017010000004,45.2466611],[53.9646769,45.23602450000001],[53.93412120000002,45.22659489999998],[53.92313489999997,45.2154708],[53.922104900000015,45.20894050000004],[53.881592800000014,45.18184359999997],[53.85069380000004,45.17845560000004],[53.832154399999965,45.216921899999974],[53.789239,45.21668010000004],[53.7380839,45.25608730000001],[53.702035,45.24641929999997],[53.65156659999998,45.26647850000003],[53.603844700000025,45.288946],[53.5581828,45.29111989999996],[53.5090876,45.289187599999956],[53.4544993,45.29232749999996],[53.423257,45.2829073],[53.35356239999999,45.22732029999996],[53.269448400000044,45.20676350000004],[53.235116100000035,45.178939600000035],[53.205247,45.17530939999996],[53.140359,45.174825299999966],[53.09092049999996,45.18063360000004],[52.929902200000015,45.18692519999996],[52.871880599999976,45.19103860000004],[52.771287,45.2164382],[52.72287850000003,45.24061780000002],[52.68682970000002,45.25294540000002],[52.7036525,45.27831740000001],[52.6669169,45.29425960000004],[52.631898,45.29739930000003],[52.60855209999998,45.29474270000004],[52.54297740000001,45.30754149999996],[52.49319559999998,45.3222686],[52.45611680000001,45.321785800000015],[52.419037900000035,45.317199],[52.39637859999996,45.31647470000004],[52.375779199999975,45.30874870000001],[52.323594200000045,45.31913030000003],[52.308144700000014,45.3126119],[52.290627399999956,45.311892200000045],[52.28771590000002,45.3148918],[52.25574989999996,45.32440579999999],[52.2513525,45.32330590000002],[52.25516360000003,45.33107059999997],[52.25418550000002,45.33228340000004],[52.201411700000044,45.350901100000016],[52.19807730000002,45.354457400000015],[52.17913449999997,45.3569359],[52.148199,45.35492269999997],[52.12811329999997,45.3710817],[52.09911130000001,45.38792890000003],[52.058144,45.4012704],[52.018036900000034,45.410068800000026],[51.95658219999998,45.415371],[51.91092020000002,45.41754],[51.873498,45.417058],[51.788691800000045,45.408939500000024],[51.7814487,45.40987819999997],[51.76329260000002,45.408199],[51.759588499999964,45.408965400000035],[51.7272426,45.4028376],[51.6949702,45.38837259999997],[51.643128500000046,45.36811530000004],[51.585106900000014,45.3418183],[51.525368799999974,45.32806179999997],[51.508889299999986,45.32878590000002],[51.47902019999996,45.3258894],[51.47490029999996,45.326854900000036],[51.45876419999996,45.32419969999999],[51.45258439999997,45.31961310000001],[51.4295817,45.310921800000045],[51.41104230000001,45.3058512],[51.38803970000004,45.3058512],[51.36915689999998,45.29329359999996],[51.356454,45.27662619999997],[51.3403178,45.267203399999964],[51.321091699999954,45.250045],[51.30274979999997,45.23789289999998],[51.28916270000003,45.2195821],[51.2613536,45.195393600000045],[51.2472773,45.16925849999998],[51.25380049999998,45.109199],[51.259980299999974,45.0820547],[51.26238350000004,45.047378400000035],[51.2778331,45.01413729999999],[51.26204019999997,44.98646220000004],[51.22873790000001,44.95561530000003],[51.22873790000001,44.933988400000025],[51.207108599999984,44.90676079999998],[51.19337569999997,44.88584520000003],[51.2167216,44.8206175],[51.222558100000015,44.79406720000003],[51.25208389999997,44.76433590000004],[51.2836696,44.6921372],[51.309157,44.606382899999964],[51.29813819999997,44.60070310000004],[51.29978169999997,44.59704059999996],[51.30375339999996,44.59804420000004],[51.303532900000015,44.5953826],[51.314475800000025,44.597411600000015],[51.338701899999975,44.597062399999984],[51.36454060000003,44.5996849],[51.41170170000004,44.6018029],[51.432150700000015,44.601332],[51.45155440000001,44.596384],[51.519875600000034,44.56606180000004],[51.563477599999985,44.5543199],[51.59060010000004,44.53547910000004],[51.59746660000001,44.526913],[51.59932720000003,44.50689639999996],[51.5954924,44.504658],[51.58246210000003,44.5001803],[51.57377729999998,44.499983],[51.51196520000002,44.5110972],[51.50251819999997,44.5076398],[51.49549970000004,44.50708390000002],[51.4846607,44.510042300000016],[51.48030839999996,44.514071],[51.47780060000004,44.52060750000004],[51.46825420000002,44.52598010000004],[51.4556741,44.528464399999976],[51.449919600000015,44.5316002],[51.4525128,44.52632470000004],[51.45901070000002,44.521410699999976],[51.4600195,44.518532],[51.45781329999998,44.51299130000004],[51.45169259999999,44.508631900000026],[51.44678540000004,44.50735169999997],[51.4401146,44.508351199999986],[51.4363047,44.50637870000003],[51.43271379999997,44.50781410000004],[51.422749899999964,44.50277549999997],[51.418694399999964,44.503061700000025],[51.403023900000036,44.50997710000004],[51.3970412,44.51847],[51.38803970000004,44.52422060000003],[51.385689,44.52327859999998],[51.38622909999998,44.52527160000004],[51.3832667,44.52494820000001],[51.378083300000036,44.5207937],[51.36407570000002,44.5184774],[51.3593008,44.51612690000004],[51.34764709999998,44.51649270000002],[51.34395910000001,44.52007810000003],[51.3441316,44.523340200000014],[51.35406519999998,44.528039],[51.35920059999998,44.53254229999997],[51.3646937,44.544288600000016],[51.32864479999998,44.539884],[51.30514789999997,44.5429712],[51.29356830000004,44.540960900000016],[51.292121,44.54178059999998],[51.290148,44.5368398],[51.273490400000036,44.52481669999997],[51.255577500000015,44.517944300000046],[51.25328150000003,44.5105907],[51.233302500000036,44.49349659999997],[51.2119521,44.48078330000003],[51.198970300000035,44.475437600000035],[51.182697800000035,44.4733782],[51.17675410000003,44.47483049999998],[51.17643220000004,44.476411400000046],[51.17096690000002,44.474695],[51.131997600000034,44.4758763],[51.11419850000002,44.47366989999997],[51.09883269999999,44.47474170000001],[51.07794790000001,44.482047800000025],[51.075106900000044,44.485466299999985],[51.069036500000045,44.48835960000002],[51.06691869999997,44.4917119],[51.05112150000003,44.498223],[51.050514299999975,44.50064269999998],[51.03695520000004,44.5081721],[51.0133367,44.514179500000026],[51.00454819999999,44.51956969999997],[50.996995099999964,44.531073799999966],[50.9959651,44.5401287],[50.9990223,44.55013189999997],[51.0074187,44.558348900000034],[50.9789315,44.55339040000001],[50.958905,44.5586975],[50.94858650000004,44.56728479999998],[50.942063399999974,44.57657849999996],[50.890221700000026,44.61276120000004],[50.87648880000001,44.613738800000014],[50.868249,44.61911519999997],[50.8404399,44.623513800000026],[50.82911020000004,44.6276677],[50.82430369999999,44.63255430000002],[50.803361,44.63279859999998],[50.79443459999996,44.6181377],[50.78035839999996,44.60713969999996],[50.74224960000004,44.60322870000002],[50.71512709999998,44.6108059],[50.696931,44.60640640000004],[50.66448220000003,44.6091013],[50.66138149999998,44.611191],[50.64927509999998,44.609037100000016],[50.64127139999998,44.6113621],[50.63991530000004,44.613277600000046],[50.625757500000034,44.61375410000004],[50.61793830000002,44.619208499999964],[50.61087879999998,44.6279274],[50.6042076,44.6294637],[50.5980793,44.634428],[50.59459669999998,44.63196950000003],[50.56272349999996,44.620205899999974],[50.55206969999998,44.621143600000025],[50.53428989999996,44.625703899999955],[50.52712730000001,44.62965459999999],[50.52206119999997,44.627967099999985],[50.5172697,44.62844210000003],[50.509607099999975,44.625603099999964],[50.50240380000003,44.62670879999997],[50.496361300000025,44.623969],[50.488052900000035,44.624622700000025],[50.4830361,44.623349],[50.47323849999997,44.624896],[50.46628190000001,44.623770500000035],[50.4627393,44.62523509999998],[50.441157199999964,44.62752730000001],[50.41691429999996,44.63656260000002],[50.402986100000035,44.634631],[50.38882190000004,44.636344199999975],[50.38021519999997,44.639306300000015],[50.376552400000044,44.642521700000046],[50.36902080000002,44.63987120000004],[50.35993559999997,44.6413156],[50.352208699999956,44.640514],[50.3240879,44.644642899999965],[50.321878300000044,44.64609410000004],[50.31834689999998,44.64505710000004],[50.311389699999964,44.645922],[50.305571,44.633299899999976],[50.3035089,44.62276990000002],[50.2984002,44.61280569999999],[50.293166400000025,44.608990599999984],[50.294017800000034,44.607386100000014],[50.28790750000002,44.59786480000003],[50.28467709999999,44.58577020000003],[50.27772160000003,44.585212900000016],[50.27554919999996,44.58382620000003],[50.278004,44.584956799999965],[50.2844121,44.58447350000003],[50.28165739999998,44.5757781],[50.27615440000003,44.576002900000034],[50.273762900000044,44.574477700000045],[50.27884020000003,44.575655],[50.2764299,44.5701071],[50.27991690000003,44.56821050000001],[50.27935880000004,44.56731779999996],[50.275387,44.56854760000002],[50.2724462,44.564164],[50.27701469999998,44.561558799999965],[50.273119,44.55403890000002],[50.27131540000004,44.55214340000004],[50.2663469,44.55236210000002],[50.270865899999976,44.55201120000003],[50.2683167,44.5474198],[50.27045630000001,44.546292],[50.266316300000035,44.54332749999998],[50.2599493,44.5420826],[50.2558798,44.5447264],[50.25525970000003,44.54257540000002],[50.24898440000004,44.54670420000004],[50.250475200000025,44.549793899999976],[50.2527046,44.5484769],[50.24986530000001,44.55231859999997],[50.25187859999997,44.55295409999997],[50.2513755,44.55566029999998],[50.25513129999998,44.5584729],[50.25526109999997,44.560730099999965],[50.232941300000014,44.5725427],[50.22915269999998,44.578585400000016],[50.22554660000004,44.58992880000003],[50.230984099999986,44.597795100000035],[50.22921340000003,44.5982112],[50.226848799999956,44.5963842],[50.223893899999986,44.58529179999997],[50.23260850000001,44.5674182],[50.23886910000003,44.54539850000001],[50.2408224,44.52901230000001],[50.245118199999986,44.451232500000046],[50.24443160000002,44.409308799999955],[50.24855150000002,44.3855141],[50.25588530000002,44.37601249999996],[50.26755830000004,44.3652141],[50.2703049,44.355641200000015],[50.28163450000004,44.35146790000004],[50.3117228,44.33151110000002],[50.33781540000001,44.3209501],[50.388970499999985,44.303753800000024],[50.42845260000003,44.2936793],[50.47102460000003,44.294908],[50.581574499999974,44.2853235],[50.6313563,44.2784414],[50.679078199999964,44.269591799999986],[50.70620070000002,44.26344550000001],[50.77417859999996,44.24106740000002],[50.80885420000004,44.21966490000002],[50.838379899999985,44.197024],[50.8462764,44.183484499999956],[50.87339889999997,44.1110571],[50.87614540000002,44.078016500000025],[50.8746198,44.062654],[50.86944410000004,44.05270550000002],[50.8678861,44.0348247],[50.87342630000001,44.023494600000014],[50.89268410000002,44.01282560000001],[50.9029246,44.00941059999999],[50.91047770000002,44.0099045],[50.92901720000002,44.0044719],[50.976395699999976,43.95876909999996],[50.9942485,43.936769799999965],[50.999741600000014,43.907837],[51.01484779999998,43.853642899999976],[51.02393339999997,43.81039879999997],[51.0274525,43.808169],[51.0313148,43.797390300000025],[51.0717411,43.757356],[51.082709,43.7371329],[51.0826667,43.73137190000003],[51.08813149999999,43.72808539999997],[51.09063469999998,43.7230662],[51.10022430000002,43.71628829999998],[51.11410139999998,43.69614909999997],[51.1171965,43.68452860000003],[51.12217,43.6788475],[51.12333680000002,43.67372159999998],[51.13153370000002,43.666010600000035],[51.1323654,43.66123990000001],[51.1371928,43.65421379999999],[51.164366,43.62643929999999],[51.16658510000002,43.625946200000044],[51.16976409999997,43.63024730000002],[51.17664479999996,43.62997519999998],[51.1869837,43.62846960000002],[51.208512,43.62086430000003],[51.21363739999999,43.614732199999985],[51.20996320000001,43.61216380000001],[51.2165133,43.61496059999996],[51.2200128,43.6114926],[51.2047299,43.607271699999984],[51.21775870000002,43.6100093],[51.22036579999999,43.60574250000002],[51.21532579999998,43.60261790000004],[51.21828480000003,43.602266],[51.21791330000002,43.600575],[51.223802300000024,43.594905],[51.22243030000001,43.59397330000003],[51.226509,43.59491289999997],[51.236843600000014,43.591901600000035],[51.24947280000002,43.5835894],[51.243173,43.578994599999966],[51.279998900000045,43.6018123],[51.28119470000004,43.60130060000002],[51.24347719999999,43.57856260000001],[51.2505889,43.581837099999966],[51.25682370000001,43.5782898],[51.26924260000002,43.56448039999996],[51.2784955,43.548515099999975],[51.2850446,43.53126210000002],[51.2870595,43.5182055],[51.293913299999986,43.50598619999999],[51.2954205,43.49143940000004],[51.30965949999996,43.46553890000002],[51.31462009999998,43.452628],[51.31731520000004,43.3916271],[51.3147847,43.35611159999997],[51.30838879999998,43.31448749999998],[51.2857295,43.2420019],[51.2673081,43.170197900000026],[51.268563399999955,43.153152],[51.27268320000004,43.148894],[51.278863,43.1466396],[51.290192699999984,43.14638909999997],[51.37309270000002,43.15713219999997],[51.46666059999997,43.164171400000015],[51.48176680000002,43.163921],[51.49041919999996,43.1606729],[51.4922124,43.1650268],[51.496731,43.168592],[51.503109400000035,43.17166620000001],[51.515659100000036,43.1737368],[51.55764109999998,43.17619029999997],[51.59334670000001,43.18244920000003],[51.6221858,43.185202899999965],[51.64946749999998,43.1840494],[51.6608829,43.1797309],[51.66225620000004,43.176225799999976],[51.664745300000014,43.17610070000002],[51.66783519999997,43.171969399999966],[51.665603599999976,43.17034190000004],[51.66757769999998,43.167587500000046],[51.66681769999998,43.159914100000016],[51.6721788,43.123579],[51.66914680000004,43.11611239999997],[51.657922700000036,43.11108590000001],[51.65745379999996,43.10495489999997],[51.74509530000001,43.05188090000003],[51.76511320000002,43.033505899999966],[51.78898030000002,43.0001649],[51.791443900000026,42.987371299999985],[51.80355560000002,42.9757513],[51.808372,42.9555371],[51.82302959999997,42.94290310000004],[51.84980880000004,42.90343269999999],[51.88070780000002,42.869221300000035],[51.90508370000001,42.83322850000004],[51.922357099999964,42.829540499999986],[51.93302719999996,42.83032309999999],[51.944586299999976,42.832708],[51.97036509999996,42.844646600000026],[52.0226009,42.858572],[52.07755030000004,42.8710028],[52.139962,42.880448600000044],[52.184735600000046,42.87547730000003],[52.22408209999997,42.86354470000002],[52.250539200000034,42.84215960000004],[52.26953409999996,42.8123075],[52.278170299999985,42.80390360000001],[52.2874452,42.790097],[52.28723449999998,42.78615579999998],[52.29247250000003,42.782397599999975],[52.2977621,42.785610399999975],[52.31566440000003,42.8098192],[52.34076480000002,42.82624030000004],[52.37807610000004,42.8332055],[52.42556330000002,42.838180100000024],[52.472372,42.83569280000001],[52.52754,42.82369869999998],[52.54064519999996,42.81959479999997],[52.551094,42.81850189999996],[52.59176830000004,42.80932150000003],[52.612608399999964,42.802826299999964],[52.62453229999996,42.7893389],[52.630351799999985,42.77997770000004],[52.63438019999997,42.768472899999985],[52.63502630000004,42.75936190000002],[52.632615,42.74636289999998],[52.641274600000024,42.7503564],[52.65542629999997,42.7540867],[52.664667300000026,42.7531956],[52.67052740000003,42.743742699999984],[52.693188199999966,42.74042],[52.70198460000001,42.74172979999997],[52.7113074,42.74076320000002],[52.73743350000003,42.73276769999998],[52.7486388,42.717026499999974],[52.757753900000026,42.6885074],[52.75956820000004,42.6602283],[52.752311,42.624727799999974],[52.7345306,42.5940156],[52.71783889999996,42.57638259999996],[52.7025619,42.57253710000002],[52.69683359999996,42.577827],[52.681197,42.6183755],[52.66995730000003,42.64106569999997],[52.65939870000002,42.651018500000035],[52.64942840000001,42.65696210000003],[52.649769,42.661243],[52.63760040000004,42.671784500000044],[52.63273909999998,42.6732642],[52.63221270000004,42.67620089999997],[52.62902350000004,42.6771115],[52.62880670000004,42.67909189999999],[52.61524470000004,42.68173239999997],[52.59892690000002,42.69110970000003],[52.5796056,42.70983739999996],[52.571709899999966,42.7227364],[52.5738464,42.73265340000003],[52.58084419999999,42.742955400000035],[52.57474029999997,42.74285440000003],[52.5651505,42.738737899999954],[52.55950169999998,42.7306649],[52.55665540000002,42.73101870000004],[52.553896700000024,42.73616489999996],[52.550700100000036,42.733495399999974],[52.555473099999986,42.717475700000016],[52.5602899,42.712714100000035],[52.57574739999998,42.702063300000034],[52.5839798,42.692312],[52.592124500000025,42.685778],[52.63495019999996,42.654804899999974],[52.64967560000004,42.6400526],[52.658711299999986,42.62801110000003],[52.67506390000004,42.594956],[52.6817691,42.564903900000026],[52.68262029999998,42.55018910000003],[52.67524659999997,42.52166039999998],[52.67211810000002,42.49964780000004],[52.642000400000036,42.424425899999974],[52.61841420000001,42.394955],[52.5970052,42.34938179999996],[52.576322,42.31048449999999],[52.5534616,42.27720140000002],[52.536044100000026,42.261896100000016],[52.508829299999974,42.22939339999996],[52.48959749999999,42.210851300000016],[52.461657,42.190421899999976],[52.454036899999956,42.18128029999997],[52.43589369999998,42.14550769999998],[52.4282735,42.1145602],[52.42391919999997,42.08009650000004],[52.43625649999998,42.0784805],[52.444602399999965,42.0722857],[52.4482311,42.06555149999998],[52.44641669999998,42.0531587],[52.43988520000001,42.035104],[52.4391595,42.02243570000002],[52.453674,42.00814710000002],[52.463834200000036,42.00113650000004],[52.473268700000034,41.99034930000003],[52.4798002,41.9809091],[52.485968900000046,41.96175460000002],[52.49250040000001,41.953929200000026],[52.49540340000004,41.940435],[52.49431480000003,41.9139781],[52.496491900000045,41.89939509999998],[52.4892347,41.86994890000004],[52.4700029,41.82724130000002],[52.44330919999999,41.77991339999998],[52.442900500000015,41.7685039],[52.4462773,41.76175880000004],[52.45071679999997,41.76243649999998],[52.49676809999998,41.7972993],[52.655828600000035,41.90645340000001],[52.798718,42.000921],[52.909226,42.076775],[52.934303,42.092785],[52.984788,42.121175],[53.570558,42.288924],[53.665399500000014,42.30346570000003],[54.150504,42.368566],[54.166181,42.372250300000026],[54.21780990000001,42.37908649999997],[54.779482,42.052549],[54.81756,42.018303],[54.868997,41.978184],[54.912094,41.940989],[54.928925,41.928325],[54.952115,41.906308],[54.95195,41.879588],[54.948098,41.857168],[54.949976,41.833213],[54.964006,41.810219],[54.999233,41.781083],[55.032942,41.742608],[55.046208,41.723485],[55.066234,41.699339],[55.108708,41.630102],[55.115536,41.6112],[55.119606,41.604653],[55.137159,41.591588],[55.158105,41.570202],[55.179395,41.543515],[55.211425,41.514579],[55.216836,41.504246],[55.240111,41.472],[55.268401,41.437991],[55.315465,41.390882],[55.33761,41.380314],[55.345328,41.374267],[55.349702,41.362916],[55.37519,41.344774],[55.383235,41.339986],[55.387925,41.340495],[55.389603,41.337468],[55.392283,41.336461],[55.395297,41.338482],[55.398313,41.337222],[55.399989,41.335205],[55.396975,41.333688],[55.397669,41.32935],[55.393659,41.326361],[55.395086,41.32417],[55.399059,41.323335],[55.400114,41.320052],[55.398286,41.318147],[55.404801,41.318121],[55.407685,41.317017],[55.408745,41.314281],[55.414891,41.313709],[55.414457,41.306335],[55.410084,41.303074],[55.410411,41.299521],[55.414691,41.29322],[55.426281,41.294538],[55.42988,41.292611],[55.430938,41.289874],[55.429064,41.283326],[55.430472,41.279495],[55.43555,41.280839],[55.439294,41.29339],[55.442191,41.293651],[55.451524,41.286507],[55.45108,41.278586],[55.448153,41.27532],[55.450623,41.269299],[55.455302,41.267093],[55.464388,41.271423],[55.472347,41.27166],[55.477019,41.268906],[55.482361,41.261232],[55.49066,41.259553],[55.499612,41.251587],[55.508338,41.255916],[55.524272,41.258022],[55.537273,41.256589],[55.542728,41.259293],[55.54493,41.262013],[55.546847,41.271292],[55.54902,41.271554],[55.553667,41.266885],[55.557026,41.27561],[55.554575,41.282453],[55.546285,41.284955],[55.545235,41.287966],[55.551042,41.289575],[55.558952,41.285435],[55.560786,41.287611],[55.556517,41.293644],[55.557977,41.294729],[55.567019,41.294407],[55.568449,41.293033],[55.567673,41.288666],[55.573099,41.288637],[55.570517,41.284553],[55.574824,41.281797],[55.571164,41.278265],[55.576874,41.27195],[55.580481,41.27111],[55.579825,41.276578],[55.58235,41.276018],[55.588052,41.269156],[55.592033,41.269406],[55.58811,41.2738],[55.588498,41.275983],[55.595739,41.276489],[55.594964,41.272395],[55.600034,41.272913],[55.602852,41.266886],[55.602758,41.25951],[55.602008,41.257328],[55.596935,41.256538],[55.599387,41.25024],[55.601928,41.251045],[55.604432,41.248845],[55.603316,41.246392],[55.607303,41.247189],[55.609879,41.250726],[55.606778,41.262765],[55.608996,41.266577],[55.61995,41.27471],[55.62829,41.276299],[55.63561,41.282813],[55.640323,41.283604],[55.645,41.281663],[55.649279,41.276992],[55.652556,41.278611],[55.657704,41.284863],[55.666039,41.285904],[55.669645,41.285061],[55.673293,41.287224],[55.681274,41.288812],[55.682992,41.282244],[55.687698,41.282487],[55.688486,41.287127],[55.706173,41.284278],[55.707581,41.281537],[55.713325,41.278493],[55.719172,41.282552],[55.727086,41.279493],[55.728906,41.2803],[55.728604,41.2844],[55.721775,41.287452],[55.721496,41.293192],[55.722597,41.294277],[55.728004,41.292874],[55.736015,41.296371],[55.7378,41.29472],[55.741056,41.294697],[55.743336,41.302058],[55.751573,41.296263],[55.761695,41.295645],[55.766291,41.288508],[55.773821,41.284082],[55.800546,41.281154],[55.811717,41.278338],[55.815024,41.281591],[55.816549,41.286498],[55.815215,41.293612],[55.816356,41.297155],[55.832042,41.304959],[55.839787,41.313916],[55.870722,41.324053],[55.87671360000003,41.33178620000002],[56.00179210000002,41.32427980000004],[55.99857810000001,43.7532701],[55.998664799999986,44.156594100000014],[55.99872530000002,44.43675189999998],[55.99874260000003,45.000313700000014],[56.652713,45.15662],[57.00101,45.237915],[57.432773,45.334335],[57.998912,45.459793],[58.587577,45.590118],[58.60446492788115,45.5812662628859],[58.621438,45.587207],[58.631845,45.58759440000004],[58.635724500000045,45.615254],[58.63332510000002,45.63944439999996],[58.64348579999998,45.67565539999998],[58.648567,45.7184317],[58.661146299999984,45.742318300000015],[58.67062970000002,45.7810858],[58.683639499999984,45.806623799999954],[58.6975376,45.82501959999996],[58.71344850000001,45.840883],[58.730558,45.854679],[58.747495,45.86097250000003],[58.76633589999997,45.8642001],[58.77441149999997,45.86230619999998],[58.808523,45.84584120000004],[58.82507519999997,45.84173730000003],[58.810815499999975,45.85182729999999],[58.802329,45.86625089999996],[58.801015800000044,45.8790052],[58.802874,45.8888024],[58.80645529999998,45.89530350000002],[58.8163452,45.90542779999998],[58.83993360000003,45.91872989999997],[58.861078,45.9252365],[58.874439700000025,45.92615590000004],[58.914419600000045,45.918744899999965],[58.94647370000003,45.906827],[58.9693347,45.90739439999998],[58.976759,45.906182],[58.98512750000002,45.903276400000045],[58.9915648,45.89819929999999],[58.994397199999966,45.89801720000002],[58.99937540000001,45.9081708],[59.00289450000004,45.9111001],[59.01035319999998,45.9142024],[59.022172,45.916573],[59.0344845,45.91438449999996],[59.045093100000045,45.90362280000002],[59.04997690000002,45.9012964],[59.06811290000002,45.94123790000004],[59.07376490000004,45.945183],[59.08621030000002,45.94851619999998],[59.11317770000004,45.95208610000003],[59.14128150000001,45.949613099999965],[59.15520970000003,45.94674110000001],[59.17154750000002,45.94118420000004],[59.17846129999999,45.92936989999996],[59.18055339999998,45.928574400000045],[59.183482200000014,45.9316365],[59.18955270000003,45.949080500000036],[59.19877089999998,45.960647900000026],[59.222209,45.975600599999986],[59.237592199999966,45.992257],[59.25187009999996,46.000184400000045],[59.27021,46.0058066],[59.2835309,46.007911],[59.294032299999984,46.006909500000035],[59.3018128,46.00396439999999],[59.310657699999965,45.99640719999998],[59.31248149999996,45.98670619999996],[59.308074199999986,45.96586089999997],[59.29243150000005,45.935276800000025],[59.27688760000002,45.91573890000002],[59.2406327,45.881354100000024],[59.21670309999999,45.86643830000001],[59.19069209999998,45.86327950000004],[59.1478068,45.864624300000024],[59.13491080000003,45.86988369999998],[59.098467100000036,45.878527800000036],[59.08828310000002,45.87865440000003],[59.081575499999964,45.880799499999966],[59.080112,45.879873299999986],[59.08259910000001,45.87105059999998],[59.08192530000004,45.86046280000004],[59.066389299999955,45.8364192],[59.05177019999998,45.80594329999996],[59.0411186,45.803825200000034],[59.03234890000003,45.804713199999966],[59.018985,45.80879869999996],[59.018344,45.811875499999985],[59.01231869999998,45.81420860000003],[59.004164799999984,45.8161169],[58.99344450000001,45.81516280000002],[58.9873591,45.81349370000003],[58.9673563,45.80134220000003],[58.94547369999998,45.79434689999997],[58.94399320000005,45.79134559999998],[58.934466,45.78984340000003],[58.9309512,45.78649769999996],[58.93093269999997,45.76841390000001],[58.924066300000014,45.755029399999955],[58.91999790000001,45.731099600000015],[58.925353700000045,45.71821850000004],[58.9242937,45.713178500000026],[58.92730209999996,45.710017],[58.92595450000002,45.69993510000001],[58.93008730000001,45.69243239999998],[58.92937920000004,45.672680200000016],[58.925100499999964,45.650812199999955],[58.91841580000003,45.64361330000002],[58.91676209999998,45.63662080000002],[58.90981840000002,45.62441570000002],[58.88741660000002,45.597874800000035],[58.86809609999998,45.5813753],[58.859796199999984,45.5764041],[58.8312017,45.57012859999998],[58.8188378,45.56272870000002],[58.80175750000004,45.55624730000003],[58.779261299999966,45.54501660000001],[58.76818190000003,45.5311647],[58.75669219999999,45.52371410000002],[58.74735914728736,45.506368852486446],[59.0965967,45.322897299999966],[59.497905,45.151321],[59.56165407028317,45.13215829843673],[59.559241299999954,45.144786],[59.561327,45.1579091],[59.57917979999998,45.19598409999996],[59.5763817,45.20371939999996],[59.57920549999997,45.22815219999996],[59.59555629999997,45.2568161],[59.5948954,45.261099600000044],[59.58505059999998,45.2770709],[59.585402499999965,45.28697520000004],[59.59561639999997,45.311969799999986],[59.608310700000025,45.3229482],[59.6132117,45.32530480000003],[59.62766549999998,45.3277819],[59.62623220000005,45.350201],[59.62235260000003,45.3558044],[59.621944900000045,45.36444370000001],[59.61657620000002,45.3687974],[59.61558489999997,45.38576619999996],[59.624846,45.39494930000003],[59.64035130000004,45.3969895],[59.65080760000002,45.401335],[59.65281390000003,45.40561339999998],[59.652311799999964,45.4282999],[59.6534663,45.432525300000016],[59.6596589,45.43857819999999],[59.6655255,45.43970140000002],[59.6795888,45.4359162],[59.6835841,45.43781870000003],[59.68349410000002,45.43957790000002],[59.6776834,45.4457415],[59.665165,45.44970070000003],[59.6556378,45.45470420000004],[59.65405849999998,45.4579553],[59.6554447,45.4613237],[59.659719,45.46225680000002],[59.66033269999997,45.46846],[59.65819119999997,45.471614100000025],[59.63886220000002,45.47618830000004],[59.5963682,45.49718070000004],[59.586024,45.499799],[59.57434770000002,45.50694340000001],[59.561361300000044,45.50960509999997],[59.55404,45.527060699999986],[59.55054239999998,45.5293998],[59.53280549999997,45.5320063],[59.47747039999999,45.53217459999998],[59.464123,45.537154800000025],[59.442575200000036,45.54879880000004],[59.42663640000002,45.56273],[59.39408510000003,45.602869400000024],[59.38921849999998,45.61520220000001],[59.39329979999998,45.62395789999998],[59.39803760000004,45.62592070000002],[59.3967974,45.62960610000004],[59.400089,45.63483069999996],[59.417795799999965,45.64381129999997],[59.45311950000002,45.64804150000003],[59.46525590000002,45.64531140000001],[59.471375600000016,45.641543],[59.4859583,45.6189484],[59.490963,45.607536],[59.51830869999998,45.58322769999996],[59.52295640000004,45.576691699999984],[59.52030849999998,45.56433839999998],[59.52300360000004,45.5538425],[59.54069329999997,45.54440270000002],[59.54897169999997,45.53570990000002],[59.55946020000004,45.53080669999996],[59.57718849999997,45.52899689999996],[59.6147695,45.538271],[59.62831790000004,45.538301],[59.64996869999998,45.5303618],[59.70060449999998,45.499222400000036],[59.715101299999965,45.49288719999998],[59.726757099999986,45.48219439999996],[59.76617910000003,45.461025700000036],[59.7971554,45.452332],[59.833109900000025,45.42671859999998],[59.869708100000025,45.3715681],[59.88285739999998,45.36429590000004],[59.87957,45.3406698],[59.88415340000001,45.333230599999986],[59.8923331,45.3276069],[59.89162920000003,45.30228719999998],[59.885088899999964,45.28965630000001],[59.886282,45.28626860000002],[59.871768,45.22547419999998],[59.86638639999998,45.21230020000002],[59.869776800000025,45.19775920000002],[59.87777620000003,45.18380140000004],[59.87667749999998,45.17893730000002],[59.87343310000003,45.176735],[59.8721543,45.172802099999984],[59.87178520000002,45.159857900000034],[59.877347,45.147522199999976],[59.8723603,45.14450750000003],[59.871141499999965,45.13867130000004],[59.87458329999998,45.13339759999997],[59.87464339999998,45.12045660000001],[59.8700342,45.11353979999997],[59.87172510000002,45.0974984],[59.86585331913014,45.0407172876808],[59.991375,45.002986],[60.570201,44.667148],[60.9904177,44.412594300000016],[61.06421089999998,44.37281179999999],[61.106565600000025,44.36043340000004],[61.13776079999999,44.225787099999955],[61.42544809999998,43.9994771],[62.004055,43.505401],[62.24249940000003,43.51855379999996],[63.349076400000044,43.650484599999984],[63.8576283,43.59925790000003],[64.5348607,43.570687199999966],[64.9322634,43.7353744],[65.00215630000002,43.71539680000003],[65.184862,43.4951617],[65.4954695,43.33291390000002],[65.532129,43.315092700000044],[65.55925819999999,43.289475],[65.74181950000002,42.999845],[65.8441558,42.8582546],[66.09669310000001,42.9381375],[66.095024,42.566158],[66.07067559999999,42.33794109999997],[66.001937,42.360736],[65.99871,41.937179],[66.53239280000004,41.8774368],[66.571479,41.688659],[66.606628,41.493591],[66.645637,41.344802],[66.706581,41.141586],[66.999473,41.140823],[67.017013,41.137321],[67.313812,41.134357],[67.364295,41.127079],[67.574096,41.168582],[67.687233,41.172622],[67.698493,41.176338],[67.733055,41.183135],[67.810386,41.157264],[67.864814,41.135139],[67.892028,41.152431],[67.93598669999997,41.15005610000002],[67.9432726,41.1500064],[67.94407509999996,41.151677],[67.94660930000003,41.15055569999997],[67.96556080000002,41.1500772],[67.9861345,41.09665769999997],[67.98849349999998,41.085581400000024],[67.98400690000001,41.0645918],[67.9873839,41.040256],[67.98647950000004,41.03153530000003],[67.9834089,41.02878590000001],[67.98357079999998,41.02605249999998],[68.0204023,41.020437900000026],[68.02042940000003,41.01821390000004],[68.02419610000003,41.01828030000003],[68.0242869,41.038091399999985],[68.04129119999996,41.044791],[68.0477698,41.041626],[68.05126840000001,41.04204880000004],[68.06042190000002,41.065591899999966],[68.06774,41.0775174],[68.0709211,41.08025419999996],[68.08051270000003,41.0819056],[68.0854093,41.08057690000002],[68.08881790000002,41.0749099],[68.1017515,41.067952300000044],[68.10563,41.066571500000016],[68.11249639999996,41.067174900000026],[68.11478170000004,41.05465459999997],[68.11901740000003,41.04706119999999],[68.12702860000003,41.0446524],[68.12770350000001,41.038496799999955],[68.12714770000002,41.03222320000002],[68.11066180000005,41.03603750000004],[68.10874020000003,41.0340855],[68.0884999,41.03073890000004],[68.0736928,41.02171640000003],[68.056656,41.021152099999966],[68.0489272,41.01895750000002],[68.05771020000002,41.00568379999998],[68.0683081,41.00806],[68.08231979999998,41.00120729999996],[68.07761149999997,40.99482449999996],[68.07849480000004,40.98787680000002],[68.08796169999997,40.97006830000003],[68.0843391,40.96595319999998],[68.08423879999995,40.96342629999998],[68.0764867,40.96036420000002],[68.08254790000002,40.95312529999997],[68.07504330000002,40.9496027],[68.07163159999999,40.953335500000044],[68.06652689999996,40.950557799999984],[68.0632728,40.945642299999975],[68.08428460000002,40.94176279999997],[68.09148230000002,40.94202230000003],[68.096737,40.93640470000002],[68.088698,40.92553959999996],[68.08162419999998,40.92331789999999],[68.07316610000004,40.92459380000004],[68.07248469999998,40.91673429999998],[68.05409170000001,40.9132844],[68.04876129999997,40.909747],[68.03920410000003,40.9093182],[68.03328849999995,40.9056941],[68.0318753,40.9030449],[68.02756780000003,40.9024298],[68.01016439999998,40.893723699999974],[68.01222209999997,40.890510899999974],[68.006558,40.88567479999996],[68.00769739999996,40.88320619999999],[68.00596619999999,40.86064309999997],[67.99472880000003,40.860441499999986],[67.9924002,40.85859560000002],[67.9875461,40.8604868],[67.97227460000005,40.86189149999997],[67.96956190000004,40.855834600000016],[67.97182489999997,40.85385659999996],[67.970292,40.85123590000001],[67.97936220000003,40.84114479999996],[67.97638240000003,40.8357405],[67.97655220000004,40.832093],[68.02348890000005,40.8006965],[68.0772178,40.78885489999997],[68.1680748,40.719333799999966],[68.21781030000002,40.687503899999975],[68.29823440000001,40.65639390000004],[68.37113739999998,40.617441200000016],[68.4101801,40.615156399999975],[68.4352561,40.596936499999956],[68.47896430000003,40.58667070000001],[68.49273660000003,40.572429],[68.50216270000004,40.57972809999997],[68.52337420000005,40.580996800000044],[68.5315898,40.58339890000002],[68.53531,40.579462800000044],[68.56305479999999,40.579210600000046],[68.58176640000002,40.56864760000003],[68.6104199,40.5770749],[68.641265,40.599651],[68.66312110000001,40.599552699999975],[68.6585106,40.60855],[68.65370410000004,40.61285040000004],[68.62181329999999,40.6304909],[68.627121,40.63459],[68.637176,40.634319],[68.642417,40.638175],[68.642616,40.645854],[68.64782680000002,40.649471599999984],[68.648613,40.67630149999999],[68.6535941,40.6800502],[68.65127480000004,40.68031670000003],[68.65113449999997,40.68208189999998],[68.64634650000002,40.682244600000026],[68.64605169999997,40.6861431],[68.636292,40.68631190000003],[68.6436871,40.69167060000003],[68.64379219999998,40.6940534],[68.6350051,40.70099880000002],[68.63414780000002,40.69762710000002],[68.61887849999998,40.697928900000036],[68.61889520000003,40.699976],[68.6092006,40.70768159999998],[68.583854,40.708324],[68.58578379999997,40.78060959999996],[68.57336470000003,40.79090319999998],[68.562293,40.80582780000002],[68.5624314,40.841447300000034],[68.564009,40.84860050000001],[68.57960179999998,40.85378220000002],[68.5847506,40.85709629999996],[68.59045879999998,40.865088],[68.58620110000004,40.88603420000003],[68.57673019999996,40.896908300000035],[68.5766106,40.9064111],[68.5818017,40.917467199999955],[68.58068269999997,40.920609100000036],[68.5826434,40.924316199999986],[68.5751998,40.92656130000003],[68.5679884,40.9343983],[68.5586849,40.93787689999997],[68.55521619999998,40.94250259999998],[68.5507595,40.9441838],[68.54875639999999,40.9466636],[68.51746680000002,40.942355100000036],[68.51746360000003,40.94771949999998],[68.52012270000004,40.95076030000004],[68.51566489999998,40.95301530000002],[68.5170082,40.956378],[68.5140475,40.96249390000002],[68.50647140000002,40.9593345],[68.50049169999998,40.95825529999997],[68.49654019999997,40.95915709999998],[68.49107869999999,40.956177],[68.484908,40.955321400000045],[68.48294680000004,40.952502],[68.47662310000004,40.950732499999965],[68.46757150000002,40.953696200000046],[68.464933,40.95641879999998],[68.465194,40.962989],[68.498252,40.973434],[68.497337,40.979221],[68.504097,40.990745],[68.504455,40.999908],[68.513458,41.009906],[68.522987,41.014694],[68.528488,41.014045],[68.5311573,41.01616880000003],[68.53628460000004,41.0127849],[68.55533690000001,41.007378500000044],[68.56286420000004,41.007814],[68.57121770000002,41.011747],[68.57864959999996,41.0208411],[68.58953940000002,41.028847],[68.59829939999999,41.0310573],[68.60601570000001,41.03053150000002],[68.6095579,41.02497139999996],[68.60940270000003,41.01190730000004],[68.61942770000005,41.001768300000016],[68.63075629999999,40.99688330000004],[68.6507313,40.99673510000004],[68.66219180000003,40.994921199999965],[68.67070840000002,40.990863300000036],[68.67335949999999,40.98755710000004],[68.67221680000003,40.982359500000044],[68.6672065,40.97943559999997],[68.6545743,40.975674],[68.63746720000005,40.97444060000004],[68.63098110000003,40.97199649999996],[68.62772679999998,40.968588],[68.62681510000003,40.965338],[68.62858649999995,40.96052479999999],[68.6354486,40.95014959999996],[68.643684,40.942854200000035],[68.65088820000003,40.94302780000001],[68.66570659999996,40.9572058],[68.67663830000004,40.962347],[68.6843614,40.961368499999985],[68.6839,40.96411180000003],[68.69754710000004,40.96755479999998],[68.70208159999997,40.966014399999985],[68.70451570000002,40.96721759999997],[68.7112526,40.9647726],[68.71984719999996,40.968958699999966],[68.72860950000003,40.96966660000001],[68.73474750000003,40.9745486],[68.736804,40.97381089999998],[68.73646539999997,40.97576830000003],[68.74026339999998,40.979287699999986],[68.74233470000003,40.97880659999997],[68.7415443,40.981324600000036],[68.74437320000004,40.979948699999966],[68.74956860000003,40.981647600000024],[68.74950779999998,40.98436790000004],[68.747162,40.984781100000035],[68.749061,40.98734850000001],[68.74784060000005,40.9903024],[68.75049979999997,40.99087749999997],[68.75109420000004,40.99369380000002],[68.75481970000001,40.993999199999976],[68.75441269999999,40.99642509999997],[68.7581946,40.99712590000004],[68.7526405,41.0031399],[68.75570079999999,41.00481869999999],[68.7568871,41.003358],[68.7611497,41.00612670000003],[68.756795,41.0078341],[68.75773909999998,41.011112900000036],[68.75591839999996,41.01006210000004],[68.75537940000004,41.0117856],[68.75328329999998,41.011300800000036],[68.7533587,41.0136684],[68.74742060000003,41.00548160000004],[68.74231469999998,41.005747900000046],[68.72201689999999,41.02850959999997],[68.71455289999996,41.03076120000002],[68.7137611,41.03218079999997],[68.7260284,41.05316630000002],[68.749031,41.07045369999997],[68.7664675,41.086867300000016],[68.79768940000002,41.10981079999998],[68.80389290000004,41.115783],[68.80419970000001,41.119152700000036],[68.80793120000003,41.11814880000002],[68.815332,41.120858100000014],[68.83705429999998,41.13395850000001],[68.840385,41.134269],[68.85231640000003,41.140962100000046],[68.86055510000003,41.14348379999997],[68.8795741,41.158811200000024],[68.88595669999998,41.16219],[68.8976372,41.1647922],[68.91314360000004,41.172402799999986],[68.91539980000002,41.182127099999974],[68.9322988,41.18256160000004],[68.933677,41.186115],[68.944195,41.19351720000004],[68.95105279999997,41.195361100000014],[68.980941,41.209632],[68.986564,41.21062],[68.993515,41.217399],[68.997337,41.225456],[68.992996,41.230415],[69.000099,41.238826],[69.011711,41.227684],[69.023612,41.224445],[69.029182,41.224758],[69.026199,41.230937],[69.028701,41.239299],[69.026458,41.242851],[69.020996,41.245895],[69.02526,41.250526],[69.035797,41.252685],[69.039489,41.25521],[69.040145,41.26474],[69.017219,41.273414],[69.017784,41.27671],[69.013404,41.289569],[69.01889,41.298767],[69.026123,41.298816],[69.029411,41.30384],[69.035987,41.302833],[69.044288,41.310615],[69.03869039999996,41.325956200000014],[69.047424,41.349067],[69.043281,41.350627],[69.035751,41.350208],[69.024963,41.351806],[69.022232,41.353237],[69.023696,41.357124],[69.028953,41.359088],[69.03395,41.36354],[69.041404,41.365917],[69.049392,41.364425],[69.052177,41.368606],[69.0597,41.369579],[69.060279,41.371471],[69.064071,41.371128],[69.066978,41.373596],[69.079025,41.377059],[69.0886,41.368576],[69.083793,41.36565],[69.084045,41.362468],[69.079589,41.357528],[69.089729,41.356945],[69.096595,41.358207],[69.0989384,41.37157619999996],[69.101061,41.372007699999955],[69.10532150000003,41.3829413],[69.113639,41.391365],[69.121131,41.3924157],[69.127616,41.389064],[69.13338179999997,41.39175829999997],[69.149414,41.393165],[69.151786,41.386466],[69.15510229999998,41.38660789999997],[69.161605,41.394371],[69.167419,41.395629],[69.168342,41.400398],[69.173538,41.400817],[69.175097,41.402960600000036],[69.170707,41.402992],[69.16851,41.40456],[69.160423,41.423892],[69.14998770000003,41.42710379999996],[69.148888,41.43127470000001],[69.15099939999998,41.431686599999985],[69.15197790000002,41.42870060000001],[69.15427559999998,41.43018029999996],[69.15223240000003,41.43184510000004],[69.15582310000002,41.4327548],[69.15674349999998,41.434474399999985],[69.16127330000005,41.43316659999996],[69.1667923,41.435007],[69.17097219999998,41.4340225],[69.17401649999998,41.44117860000003],[69.17532379999997,41.44106829999996],[69.17530669999998,41.43675729999996],[69.1770803,41.436425799999974],[69.1788,41.4374007],[69.17745240000005,41.4383015],[69.1806968,41.445108799999964],[69.18594970000004,41.448454300000016],[69.1846021,41.450751],[69.186137,41.45265720000004],[69.19030990000003,41.451523],[69.194301,41.454212],[69.1989959,41.452037700000034],[69.20239480000002,41.45536989999996],[69.20581949999996,41.453909700000025],[69.21012189999996,41.457539200000035],[69.22237850000005,41.4596555],[69.22675590000004,41.4628458],[69.23036070000005,41.45942390000001],[69.23486690000004,41.4586198],[69.23854040000005,41.4596555],[69.24036859999997,41.46232479999996],[69.24458289999997,41.462221899999975],[69.25006389999996,41.46632010000004],[69.25583179999998,41.457902199999964],[69.26246019999996,41.45270220000003],[69.27129640000001,41.452365],[69.2767213,41.450499],[69.28520669999997,41.44437359999997],[69.28664849999998,41.441638],[69.28932960000004,41.44082489999998],[69.2904787,41.44204839999996],[69.29038120000001,41.439356099999955],[69.29290559999998,41.439737],[69.29176859999995,41.438109099999984],[69.2928146,41.43707260000002],[69.29536240000004,41.437828899999985],[69.2964633,41.4356221],[69.29733950000002,41.437433],[69.300807,41.436783],[69.30101950000004,41.439476300000045],[69.30312950000001,41.43831240000002],[69.30564170000004,41.440215600000016],[69.30598569999998,41.43854650000003],[69.31053560000004,41.43887060000002],[69.3124297,41.44070290000001],[69.3140895,41.44004649999997],[69.313644,41.441505399999976],[69.32252830000004,41.4481901],[69.32250120000002,41.4499225],[69.3271619,41.4496951],[69.3359985,41.456383],[69.33472790000003,41.45745430000003],[69.33696590000002,41.45749759999997],[69.33759119999998,41.459153800000045],[69.34119650000002,41.458623],[69.34268369999998,41.46052740000001],[69.34489279999997,41.45879610000003],[69.34606240000002,41.46245350000004],[69.35508309999997,41.467563100000035],[69.35466830000003,41.47267829999996],[69.36571559999997,41.46806230000004],[69.37976059999997,41.4653813],[69.41205420000004,41.47040049999997],[69.41089729999997,41.46875059999997],[69.41662009999999,41.465390200000016],[69.41500920000003,41.463921],[69.4226155,41.4637132],[69.423792,41.46220970000003],[69.43406359999999,41.46098720000004],[69.44559630000003,41.46415539999999],[69.4522672,41.4625389],[69.4571559,41.4646997],[69.46057420000004,41.467364],[69.456962,41.469291],[69.45787,41.475864],[69.454544,41.488166],[69.444969,41.489482],[69.438377,41.487846],[69.434043,41.492977],[69.425125,41.498546],[69.400291,41.503498],[69.397789,41.507576],[69.406997,41.52436],[69.427749,41.540607],[69.44179449999999,41.55996509999997],[69.45494,41.56615],[69.455795,41.56916],[69.460701,41.568813],[69.468742,41.562076],[69.4748,41.559848],[69.481109,41.550483],[69.500984,41.54713],[69.527053,41.563049],[69.549896,41.569374],[69.549964,41.57286],[69.539009,41.57798],[69.53759,41.584594],[69.538887,41.588661],[69.549797,41.591781],[69.551025,41.595237],[69.55706,41.596969],[69.559661,41.599453],[69.560173,41.603553],[69.563911,41.606258],[69.565856,41.614734],[69.571563,41.61716],[69.576469,41.629512],[69.598335,41.645847],[69.609657,41.649776],[69.611351,41.65512],[69.616958,41.662773],[69.631057,41.663158],[69.638603,41.668033],[69.655014,41.668525],[69.664947,41.670471],[69.668525,41.668655],[69.68116,41.677486],[69.691368,41.673393],[69.696197,41.673229],[69.705299,41.678173],[69.712944,41.676876],[69.715408,41.678276],[69.715316,41.683471],[69.71761360000005,41.6862163],[69.722572,41.686302],[69.7251434,41.687926099999984],[69.7270584,41.69292440000001],[69.73730460000002,41.69858859999997],[69.74332050000004,41.699104],[69.74561679999996,41.70082769999996],[69.758842,41.697029],[69.764869,41.699337],[69.77466810000001,41.69732560000001],[69.779632,41.699905],[69.78719120000002,41.69996220000003],[69.79747419999997,41.70734530000002],[69.81280480000002,41.70933760000002],[69.839523,41.719978],[69.8467857,41.72109430000004],[69.858848,41.71733],[69.86606989999996,41.710693799999966],[69.874275,41.709762],[69.881111,41.706676],[69.88961,41.707927],[69.894317,41.70676],[69.895683,41.708911],[69.901405,41.709064399999974],[69.90747270000003,41.7126876],[69.91550950000001,41.71308229999997],[69.92435390000004,41.71625429999997],[69.92149019999997,41.71923260000001],[69.92190779999997,41.724602],[69.92473839999997,41.726541199999964],[69.9392572,41.72535140000002],[69.943214,41.728412199999966],[69.95768330000001,41.7337735],[69.96066570000005,41.7415914],[69.957328,41.750328],[69.97185,41.7640073],[69.97365550000005,41.776659699999975],[70.006851,41.790706],[70.00767940000003,41.7944655],[70.005126,41.798717],[70.02124,41.7985],[70.020606,41.785125],[70.028457,41.785236],[70.03833740000005,41.78080449999999],[70.04923649999998,41.781437300000036],[70.05096880000005,41.78244679999998],[70.0493042,41.788374199999964],[70.05154639999996,41.79378170000001],[70.05096269999999,41.799387699999954],[70.05643509999999,41.80430749999997],[70.06782060000002,41.80470159999998],[70.07692929999997,41.8086692],[70.078416,41.8120121],[70.08410209999997,41.81418840000004],[70.089485,41.8213349],[70.09441919999998,41.8223118],[70.09614030000002,41.82789119999997],[70.10273680000003,41.837307200000026],[70.11804310000002,41.83745640000003],[70.12020310000004,41.840566],[70.13551929999997,41.84434570000002],[70.14189689999998,41.842269],[70.14675590000003,41.836578500000044],[70.15321360000002,41.839773],[70.157722,41.8494606],[70.16319040000002,41.850104],[70.1695923,41.85613579999996],[70.175865,41.855308],[70.184532,41.864395],[70.18112370000004,41.87225279999998],[70.18111150000001,41.883104],[70.1851207,41.88298419999998],[70.19705570000002,41.88726509999998],[70.194816,41.890876],[70.196479,41.904483],[70.19799769999999,41.90529010000004],[70.20926679999998,41.90368569999998],[70.21415920000004,41.907242],[70.21669680000004,41.91295320000001],[70.22048370000002,41.91327420000002],[70.22738490000002,41.917234599999965],[70.22842320000004,41.921190199999955],[70.224708,41.923683],[70.223518,41.928379],[70.22768069999998,41.9307241],[70.22804520000003,41.93462520000002],[70.23979820000001,41.9394502],[70.24096559999997,41.94297250000003],[70.24604280000003,41.9436367],[70.253494,41.948387],[70.258979,41.94931259999996],[70.26143840000005,41.95432019999996],[70.2680652,41.952057499999974],[70.27391,41.952903],[70.28121479999997,41.9567262],[70.28807,41.95787],[70.29105710000005,41.96246220000004],[70.304924,41.964206],[70.30886569999996,41.96817549999998],[70.316146,41.967956],[70.318183,41.970443],[70.32807580000002,41.97074739999997],[70.329078,41.972995],[70.33525039999998,41.9747055],[70.336853,41.98471],[70.334297,41.986904],[70.330062,41.997066],[70.3327645,42.018194],[70.33120720000002,42.0220749],[70.32330450000003,42.02735359999996],[70.32084080000001,42.038663],[70.322479,42.040191],[70.3294752,42.0410632],[70.3317415,42.043399300000026],[70.33206290000004,42.04755150000003],[70.35094929999995,42.0507735],[70.35561369999998,42.05755290000004],[70.3639988,42.05839120000003],[70.37223279999998,42.064399699999974],[70.37351459999998,42.0693249],[70.387199,42.071109],[70.392295,42.068416],[70.4008772,42.0694044],[70.41017060000004,42.074743],[70.41169839999998,42.07767670000002],[70.416366,42.078056],[70.42292669999998,42.08343810000004],[70.43888940000002,42.0893599],[70.44212280000004,42.09182380000003],[70.45433650000003,42.0856994],[70.459019,42.08499159999997],[70.46386770000004,42.0930987],[70.46736520000005,42.094275400000015],[70.4692013,42.0977329],[70.474303,42.101352700000014],[70.47597969999995,42.1093079],[70.47810939999997,42.10918519999998],[70.4909881,42.104713],[70.49475779999997,42.099676100000025],[70.50138409999997,42.09913940000003],[70.50676180000004,42.08952990000003],[70.51322769999999,42.08809450000002],[70.51469150000004,42.08318729999998],[70.5174176,42.082035],[70.52980860000001,42.08489409999998],[70.545532,42.073982],[70.54992149999998,42.06770589999997],[70.5516285,42.05776530000003],[70.557518,42.052154],[70.55653370000005,42.05002069999997],[70.55852929999996,42.043025600000014],[70.54870150000002,42.0350132],[70.55942860000003,42.02351260000003],[70.57651790000003,42.020431],[70.58703890000004,42.01018560000003],[70.592933,42.010227],[70.60655630000002,42.006851300000015],[70.612838,42.011329],[70.623252,42.014751],[70.637992,42.016815],[70.640975,42.019989],[70.638404,42.025688],[70.651062,42.041591],[70.6557104,42.06139480000004],[70.66026239999995,42.067955600000026],[70.6650687,42.07110329999997],[70.666168,42.07759],[70.678779,42.088375],[70.67869819999999,42.09819670000001],[70.68717089999998,42.1210878],[70.69504750000003,42.12734459999996],[70.70724119999997,42.13031809999996],[70.7078577,42.13377279999999],[70.71467650000002,42.13862559999997],[70.71462940000004,42.14211319999996],[70.72580070000002,42.147815],[70.7243202,42.15369760000003],[70.7259915,42.15725879999999],[70.737571,42.165771],[70.74422660000003,42.167055],[70.74936459999998,42.16577820000003],[70.75265909999999,42.17001710000001],[70.75555419999998,42.17094790000002],[70.75347789999996,42.175963499999966],[70.740956,42.178944],[70.73909369999997,42.181906],[70.73968839999998,42.18438850000001],[70.750926,42.19330480000003],[70.76132790000004,42.191808500000036],[70.7680106,42.1935696],[70.770638,42.200963],[70.78910780000004,42.205974800000035],[70.7938434,42.209452900000045],[70.8172477,42.2032779],[70.82067990000002,42.200459],[70.82639319999996,42.19928930000003],[70.83155750000005,42.19519060000001],[70.835952,42.194446],[70.84955639999998,42.197589100000044],[70.85455209999998,42.20790490000004],[70.86610850000002,42.2118386],[70.8748094,42.21220720000003],[70.883651,42.21069089999998],[70.88590769999998,42.21158880000002],[70.88862019999996,42.21364829999998],[70.88789970000003,42.22000289999996],[70.89491829999997,42.22110410000004],[70.901512,42.225547],[70.90979409999997,42.226767],[70.91358659999997,42.23604369999998],[70.916168,42.237091],[70.921697,42.23599580000001],[70.926506,42.237537],[70.92550079999997,42.2429313],[70.929588,42.247859],[70.9348015,42.2506472],[70.943305,42.263467],[70.93357,42.269744],[70.9282191,42.26658969999997],[70.922668,42.267398],[70.917991,42.26271],[70.912269,42.261226],[70.890861,42.263248],[70.890678,42.266483],[70.89521,42.272708],[70.894599,42.276641],[70.891685,42.281467],[70.882331,42.287853],[70.872177,42.291584],[70.865203,42.299819],[70.86927,42.305019],[70.870162,42.310249],[70.867828,42.315395],[70.868942,42.318496],[70.8655832,42.32012360000004],[70.872291,42.326255],[70.881324,42.327548],[70.886611,42.335418],[70.881309,42.343032],[70.882408,42.348281],[70.887001,42.351387],[70.889099,42.357532],[70.894027,42.363689],[70.897941,42.366428],[70.907028,42.364856],[70.90998,42.365707],[70.914268,42.369133],[70.920791,42.371528],[70.930465,42.380645],[70.932868,42.391559],[70.937736,42.394615],[70.945869,42.395095],[70.955726,42.400127],[70.955307,42.402057],[70.93605,42.411693],[70.932899,42.41798],[70.95346,42.43288],[70.959953,42.452327],[70.95919,42.457042],[70.963592,42.461494],[70.966316,42.471519],[70.978942,42.487552],[70.9801217,42.497560099999966],[71.0116854,42.490501299999984],[71.075477,42.472625],[71.080863,42.475654],[71.08897459999996,42.484377299999984],[71.04397750000004,42.534040299999965],[71.00037480000003,42.55832509999997],[71.002555,42.587646],[71.052207,42.599552],[71.101333,42.599731],[71.156677,42.605194],[71.160316,42.593334],[71.15872960000004,42.5895188],[71.159889,42.589805],[71.169128,42.602058],[71.17974,42.610397],[71.18206,42.617549],[71.178901,42.620468],[71.177703,42.624729],[71.182601,42.637439],[71.181205,42.638553],[71.182785,42.648231],[71.180946,42.656917],[71.181777,42.663597],[71.176834,42.668197],[71.17873689999998,42.67094089999996],[71.178175,42.674098899999954],[71.20703119999999,42.683483],[71.22736339999999,42.69290269999997],[71.2445913,42.71310040000002],[71.25850770000001,42.7360376],[71.2610786,42.743602],[71.27035470000004,42.7554467],[71.26911260000003,42.77262230000003],[71.27713059999998,42.780398699999964],[71.36698579999995,42.78534849999998],[71.394898,42.797879],[71.40865749999998,42.79576519999997],[71.4286347,42.7952601],[71.438214,42.79133470000003],[71.47026079999998,42.78473019999998],[71.46926259999998,42.7877866],[71.49910569999999,42.79536],[71.50464620000002,42.7915975],[71.508332,42.7919324],[71.52509249999996,42.799416600000015],[71.534108,42.8014978],[71.557168,42.78929190000002],[71.57061029999997,42.77486040000002],[71.583321,42.77130950000003],[71.60118950000005,42.77196129999996],[71.62086519999998,42.76501910000003],[71.62740410000004,42.764766099999974],[71.63721579999996,42.767136399999984],[71.66494830000005,42.782192399999964],[71.67538449999996,42.7898434],[71.70530040000004,42.794196600000035],[71.715324,42.79839250000001],[71.72924040000004,42.79973259999996],[71.7605216,42.8075477],[71.77356730000001,42.81343480000002],[71.7910848,42.81716110000004],[71.79838479999995,42.8201286],[71.80643479999996,42.8265489],[71.81800139999999,42.831241599999956],[71.82856739999998,42.831326],[71.834573,42.829669],[71.86363880000003,42.83280970000003],[71.90477030000004,42.81980040000002],[71.92634689999997,42.81767170000001],[71.93896419999996,42.81414130000003],[71.94795310000003,42.802948500000035],[71.95407940000004,42.798770799999964],[71.98467910000002,42.78406579999998],[72.0209721,42.77339950000003],[72.03772829999997,42.77385980000001],[72.05693,42.76889359999998],[72.08861449999998,42.7443473],[72.12036970000001,42.7365025],[72.1283422,42.73854919999997],[72.14505730000005,42.7396819],[72.16607550000003,42.754432500000014],[72.17445360000002,42.75465360000001],[72.182091,42.75096589999998],[72.1911164,42.75051470000004],[72.21192949999998,42.757012499999966],[72.22555640000003,42.75782380000004],[72.23196309999997,42.7602762],[72.26145280000004,42.760807199999974],[72.2820197,42.75926879999996],[72.28400480000002,42.75680050000001],[72.300957,42.752885],[72.32970380000003,42.742385],[72.38004990000003,42.72783729999998],[72.40183159999997,42.71990129999998],[72.404464,42.71653049999997],[72.41561120000003,42.710162599999954],[72.49893870000001,42.6851377],[72.5220264,42.68224769999998],[72.52742109999996,42.67939420000004],[72.53983330000004,42.67922560000004],[72.5495378,42.677163],[72.55947029999997,42.67693050000003],[72.58802790000001,42.6839912],[72.60674179999997,42.6814386],[72.62622159999995,42.675469600000035],[72.66729849999997,42.656922],[72.70867159999997,42.6456949],[72.7319712,42.644363900000016],[72.74427860000003,42.63890540000001],[72.77284980000005,42.613417799999965],[72.78909320000004,42.593844599999976],[72.790855,42.58816040000004],[72.79734819999996,42.580513900000014],[72.81423890000005,42.567821400000014],[72.82308879999998,42.56296909999999],[72.83908829999996,42.5573465],[72.87950880000002,42.55244410000001],[72.88972390000004,42.543952],[72.901115,42.53731520000004],[72.91078989999998,42.534988199999965],[73.02323450000003,42.548586],[73.0428504,42.5497282],[73.06735870000003,42.545230700000026],[73.08294679999997,42.54588809999997],[73.12008919999997,42.5519331],[73.15547730000002,42.54764170000003],[73.17570689999997,42.54089979999998],[73.2235157,42.52866320000004],[73.25166390000001,42.529386400000014],[73.30970350000003,42.5179218],[73.31957439999998,42.50254549999999],[73.3147035,42.45799340000003],[73.3204408,42.45002359999999],[73.32929749999997,42.4445158],[73.356887,42.436318599999964],[73.378509,42.43429189999996],[73.41297830000003,42.4279483],[73.43854959999999,42.4259796],[73.45583130000001,42.42074020000002],[73.47200869999996,42.418150200000035],[73.48716479999996,42.41759019999998],[73.515477,42.434837100000045],[73.51900239999998,42.444589],[73.5079462,42.4580199],[73.47926620000004,42.468656],[73.44873260000001,42.5084851],[73.43291650000003,42.5488984],[73.44228030000004,42.60568369999997],[73.44389289999997,42.64268080000002],[73.46308109999998,42.670984099999984],[73.4656339,42.69421320000004],[73.46545989999998,42.73142960000003],[73.47128610000004,42.7374653],[73.474961,42.744616499999985],[73.48736720000002,42.75255579999999],[73.50101540000004,42.76555570000002],[73.5064606,42.77280170000004],[73.50999619999997,42.78174379999997],[73.505575,42.79281920000002],[73.5113329,42.826133099999964],[73.50977240000003,42.842668799999984],[73.52149819999997,42.862396],[73.52274830000002,42.88523150000001],[73.51501640000004,42.907358],[73.51263359999997,42.9259711],[73.5158652,42.93512890000002],[73.53405329999998,42.94605260000004],[73.54743709999997,42.9614046],[73.55730910000003,42.98228460000002],[73.5586927,42.990732099999974],[73.5575612,42.999997600000015],[73.55150730000003,43.002947],[73.54609160000003,43.00815820000003],[73.54704659999999,43.016912699999985],[73.55938320000004,43.028858],[73.6121473,43.040908399999964],[73.64052450000004,43.05150090000003],[73.6606564,43.06502909999998],[73.699734,43.075776],[73.74282550000004,43.094515499999964],[73.7659966,43.10658820000002],[73.80635780000003,43.11329239999997],[73.82957259999998,43.1262386],[73.8378589,43.12786119999996],[73.87442139999997,43.118728900000015],[73.88723739999998,43.11768719999998],[73.89965919999996,43.11878629999997],[73.91208610000001,43.123905],[73.92114229999997,43.131655799999955],[73.93527310000005,43.148213],[73.95734760000005,43.18033120000002],[73.96369570000002,43.19946670000003],[73.95329219999996,43.2082075],[73.9691322,43.222654499999955],[74.01368129999996,43.19417670000003],[74.01758549999997,43.19361840000002],[74.01919190000001,43.18999570000004],[74.042598,43.1720428],[74.0602319,43.18172819999997],[74.0635009,43.18138770000004],[74.074877,43.186985800000045],[74.17012619999996,43.1987932],[74.1873866,43.19705020000002],[74.18876889999996,43.195674699999984],[74.21084860000005,43.195892599999986],[74.2220379,43.20524749999996],[74.19269249999996,43.255533],[74.20428320000002,43.26679709999996],[74.21203350000002,43.26540970000001],[74.21602460000003,43.2622064],[74.21527359999996,43.26031559999996],[74.22474840000001,43.25643079999997],[74.23052050000003,43.25194560000003],[74.23352459999998,43.25207059999998],[74.23479060000003,43.25363339999997],[74.24307330000002,43.25269570000001],[74.25109850000001,43.25422729999999],[74.2537592,43.252305],[74.2533086,43.25008569999997],[74.25624829999997,43.250367],[74.261205,43.246193900000016],[74.2594884,43.244005699999974],[74.2615913,43.2434273],[74.2715691,43.24645969999998],[74.27459459999996,43.245428099999984],[74.28053839999997,43.25025759999998],[74.28196650000001,43.249636],[74.28286769999997,43.24651009999998],[74.29378970000002,43.2418678],[74.30323009999996,43.221343099999984],[74.30842660000005,43.21632439999996],[74.31760770000004,43.21897939999999],[74.318702,43.216321],[74.31662069999999,43.214851],[74.3185304,43.2141942],[74.32011830000002,43.21635229999996],[74.32739239999997,43.21661810000001],[74.33271389999999,43.21954230000002],[74.33438760000001,43.21699339999998],[74.3308471,43.21309950000003],[74.3404816,43.21150440000003],[74.34200510000004,43.20496690000002],[74.348657,43.20498249999998],[74.35254080000001,43.202088900000014],[74.35333469999998,43.19864770000004],[74.35927849999999,43.19752150000002],[74.37273250000001,43.200696800000024],[74.37406280000005,43.19625439999999],[74.37775359999998,43.19772479999997],[74.38457710000003,43.19736509999996],[74.386916,43.19479959999997],[74.39092860000002,43.19403309999996],[74.39167959999999,43.18929289999998],[74.3971942,43.19182729999997],[74.40371729999998,43.18969969999997],[74.40479020000004,43.1860857],[74.3996189,43.18395779999997],[74.39989789999998,43.1824714],[74.4034599,43.17840320000001],[74.40612059999998,43.178497099999966],[74.40678580000004,43.17544580000001],[74.41421009999996,43.17643160000004],[74.41466079999995,43.17061030000004],[74.41837289999997,43.170563299999976],[74.42019679999999,43.172801200000045],[74.42444549999998,43.17399050000004],[74.43019609999999,43.16524229999998],[74.44517360000003,43.16151719999996],[74.4539498,43.15741630000003],[74.45929270000005,43.15954510000004],[74.4752351,43.15283580000002],[74.48003089999997,43.15700740000003],[74.49031979999995,43.15583339999998],[74.49619920000005,43.157344],[74.49889220000003,43.1538219],[74.4974867,43.15190430000004],[74.500244,43.15171649999996],[74.50499690000002,43.14826459999998],[74.50719630000002,43.1488282],[74.5097605,43.14527440000002],[74.51424509999997,43.14380270000002],[74.52061809999996,43.14531349999997],[74.52320370000002,43.14323119999999],[74.53151860000003,43.141892599999984],[74.53690440000004,43.1364203],[74.53933990000003,43.140600900000045],[74.5461956,43.140092],[74.54895290000005,43.14201780000004],[74.55087339999997,43.13845580000002],[74.55388820000002,43.137258],[74.56343690000004,43.1392778],[74.565411,43.13025060000004],[74.57052859999999,43.13283440000004],[74.57405840000001,43.131495500000014],[74.57748090000004,43.13286569999997],[74.58418640000002,43.12799549999997],[74.58149349999997,43.123931499999976],[74.586933,43.11606109999999],[74.589229,43.117134100000044],[74.59293039999999,43.11272469999998],[74.601138,43.1084247],[74.59863820000001,43.102291400000034],[74.603391,43.10153150000004],[74.61536439999998,43.08513359999997],[74.62269220000002,43.0817955],[74.6348232,43.07947749999996],[74.63973560000002,43.06391349999996],[74.64391179999998,43.05976579999997],[74.66361680000003,43.052411399999954],[74.67181279999997,43.041484],[74.69669339999997,43.036444500000016],[74.70939219999997,43.0201138],[74.7180028,43.015726499999985],[74.727663,43.00430640000001],[74.7338696,43.0009443],[74.73827909999999,43.000705],[74.7382148,42.9967149],[74.74992779999995,42.989726099999956],[74.76207270000003,42.994310800000044],[74.77369549999999,42.9928923],[74.7775461,42.9952324],[74.7781549,42.9985354],[74.78480850000004,43.00167250000004],[74.7942653,43.00114449999997],[74.79788940000003,42.998494],[74.80151350000003,43.000388700000045],[74.807785,42.996682],[74.80891749999998,43.00033690000002],[74.81363180000004,43.001776],[74.82667019999997,42.999871],[74.83229040000003,43.00391910000003],[74.84747819999998,43.00108280000001],[74.8490638,42.998934399999975],[74.85330389999999,42.99985180000003],[74.85773479999997,42.99662539999998],[74.8639001,42.99665129999999],[74.87313430000003,42.9933593],[74.87267289999997,42.988140500000036],[74.87876689999996,42.983926],[74.89117489999995,42.98330819999998],[74.89637049999996,42.980429099999974],[74.89653880000003,42.97767870000004],[74.90026279999996,42.97736940000003],[74.90440959999998,42.97466860000003],[74.90575569999997,42.97174829999999],[74.91644060000004,42.971611600000045],[74.9229226,42.969151299999965],[74.927219,42.965570100000036],[74.92305329999996,42.96267209999998],[74.92770469999998,42.96215259999998],[74.93033850000003,42.9642988],[74.937493,42.963642599999986],[74.9387819,42.96141440000001],[74.9407806,42.96186560000004],[74.94774829999999,42.958406900000035],[74.95322149999996,42.95393639999998],[74.95611689999998,42.9549617],[74.96721280000004,42.950928499999975],[74.97147190000001,42.94604710000003],[74.975376,42.944611399999985],[74.98048250000002,42.94590960000002],[74.98571819999997,42.94308220000003],[74.99588909999997,42.9418335],[75.00799120000005,42.93250220000002],[75.0215096,42.92939929999997],[75.03097240000002,42.9224232],[75.0374633,42.920592599999964],[75.05151810000001,42.92285530000004],[75.06312670000003,42.91892689999999],[75.06660289999996,42.9144798],[75.07305090000004,42.912979],[75.08229679999997,42.914399799999956],[75.09766109999998,42.90756590000002],[75.1069264,42.90027280000002],[75.11754740000002,42.896250600000016],[75.121678,42.892752899999984],[75.12859809999998,42.89130660000004],[75.13686029999997,42.885354300000046],[75.15219459999997,42.88087680000003],[75.16593,42.8798372],[75.17541080000002,42.87579209999996],[75.190927,42.87505159999998],[75.19734790000003,42.87163750000003],[75.19718179999995,42.8651783],[75.2172547,42.8592839],[75.22353390000004,42.85517329999997],[75.23129959999999,42.853552],[75.2436593,42.85529520000002],[75.26182189999997,42.8606601],[75.2857969,42.858513700000046],[75.29739130000002,42.86118579999998],[75.3066937,42.8564071],[75.33643,42.85545049999999],[75.34695639999997,42.849739699999986],[75.354791,42.8482338],[75.37353,42.8509625],[75.38337840000004,42.84784770000003],[75.40862690000003,42.843785700000026],[75.41897920000002,42.8395656],[75.42537549999999,42.84167120000004],[75.432733,42.84191519999998],[75.43984410000004,42.841129],[75.44319630000001,42.83877939999996],[75.45510139999998,42.8360683],[75.4681774,42.83624],[75.48406329999999,42.843361],[75.5003005,42.84029370000002],[75.51803520000001,42.8344722],[75.52984179999999,42.83402930000004],[75.55230880000005,42.829853799999974],[75.55678250000001,42.83114619999997],[75.57030209999996,42.83045929999998],[75.57798010000002,42.82746759999998],[75.6359655,42.81554459999997],[75.6739733,42.80433349999997],[75.68955109999999,42.80322129999996],[75.711571,42.797189400000036],[75.71681219999996,42.7973436],[75.76143339999996,42.833491400000035],[75.77243050000001,42.85413969999998],[75.78631140000002,42.89916139999998],[75.80119429999998,42.91775080000002],[75.817675,42.931024],[75.82351759999996,42.94025270000004],[75.828911,42.940107],[75.835467,42.936756],[75.848007,42.942314],[75.878766,42.944987],[75.894537,42.944282],[75.907037,42.949495],[75.915907,42.949149],[75.920747,42.953777],[75.925388,42.955506],[75.937224,42.955718],[75.94310789999997,42.949144900000015],[75.9508745,42.9442068],[75.9518514,42.93967280000002],[75.94837229999999,42.9350685],[75.94917570000004,42.933000799999974],[75.955987,42.933764],[75.965136,42.929947],[75.983142,42.929974],[76.006533,42.925856],[76.01693,42.921495],[76.020217,42.915152],[76.028275,42.911042],[76.044527,42.916286],[76.048555,42.915087],[76.051786,42.916406],[76.061779,42.916128],[76.072169,42.922089],[76.078085,42.921732],[76.082113,42.918927],[76.088178,42.918021],[76.098968,42.923689],[76.108713,42.923078],[76.113537,42.925053],[76.120994,42.922396],[76.130294,42.925723],[76.134371,42.924924],[76.185447,42.931735],[76.194148,42.931117],[76.196977,42.92849],[76.198352,42.91915],[76.200932,42.91645],[76.215106,42.919078],[76.219785,42.921523],[76.228831,42.920209],[76.238678,42.921265],[76.247024,42.918819],[76.252402,42.92015],[76.258598,42.918346],[76.264959,42.91915],[76.269293,42.916427],[76.28461,42.914686],[76.288546,42.911632],[76.292848,42.910587],[76.302069,42.910942],[76.308979,42.900799],[76.306357,42.895867],[76.301021,42.893261],[76.299817,42.888113],[76.302536,42.883888],[76.303927,42.874442],[76.311832,42.872001],[76.323731,42.871486],[76.329015,42.863217],[76.336913,42.862909],[76.343846,42.860756],[76.351691,42.862179],[76.3535,42.864774],[76.359879,42.867069],[76.371132,42.865927],[76.373736,42.868487],[76.38342,42.870752],[76.390493,42.875418],[76.405374,42.873295],[76.420625,42.873761],[76.432869,42.878233],[76.439325,42.886544],[76.450505,42.882968],[76.462778,42.886507],[76.47828,42.884302],[76.48643,42.888854],[76.493071,42.903438],[76.498165,42.903535],[76.503009,42.905918],[76.504227,42.918198],[76.517848,42.919682],[76.522591,42.922249],[76.54002,42.916448],[76.549522,42.909841],[76.553375,42.910448],[76.563411,42.908448],[76.570134,42.909439],[76.575247,42.906103],[76.584373,42.90612],[76.588947,42.908715],[76.594388,42.909008],[76.603487,42.916155],[76.617773,42.911727],[76.62902,42.90581],[76.642679,42.908415],[76.649862,42.91322],[76.653169,42.910605],[76.661705,42.907742],[76.676053,42.909618],[76.686469,42.907987],[76.687546,42.905715],[76.708886,42.904153],[76.71054779999997,42.906414400000045],[76.715432,42.908291],[76.724,42.909022],[76.73188760000002,42.916003],[76.749231,42.921514],[76.750975,42.930406],[76.75605,42.935478],[76.748745,42.942141],[76.7558759,42.94977410000003],[76.769748,42.951819],[76.78045060000002,42.9565043],[76.791238,42.953974],[76.798716,42.947585],[76.801757,42.946927],[76.811432,42.953309],[76.822744,42.955092599999986],[76.827813,42.962849],[76.834909,42.967039],[76.836594,42.969699],[76.833502,42.977904],[76.836789,42.983411],[76.84593,42.984124],[76.851351,42.978673],[76.859836,42.977037],[76.864407,42.973558],[76.872757,42.970889],[76.875289,42.971199],[76.882009,42.976389],[76.896004,42.970957],[76.89936,42.965505],[76.902605,42.970354],[76.907507,42.972382],[76.911576,42.971438],[76.917246,42.965857],[76.933574,42.970748],[76.935799,42.976693],[76.940979,42.981693],[76.945016,42.982407],[76.95726,42.978692],[76.958822,42.981319],[76.973359,42.986802],[76.984132,42.981521],[76.993083,42.985354],[77.000298,42.985093],[77.004469,42.98309],[77.013658,42.964176],[77.020239,42.960226],[77.021548,42.955533],[77.025462,42.953056],[77.033434,42.953712],[77.035094,42.947192],[77.041048,42.948157],[77.053316,42.95639],[77.054113,42.960459],[77.0607479,42.965242799999956],[77.063305,42.976815],[77.076731,42.976506],[77.08436279999998,42.981017],[77.093151,42.978317],[77.09612,42.975771],[77.100408,42.975971],[77.10261759999996,42.974541],[77.116022,42.975349],[77.12389,42.9696],[77.137044,42.973255],[77.1536,42.972661],[77.15674,42.969327],[77.15251,42.963644],[77.156519,42.955898],[77.151858,42.951633],[77.152598,42.947663],[77.159598,42.943044],[77.171682,42.944455],[77.179907,42.946993],[77.183774,42.943029],[77.194926,42.939424],[77.211537,42.927317],[77.223235,42.927745],[77.225597,42.924439],[77.222562,42.920053],[77.222955,42.915673],[77.224929,42.9141],[77.236072,42.911752],[77.265087,42.912209],[77.270284,42.913685],[77.295503,42.907513],[77.297315,42.908852],[77.296516,42.915131],[77.302013,42.916541],[77.308687,42.915497],[77.31448,42.911916],[77.32255,42.913592],[77.327138,42.909673],[77.332482,42.90851],[77.349533,42.900213],[77.350501,42.898513],[77.363178,42.902603],[77.368498,42.907493],[77.378587,42.909685],[77.3834118,42.91284190000002],[77.402806,42.918837],[77.405335,42.922835],[77.417552,42.927173],[77.422409,42.928488],[77.437714,42.925461],[77.449804,42.929702],[77.455105,42.928596],[77.47156,42.939266],[77.476347,42.938194],[77.481122,42.925704],[77.485265,42.924637],[77.497353,42.925014],[77.501248,42.927183],[77.505105,42.92717],[77.508648,42.929836],[77.516316,42.930314],[77.519922,42.929037],[77.52479,42.932593],[77.526529,42.936292],[77.549915,42.939487],[77.552523,42.941107],[77.55584,42.937272],[77.564497,42.937214],[77.568832,42.935781],[77.55939,42.92899],[77.567551,42.924481],[77.576036,42.924264],[77.581041,42.915514],[77.596207,42.91548],[77.601984,42.917363],[77.607566,42.913883],[77.613177,42.914125],[77.623355,42.919621],[77.635835,42.915786],[77.640243,42.917253],[77.646157,42.916485],[77.656625,42.911315],[77.661844,42.914141],[77.666172,42.913366],[77.670445,42.917955],[77.687851,42.912237],[77.696993,42.903906],[77.704142,42.906262],[77.707401,42.904315],[77.710741,42.904577],[77.719427,42.909997],[77.73023,42.904507],[77.736137,42.907015],[77.743247,42.907318],[77.745986,42.909344],[77.762298,42.905743],[77.770596,42.912579],[77.780651,42.914754],[77.792222,42.911198],[77.79791,42.905693],[77.810664,42.902335],[77.811586,42.899036],[77.815724,42.896256],[77.813604,42.893097],[77.816694,42.887276],[77.82376,42.884439],[77.830071,42.884694],[77.834945,42.882363],[77.840742,42.881879],[77.849982,42.886893],[77.874056,42.888611],[77.874867,42.885766],[77.882614,42.883663],[77.884998,42.880561],[77.899448,42.878501],[77.903279,42.874114],[77.911121,42.870732],[77.916519,42.874529],[77.924855,42.87456],[77.934015,42.881626],[77.942197,42.874247],[77.943135,42.859996],[77.947683,42.859021],[77.952413,42.854874],[77.965066,42.853804],[77.968122,42.85082],[77.983442,42.855413],[77.990152,42.860227],[77.999513,42.861303],[78.001545,42.862721],[78.002178,42.870654],[78.024395,42.86444],[78.034984,42.865238],[78.038497,42.860166],[78.044716,42.858457],[78.052582,42.850214],[78.052662,42.847441],[78.052755,42.849118],[78.054338,42.847632],[78.067932,42.851612],[78.079325,42.849243],[78.085394,42.851391],[78.091759,42.849356],[78.098996,42.857045],[78.106539,42.859937],[78.10784,42.863351],[78.116667,42.864588],[78.123738,42.85987],[78.136176,42.859588],[78.142092,42.857074],[78.149588,42.857619],[78.152668,42.860034],[78.159545,42.861486],[78.164722,42.859686],[78.171543,42.860289],[78.173125,42.863153],[78.179925,42.865907],[78.176982,42.873886],[78.182619,42.878192],[78.197829,42.881989],[78.209597,42.871443],[78.215498,42.86962],[78.216569,42.871811],[78.220102,42.872381],[78.223039,42.877018],[78.233262,42.87486],[78.239109,42.878713],[78.246834,42.871981],[78.257325,42.873511],[78.26315,42.870796],[78.269768,42.869836],[78.271622,42.867826],[78.270919,42.864315],[78.272772,42.863475],[78.284768,42.864281],[78.297649,42.861254],[78.306999,42.857244],[78.326405,42.85741],[78.330021,42.855856],[78.334432,42.856774],[78.34184,42.854772],[78.348808,42.854848],[78.362398,42.863316],[78.362314,42.86806],[78.369552,42.872489],[78.366466,42.875604],[78.370535,42.886981],[78.378657,42.889137],[78.39012,42.881029],[78.40891,42.877086],[78.414738,42.879887],[78.418177,42.87846],[78.430884,42.878797],[78.440777,42.883419],[78.44264,42.888099],[78.448201,42.888623],[78.451021,42.886611],[78.454815,42.886548],[78.459322,42.889151],[78.464812,42.896432],[78.480956,42.892931],[78.485462,42.894623],[78.491834,42.900669],[78.499522,42.899624],[78.506979,42.89083],[78.513257,42.888451],[78.521198,42.88893],[78.529779,42.884612],[78.530583,42.88228],[78.536943,42.881003],[78.542177,42.874274],[78.542553,42.868827],[78.575398,42.86276],[78.581237,42.858106],[78.581965,42.851818],[78.588772,42.84749],[78.595652,42.847443],[78.604456,42.853042],[78.613007,42.854749],[78.623164,42.850687],[78.625116,42.846411],[78.641886,42.842362],[78.643665,42.836074],[78.647108,42.831809],[78.646585,42.828325],[78.652234,42.824983],[78.65471,42.820847],[78.661855,42.818952],[78.664153,42.814881],[78.680904,42.814775],[78.685221,42.817146],[78.694393,42.814727],[78.703469,42.820784],[78.704523,42.824728],[78.709549,42.826114],[78.726216,42.822583],[78.733626,42.814967],[78.739003,42.819507],[78.753367,42.818914],[78.774359,42.815069],[78.776742,42.8141],[78.786554,42.800598],[78.794128,42.804258],[78.799584,42.809475],[78.804613,42.80721],[78.817043,42.807109],[78.829388,42.804795],[78.837592,42.799479],[78.851893,42.794918],[78.865709,42.800704],[78.869329,42.796338],[78.880256,42.795982],[78.886691,42.793391],[78.889953,42.789104],[78.90433,42.788304],[78.930488,42.774268],[78.948641,42.77637],[78.967239,42.781852],[78.976402,42.780495],[78.978602,42.77822],[78.98653,42.776015],[79.022988,42.777168],[79.029209,42.762601],[79.033891,42.76002540000003],[79.04415269999998,42.7627762],[79.05674309999996,42.775477],[79.10693759999995,42.7810668],[79.15205,42.794424],[79.19937189999999,42.80422309999998],[79.191954,42.78619],[79.182778,42.77516],[79.1812683,42.770531],[79.177713,42.768727],[79.173998,42.757778799999954],[79.1720666,42.755049700000015],[79.17000539999998,42.75501919999998],[79.170058,42.743431],[79.17247710000004,42.73790990000001],[79.17018349999998,42.732446599999975],[79.173495,42.719025],[79.178092,42.716489],[79.18213070000004,42.706438700000035],[79.18201470000002,42.69754229999998],[79.18796739999998,42.68795150000002],[79.1909196,42.687329900000016],[79.19907310000005,42.67887320000001],[79.20504430000001,42.668128599999974],[79.21659,42.6560987],[79.22831050000002,42.65011990000003],[79.23302730000003,42.64423119999996],[79.235216,42.64423720000001],[79.24057460000002,42.64033990000004],[79.243612,42.635803],[79.25084169999998,42.6360305],[79.26031560000004,42.62558520000004],[79.269139,42.62512489999997],[79.26894910000001,42.623073],[79.2711162,42.6216687],[79.28512510000002,42.623133],[79.28936009999995,42.621026],[79.29852129999998,42.6201358],[79.3045049,42.61245370000004],[79.31329780000002,42.607022100000044],[79.31638959999995,42.60690319999998],[79.318969,42.60215930000004],[79.3421959,42.6040631],[79.356944,42.595042],[79.362872,42.588436],[79.369036,42.586075],[79.377506,42.580054],[79.381454,42.565788],[79.385254,42.561683],[79.395383,42.556436],[79.399106,42.550272],[79.409414,42.543739],[79.419614,42.540871],[79.422877,42.538178],[79.425845,42.524036],[79.428843,42.521342],[79.430007,42.516522],[79.435546,42.514605],[79.44204,42.514813],[79.449603,42.51155],[79.451724,42.508274],[79.451583,42.500685],[79.477342,42.493233],[79.480396,42.490035],[79.488108,42.488456],[79.491167,42.486365],[79.492981,42.48128],[79.500829,42.473055],[79.501303,42.463673],[79.504877,42.459887],[79.517577,42.457382],[79.526432,42.457296],[79.536804,42.461374],[79.540299,42.459345],[79.548797,42.458085],[79.554959,42.461782],[79.560981,42.457401],[79.569843,42.458288],[79.571957,42.459715],[79.581865,42.459622],[79.585794,42.4572],[79.597786,42.454297],[79.608129,42.454724],[79.61439,42.458479],[79.630754,42.454191],[79.637153,42.453974],[79.642694,42.456039],[79.641975,42.464967],[79.644103,42.467956],[79.655216,42.475604],[79.663665,42.479091],[79.673322,42.480098],[79.685056,42.477708],[79.695511,42.479622],[79.698128,42.47392],[79.706647,42.46922],[79.711638,42.468288],[79.719464,42.470601],[79.723057,42.470195],[79.732842,42.466115],[79.748169,42.463964],[79.749387,42.452623],[79.760987,42.452328],[79.771306,42.455987],[79.780629,42.453675],[79.787963,42.446318],[79.806773,42.448037],[79.82575,42.441591],[79.842701,42.442786],[79.855805,42.445698],[79.868541,42.436909],[79.872796,42.43729],[79.877297,42.440376],[79.890997,42.439595],[79.893891,42.440731],[79.899118,42.437204],[79.906916,42.440051],[79.912465,42.43923],[79.918979,42.442723],[79.924952,42.435232],[79.929321,42.437542],[79.934341,42.436991],[79.942612,42.438571],[79.946655,42.434202],[79.954524,42.43324],[79.960198,42.433687],[79.964108,42.436598],[79.967776,42.432224],[79.964379,42.425733],[79.964233,42.421429],[79.971259,42.408927],[79.968244,42.402054],[79.970345,42.397387],[79.975056,42.393025],[79.98213,42.377598],[80.000317,42.37815],[80.002017,42.363373],[80.013026,42.359782],[80.013371,42.354542],[80.018877,42.348167],[80.028173,42.343685],[80.035499,42.342613],[80.043103,42.343915],[80.051862,42.340972],[80.064103,42.341299],[80.081662,42.339383],[80.084918,42.333327],[80.079687,42.325441],[80.082613,42.321523],[80.091146,42.317186],[80.106256,42.315685],[80.114323,42.308701],[80.125784,42.303411],[80.139202,42.290394],[80.141913,42.285812],[80.140738,42.284972],[80.11803730000004,42.27625910000003],[80.1744037,42.210844100000045],[80.17846019999999,42.21771840000004],[80.177072,42.218665],[80.17817520000003,42.220789],[80.19916560000004,42.229004799999956],[80.21695819999997,42.2284482],[80.21864389999999,42.22453069999996],[80.228742,42.2174164],[80.24796809999995,42.2188933],[80.25243909999998,42.22165990000002],[80.26030840000004,42.22265740000004],[80.27097639999995,42.2263561],[80.27510189999998,42.230564400000034],[80.2836512,42.2354386],[80.28505780000003,42.2441474],[80.28039680000003,42.24762189999998],[80.28583270000001,42.2539867],[80.28918330000005,42.26174859999998],[80.27957770000002,42.28128639999997],[80.27560109999997,42.28325690000003],[80.26831290000001,42.28339010000004],[80.260102,42.29190079999998],[80.25992080000003,42.30306029999997],[80.26080180000001,42.304872],[80.26965939999997,42.308497],[80.27013660000001,42.313149699999975],[80.27872980000004,42.31421449999997],[80.28389569999999,42.319155200000026],[80.27914850000003,42.32425310000003],[80.27564379999995,42.324184600000045],[80.263528,42.32833469999997],[80.253011,42.334506800000035],[80.24765530000002,42.340983900000026],[80.23765449999996,42.340334899999974],[80.23669330000001,42.3473696],[80.232071,42.34880930000002],[80.229867,42.356938800000044],[80.22656650000003,42.3584775],[80.22893909999996,42.36342240000004],[80.22731939999997,42.367317700000015],[80.23790129999996,42.380727500000035],[80.23800950000003,42.38979729999996],[80.2351934,42.39212349999997],[80.230831,42.392388500000045],[80.22749490000002,42.39780620000004],[80.23108350000003,42.39921740000001],[80.2334373,42.40385409999996],[80.22606060000001,42.40939610000003],[80.22069440000001,42.40987810000003],[80.21449569999996,42.4130551],[80.215198,42.42381089999998],[80.20450219999998,42.42854469999997],[80.2102712,42.436513099999985],[80.20935460000001,42.442934],[80.21265740000001,42.4518153],[80.20808370000003,42.45850870000003],[80.2076229,42.46902960000003],[80.2102698,42.4712095],[80.21682859999999,42.47266540000003],[80.21973260000001,42.481384399999975],[80.22803190000005,42.487990199999956],[80.23516810000004,42.491047499999965],[80.23640680000003,42.49685240000003],[80.23499610000002,42.499154199999964],[80.2389719,42.50104559999996],[80.242286,42.50548139999999],[80.250261,42.501706600000034],[80.25939639999999,42.500143],[80.2674271,42.504701300000015],[80.2749777,42.51761840000003],[80.27387460000003,42.5200312],[80.26574789999998,42.5167516],[80.25852039999998,42.51623480000004],[80.25249460000003,42.51810130000002],[80.25115150000002,42.522123],[80.24601310000003,42.525271199999956],[80.23272250000002,42.526867499999966],[80.220581,42.53293909999998],[80.20247969999997,42.554329],[80.19948689999998,42.56292379999997],[80.19208659999998,42.567145699999976],[80.18641749999998,42.578378399999984],[80.18241249999997,42.580957599999955],[80.1784271,42.58986040000001],[80.17801930000002,42.6036175],[80.172165,42.60880959999997],[80.164049,42.62224130000003],[80.16198369999998,42.6304903],[80.16784960000003,42.640569400000025],[80.1683507,42.64819869999996],[80.17457680000001,42.6552593],[80.1743706,42.66735],[80.17672280000002,42.6713686],[80.19203589999996,42.682632],[80.20128809999997,42.6850658],[80.20356770000004,42.6880843],[80.21502829999997,42.68971520000002],[80.22098230000003,42.6930029],[80.22515930000004,42.6928903],[80.22876619999997,42.696100100000024],[80.2229035,42.71271129999998],[80.25481469999997,42.783959299999964],[80.261245,42.82401060000003],[80.26337649999996,42.8233028],[80.2647734,42.825438100000014],[80.26155079999998,42.82580240000004],[80.25995080000003,42.827599],[80.26472560000003,42.829856],[80.26398130000001,42.82664729999996],[80.26585719999997,42.82753939999997],[80.26498750000003,42.828652],[80.26814460000004,42.8286045],[80.26734590000004,42.8296652],[80.27162570000003,42.832109900000034],[80.27570280000003,42.83220809999999],[80.27453490000005,42.834773100000035],[80.27733670000005,42.8379769],[80.2791642,42.83652590000002],[80.2789742,42.83329309999997],[80.28246220000003,42.832035],[80.28215969999997,42.83585139999999],[80.29076479999998,42.83596680000004],[80.29041980000004,42.8313516],[80.29290089999998,42.8295986],[80.29547880000003,42.83218590000002],[80.29494630000002,42.834009800000025],[80.3008222,42.832434399999975],[80.3023713,42.8331045],[80.30219589999999,42.83602],[80.30466479999998,42.8358869],[80.30507030000004,42.83390770000002],[80.30789020000003,42.83498169999997],[80.3054455,42.83652150000001],[80.30602030000004,42.83802130000003],[80.31072229999998,42.83504819999997],[80.3139719,42.83582480000001],[80.31663450000003,42.83258530000003],[80.31707020000002,42.8367522],[80.3196602,42.837324600000024],[80.32232280000004,42.83584249999996],[80.32212310000003,42.83901970000004],[80.324701,42.834999400000015],[80.3282048,42.8381101],[80.3308734,42.835935700000036],[80.33445580000003,42.8359224],[80.32934239999997,42.83222140000002],[80.33106710000004,42.83018889999999],[80.32784169999996,42.83060160000003],[80.32569340000003,42.82888859999996],[80.32877359999998,42.82782340000002],[80.33104289999999,42.82464119999998],[80.33363289999997,42.828285],[80.33712450000003,42.827725800000024],[80.33602320000003,42.830845699999976],[80.34150569999997,42.82784119999998],[80.34620160000003,42.82869329999996],[80.34377689999997,42.82934809999996],[80.3444225,42.831098600000026],[80.34807749999999,42.83090340000004],[80.3498143,42.828298299999965],[80.35411080000003,42.82710440000004],[80.3575359,42.828595599999964],[80.35585359999999,42.82932789999998],[80.35510929999995,42.8334374],[80.35641029999995,42.8341296],[80.36076730000002,42.832177],[80.3602529,42.83475529999998],[80.362383,42.835878],[80.36594729999999,42.82975839999998],[80.364495,42.828245],[80.37149640000003,42.832097199999964],[80.37257960000002,42.830859],[80.370861,42.828746500000015],[80.3754238,42.8315202],[80.37690640000001,42.828103],[80.377566,42.8306238],[80.38196539999998,42.830535],[80.37992,42.83198620000002],[80.38174150000003,42.83397430000002],[80.3845675,42.8336992],[80.38398649999998,42.83534110000004],[80.38988059999996,42.83497280000004],[80.388277,42.83759090000003],[80.39139950000003,42.83932149999996],[80.39325119999995,42.838505],[80.39342070000004,42.83536770000003],[80.3967126,42.833752400000044],[80.40047049999998,42.835421],[80.40156580000001,42.8327096],[80.4057478,42.832985600000015],[80.40381089999997,42.83041079999996],[80.40596519999995,42.8296341],[80.41037059999995,42.83169780000004],[80.40699279999998,42.8333321],[80.40707260000002,42.834844099999955],[80.4146005,42.83712050000001],[80.416773,42.838682500000026],[80.41642810000005,42.8407325],[80.42435860000003,42.84144179999998],[80.41879419999998,42.84327050000003],[80.42333269999997,42.84519610000002],[80.42045220000003,42.848328400000014],[80.42175330000003,42.85024949999998],[80.42737219999998,42.8500092],[80.42294539999997,42.85330610000002],[80.42531639999996,42.856021399999975],[80.4284716,42.85629250000002],[80.43247710000003,42.853981200000014],[80.43204069999999,42.85158039999997],[80.4356553,42.853093],[80.4390421,42.8525608],[80.43662759999998,42.85621180000001],[80.43829779999997,42.857201099999976],[80.44280470000001,42.85647620000004],[80.4423825,42.860000100000015],[80.44589840000002,42.86125539999996],[80.450428,42.859834299999974],[80.45517330000004,42.85540619999997],[80.46053060000003,42.85541780000004],[80.46128850000002,42.8638224],[80.47161510000002,42.8622004],[80.47151220000003,42.86473359999998],[80.47601989999997,42.86527439999996],[80.4731574,42.8672135],[80.47429,42.86912189999998],[80.4781274,42.86957740000001],[80.48058009999998,42.867638299999975],[80.48708460000002,42.87318],[80.49280979999997,42.87232250000004],[80.49641759999997,42.869810700000045],[80.49866659999998,42.870375],[80.50028319999997,42.87255579999998],[80.49743040000001,42.87800840000002],[80.50384,42.881118200000024],[80.50964630000001,42.87796240000004],[80.50895930000001,42.8728985],[80.5128891,42.87402519999996],[80.51494610000003,42.8780918],[80.52789029999997,42.8781113],[80.5290049,42.88327570000001],[80.53879229999998,42.88080380000003],[80.5435575,42.886551900000015],[80.54671190000005,42.88479270000003],[80.54906590000003,42.87889979999997],[80.55172370000003,42.879052100000045],[80.5520713,42.885274500000016],[80.55381619999997,42.88686829999999],[80.56120350000003,42.88668469999999],[80.5660968,42.88979339999999],[80.57642839999997,42.887782],[80.57008410000003,42.893593399999986],[80.574128,42.89593649999996],[80.57802709999999,42.8951394],[80.5801473,42.8905676],[80.582892,42.896369],[80.592778,42.891438],[80.60061549999998,42.89253589999997],[80.6016636,42.8956621],[80.5981696,42.89380650000003],[80.59856920000003,42.89701549999998],[80.59559919999995,42.89728169999998],[80.5974053,42.89789479999999],[80.59584829999997,42.89878439999997],[80.59865820000002,42.9017755],[80.59737880000003,42.90270850000002],[80.5961848,42.90168079999999],[80.59387439999998,42.9049142],[80.5956533,42.9078866],[80.592113,42.909035],[80.59148489999998,42.913511099999965],[80.5852429,42.91493630000003],[80.58482749999999,42.916522],[80.57954569999995,42.91621280000004],[80.577768,42.91926689999996],[80.57012580000003,42.920284],[80.567233,42.92465860000003],[80.5569318,42.930637800000035],[80.54399329999998,42.93362730000003],[80.53885510000002,42.93621149999998],[80.5283264,42.93712990000002],[80.52712030000004,42.93859620000002],[80.50695259999998,42.939234299999974],[80.49867289999996,42.941518499999965],[80.49469,42.94414080000004],[80.48537309999998,42.94473989999996],[80.48368659999997,42.9467294],[80.475327,42.94996789999998],[80.47022749999996,42.9544271],[80.43726880000001,42.9678422],[80.433284,42.97279159999998],[80.41593469999998,42.982682199999964],[80.414998,42.9856335],[80.4027379,42.990277800000044],[80.39175,42.997964600000024],[80.38778620000004,43.002678200000034],[80.3875239,43.007768],[80.3818076,43.0162826],[80.38083389999998,43.02241089999998],[80.389857,43.02524469999997],[80.3941781,43.0288496],[80.39481119999998,43.03656869999999],[80.3980684,43.0399255],[80.39783790000003,43.04504520000003],[80.40535149999998,43.05013159999997],[80.40851919999997,43.05736],[80.41442539999998,43.0576557],[80.42236019999997,43.062576],[80.4286703,43.06333089999998],[80.43882,43.06766749999997],[80.44225310000003,43.06734720000003],[80.45835959999998,43.07571309999998],[80.4646127,43.0720056],[80.4728644,43.07287369999997],[80.47400030000003,43.07079],[80.477573,43.06954120000002],[80.48338570000004,43.0698372],[80.485931,43.0723856],[80.49203120000003,43.07343050000003],[80.49936229999997,43.07877669999998],[80.50728959999998,43.080060200000034],[80.50910719999999,43.084746800000026],[80.52098750000002,43.08787829999996],[80.52582450000003,43.09128979999996],[80.52758229999998,43.094648],[80.533647,43.09537219999997],[80.53681059999997,43.09929960000003],[80.5489411,43.09770909999997],[80.55674019999995,43.10324040000004],[80.560627,43.110237100000035],[80.5605277,43.11573740000003],[80.57301760000001,43.119373200000034],[80.57672460000003,43.12701520000004],[80.58107449999997,43.12957730000002],[80.58659219999998,43.136405600000025],[80.59101449999997,43.1385779],[80.6025,43.135172],[80.6084425,43.142093],[80.6149627,43.14310319999996],[80.62277330000002,43.14034070000001],[80.62691560000002,43.14033430000001],[80.63322460000003,43.14710580000003],[80.63737149999996,43.1481467],[80.6420114,43.14530350000003],[80.6575262,43.14994390000002],[80.66535979999998,43.14862729999997],[80.67068460000002,43.14371170000004],[80.67507740000003,43.14328120000004],[80.6799923,43.14478119999998],[80.69866129999996,43.14310339999998],[80.70418270000002,43.145832800000036],[80.7091773,43.142131699999965],[80.70945609999997,43.139612200000045],[80.71447620000002,43.1349336],[80.71805759999997,43.133985],[80.72387489999998,43.1342068],[80.73014819999999,43.139892],[80.74348009999996,43.14695230000003],[80.7509003,43.14536050000004],[80.76634230000003,43.14579989999998],[80.76850740000003,43.14202339999997],[80.78131150000002,43.137824099999975],[80.78829230000004,43.14181829999997],[80.788157,43.14695220000002],[80.7929315,43.15662210000004],[80.79216870000005,43.160323400000046],[80.7971833,43.165780700000035],[80.79535020000003,43.17150970000003],[80.7970458,43.173615],[80.8037301,43.17478929999996],[80.80728070000004,43.17727190000002],[80.79742850000004,43.184206],[80.79272,43.195039099999974],[80.78608029999998,43.2019235],[80.78828460000003,43.207278599999974],[80.78278359999996,43.215447699999984],[80.7826475,43.225948],[80.78532139999999,43.234158899999976],[80.78978220000003,43.2384584],[80.78616260000004,43.240288800000016],[80.78162490000003,43.248571],[80.776568,43.2505411],[80.765071,43.26703979999997],[80.76528839999996,43.271406399999954],[80.76979939999998,43.2777801],[80.77411710000001,43.27917170000004],[80.7709898,43.2902128],[80.77494050000001,43.296642900000016],[80.77516209999996,43.300937099999956],[80.77858740000005,43.3037888],[80.77853169999997,43.311382],[80.76648549999999,43.31632209999998],[80.76001930000001,43.31556350000001],[80.7529184,43.31744789999996],[80.75210940000002,43.318851700000025],[80.74562839999999,43.31576670000003],[80.73652009999998,43.3172851],[80.7116538,43.31764320000004],[80.704664,43.31941],[80.69798590000002,43.3162288],[80.69106789999998,43.320625599999985],[80.68316870000001,43.3286842],[80.68551870000002,43.337629800000045],[80.69363430000004,43.34178009999998],[80.6958505,43.34580490000002],[80.7048663,43.35288460000004],[80.70624559999999,43.3563159],[80.704865,43.36447379999997],[80.71655619999999,43.37248440000001],[80.7219215,43.37429230000003],[80.73119760000004,43.3903551],[80.73509410000003,43.393152800000024],[80.73328420000003,43.402635700000026],[80.7365279,43.41097259999997],[80.73288849999997,43.41749279999998],[80.7352053,43.42433430000001],[80.73531620000003,43.43384339999996],[80.74156939999996,43.4397059],[80.75535469999997,43.4459706],[80.75641529999996,43.44813520000004],[80.7509765,43.469037300000025],[80.68563819999996,43.5797326],[80.62552509999998,43.67222279999996],[80.5877161,43.724279500000016],[80.52276650000005,43.821915],[80.52143,43.82446160000002],[80.52329269999998,43.82755139999996],[80.52173529999999,43.83046279999998],[80.51995380000002,43.830627],[80.52116,43.83342],[80.52513049999999,43.835442],[80.52074930000003,43.8369597],[80.52250530000002,43.83821619999997],[80.52002570000002,43.841678299999984],[80.52138539999999,43.84362840000004],[80.52304019999995,43.84327849999996],[80.52055180000004,43.847760100000045],[80.52137319999997,43.85274859999997],[80.51929189999997,43.853781199999965],[80.52149620000002,43.85724119999998],[80.51886149999999,43.8591501],[80.5158516,43.8580529],[80.51551180000001,43.859849],[80.51928390000002,43.8610071],[80.51758,43.86161050000001],[80.51825589999996,43.86339380000004],[80.516502,43.864719500000035],[80.51463040000002,43.863905099999975],[80.51343069999996,43.86594989999997],[80.5108152,43.864320300000045],[80.50914039999998,43.866156],[80.51281970000002,43.866102],[80.5128367,43.86810329999997],[80.51135770000003,43.86758259999996],[80.5104437,43.86960680000003],[80.50746510000002,43.867998],[80.5069153,43.87097340000003],[80.50971330000004,43.86965710000001],[80.51071719999997,43.87127370000001],[80.50760930000004,43.8717351],[80.509037,43.873393900000025],[80.50616059999999,43.8719476],[80.50657660000005,43.87366330000002],[80.504419,43.87457609999996],[80.5079073,43.87423829999999],[80.50845219999997,43.875657],[80.50576610000005,43.877173800000044],[80.51036919999996,43.87895479999997],[80.50736349999995,43.8789573],[80.50674170000002,43.88065189999997],[80.51029509999995,43.87973089999997],[80.51287440000003,43.8825621],[80.511082,43.883416900000036],[80.51182980000002,43.887948],[80.509109,43.8889221],[80.51095549999997,43.889243700000044],[80.50955689999998,43.890309],[80.5120068,43.89345619999998],[80.50879210000002,43.89961750000004],[80.51047469999997,43.90331760000004],[80.50899309999997,43.9068521],[80.5054158,43.90647159999996],[80.5048984,43.90866870000003],[80.4959124,43.915270500000034],[80.4909648,43.914619399999985],[80.49176009999998,43.91722],[80.48813030000002,43.92012990000003],[80.490139,43.9209904],[80.48848609999999,43.9217837],[80.48868720000002,43.92626240000001],[80.4857606,43.925381699999974],[80.48374669999998,43.9269021],[80.4851855,43.92798950000001],[80.48406879999999,43.92967229999998],[80.47843549999999,43.93060919999996],[80.47441890000002,43.93462570000002],[80.47552309999998,43.93563160000002],[80.47222549999998,43.93645219999998],[80.4737359,43.937582300000045],[80.4727655,43.93967369999998],[80.47525120000005,43.940794],[80.47339969999997,43.9422288],[80.47567309999997,43.94230510000001],[80.47671349999999,43.94446070000002],[80.47371370000002,43.9458827],[80.47517820000004,43.94702359999998],[80.47690930000002,43.945965],[80.47624849999997,43.94724740000002],[80.47962850000002,43.94844430000002],[80.47704890000003,43.95262369999997],[80.47856389999995,43.953691699999965],[80.48051239999998,43.95237540000003],[80.47916729999997,43.9549288],[80.48204710000005,43.95424269999999],[80.48386269999997,43.9556114],[80.4822376,43.956883],[80.48001539999998,43.95627979999996],[80.4809129,43.958383699999956],[80.4776917,43.958445800000035],[80.47960040000001,43.96119639999998],[80.4751959,43.9602993],[80.47344990000005,43.96274659999999],[80.4759635,43.96330669999997],[80.47429819999998,43.964212500000045],[80.47565880000002,43.9649269],[80.47155530000005,43.969216099999976],[80.46625140000005,43.9681247],[80.46480960000004,43.9692797],[80.466606,43.96990619999996],[80.461835,43.97295289999998],[80.4630606,43.97489889999997],[80.46091,43.9756302],[80.45825639999997,43.973863099999974],[80.4564854,43.97476130000004],[80.461904,43.97743180000002],[80.4555626,43.9785178],[80.45622769999997,43.98008039999996],[80.458725,43.97992890000004],[80.45281710000005,43.984408200000026],[80.45640809999998,43.98525410000003],[80.45499490000003,43.988808200000015],[80.44964179999995,43.98759540000003],[80.44850289999997,43.9884848],[80.45193489999997,43.98895489999999],[80.450584,43.991100100000025],[80.45253829999999,43.99079330000004],[80.453813,43.99227240000003],[80.45463029999996,43.994302500000046],[80.45143210000003,43.994441299999984],[80.44962389999998,43.99674020000004],[80.45431149999996,44.000063300000015],[80.44987480000005,44.00047370000004],[80.45166869999997,44.0019664],[80.44949360000004,44.00312319999997],[80.45196089999999,44.00331510000004],[80.44921870000003,44.0045835],[80.45091920000004,44.00731890000002],[80.4447828,44.00840850000003],[80.4483895,44.01006570000001],[80.44878649999998,44.01217239999997],[80.45257760000004,44.01167979999998],[80.4533865,44.014465499999986],[80.44940359999995,44.01509639999996],[80.45125549999997,44.01622230000004],[80.45084329999997,44.01901659999996],[80.45238080000001,44.019365200000024],[80.45242129999998,44.017626],[80.45512849999997,44.01974129999997],[80.45095079999999,44.0222676],[80.4522154,44.0232369],[80.45437,44.021726700000016],[80.45584779999999,44.0228902],[80.45298130000003,44.02365130000001],[80.4553199,44.02618209999998],[80.45095110000003,44.02628519999998],[80.452188,44.029023399999964],[80.45763169999998,44.02824680000001],[80.45837760000005,44.0300232],[80.45599369999998,44.03130869999996],[80.45344150000003,44.030345899999965],[80.4555387,44.03473749999998],[80.453052,44.03454959999997],[80.45287009999998,44.03239729999997],[80.4488017,44.03383569999997],[80.44961820000005,44.037663],[80.453921,44.0392892],[80.44941659999998,44.039363500000015],[80.45236839999995,44.04055879999997],[80.449616,44.042069],[80.45555290000001,44.044869599999956],[80.45060169999996,44.04799440000004],[80.45330159999999,44.049331700000025],[80.4488704,44.04982420000001],[80.45125910000002,44.052155299999974],[80.4510325,44.0555402],[80.4490584,44.05770140000003],[80.44692990000001,44.05645420000004],[80.445618,44.0675115],[80.43919949999997,44.06934559999998],[80.4445522,44.071022299999974],[80.4424009,44.072417899999984],[80.4445519,44.07259259999996],[80.44517319999997,44.07439560000002],[80.41597839999996,44.09759940000002],[80.39426469999997,44.112030800000014],[80.4016484,44.129226],[80.40041410000002,44.13156819999997],[80.40262909999997,44.13869479999997],[80.40563279999998,44.14230489999997],[80.40210250000001,44.16678389999997],[80.39809459999995,44.17714560000003],[80.39903309999997,44.19247960000001],[80.39690930000003,44.199403400000016],[80.39986560000003,44.20538209999998],[80.40151210000002,44.22428180000002],[80.4045542,44.23300140000001],[80.40296089999998,44.241456599999985],[80.40570430000004,44.24893370000002],[80.40539270000002,44.293009199999986],[80.3925379,44.31223559999997],[80.39068159999997,44.333403199999985],[80.3860585,44.348916100000025],[80.38508469999998,44.37354880000004],[80.37852220000002,44.39327059999998],[80.37710840000003,44.41133349999997],[80.37087209999997,44.41772860000002],[80.37224719999998,44.42210869999996],[80.36766620000002,44.432569200000025],[80.36685890000001,44.4412091],[80.35881089999998,44.44765430000002],[80.35562870000004,44.456031600000024],[80.34940920000004,44.46046769999998],[80.3513151,44.46982819999998],[80.34692,44.48268640000001],[80.35521110000002,44.4913435],[80.361262,44.4946777],[80.36332259999998,44.49967119999998],[80.36821759999998,44.50414050000002],[80.36739170000004,44.506298200000025],[80.37096490000002,44.51289240000003],[80.3675877,44.523388],[80.37139330000002,44.527936],[80.37048879999998,44.5318599],[80.37706350000005,44.53667350000001],[80.37707439999997,44.54254489999998],[80.38109,44.55041390000003],[80.37983209999996,44.55275449999998],[80.38614409999997,44.55761440000001],[80.38523230000003,44.561716],[80.39355529999997,44.567328500000045],[80.39202270000001,44.57619810000002],[80.39406270000003,44.582969600000034],[80.39126979999998,44.59146890000001],[80.39823239999998,44.59420420000002],[80.40149669999998,44.598924500000045],[80.4048967,44.60011790000002],[80.41048259999998,44.610393],[80.40610049999995,44.6126898],[80.40397930000005,44.618624500000045],[80.3989508,44.620883],[80.39715859999995,44.628811300000024],[80.3836604,44.636055399999975],[80.38280349999997,44.64091350000003],[80.37670920000004,44.64365940000003],[80.37426959999998,44.64894520000004],[80.36839410000002,44.654498199999956],[80.35991370000002,44.658291],[80.3505541,44.66570749999998],[80.3475228,44.6730275],[80.3444107,44.675739],[80.34390760000002,44.680303600000016],[80.33723290000003,44.68949519999998],[80.32498,44.69501640000002],[80.31211430000005,44.703830600000025],[80.28609560000001,44.70920919999999],[80.2783022,44.71327079999996],[80.25845909999998,44.719336],[80.25568229999999,44.718566],[80.24348070000002,44.7216239],[80.23625420000002,44.72153630000004],[80.21930379999998,44.730459],[80.19280710000001,44.74969610000004],[80.19091930000003,44.75201240000002],[80.19678450000002,44.757561599999974],[80.19674890000002,44.761897],[80.19347339999997,44.76405880000003],[80.18210779999998,44.77984549999998],[80.17686719999998,44.78268760000004],[80.1754589,44.791513500000036],[80.17224140000005,44.7943641],[80.16839759999998,44.79519310000002],[80.164426,44.79940130000004],[80.1669896,44.8036259],[80.16205029999998,44.811614],[80.1621729,44.816566099999974],[80.1678622,44.8262554],[80.16651659999995,44.837689],[80.16395740000004,44.8415649],[80.15549310000003,44.84111279999998],[80.15332929999997,44.838819699999966],[80.15362479999999,44.8352037],[80.14773520000003,44.83084560000001],[80.14618410000003,44.826687100000015],[80.12775969999996,44.82308289999997],[80.124762,44.81701569999996],[80.11420040000002,44.80978409999998],[80.10287309999998,44.811007],[80.09610320000002,44.81356919999999],[80.08577450000001,44.81196209999998],[80.0781024,44.812733],[80.0708402,44.80908460000001],[80.05937009999997,44.80783049999999],[80.05384460000002,44.802355499999955],[80.04954330000001,44.801110299999955],[80.041526,44.80086159999998],[80.03399269999997,44.80405440000001],[80.03005920000004,44.80344680000001],[80.01998419999998,44.79900180000003],[80.0191266,44.79298],[80.00630619999997,44.790187],[79.99936729999996,44.79044630000002],[79.9953778,44.7920766],[79.99305070000003,44.7968654],[79.99714329999998,44.8034058],[79.9996253,44.816031],[79.9951761,44.8235933],[79.98839659999996,44.82441450000001],[79.98195049999995,44.83100030000002],[79.9777034,44.83158640000002],[79.96826790000001,44.83809519999997],[79.96676119999997,44.84164790000003],[79.95898,44.8436828],[79.95719020000004,44.845384],[79.95793070000002,44.84876470000001],[79.95584810000003,44.85029709999997],[79.9514412,44.850216799999984],[79.94926150000003,44.84861729999998],[79.944715,44.850043500000034],[79.94606609999997,44.866251400000024],[79.95227650000001,44.868457699999965],[79.95423289999997,44.873440600000045],[79.961476,44.875522],[79.9642014,44.8788127],[79.96375339999997,44.88198610000003],[79.95241149999998,44.882110700000034],[79.94462230000005,44.884169],[79.9424177,44.886539],[79.9321546,44.887480499999974],[79.92960789999995,44.89288080000004],[79.91883929999997,44.8958409],[79.9142505,44.90114879999998],[79.9032358,44.901368599999955],[79.893694,44.89498279999997],[79.88591610000003,44.8935608],[79.88855790000004,44.90246369999997],[79.88198539999996,44.91067759999996],[79.8912054,44.918434699999985],[79.89539819999997,44.91921540000001],[79.901388,44.92341329999998],[79.90470890000003,44.92868650000001],[79.91478379999998,44.927302800000014],[79.92404429999996,44.931673299999964],[79.929535,44.933028600000014],[79.93406050000004,44.9324263],[79.93842470000001,44.936924200000014],[79.94375939999998,44.93782219999998],[79.9475048,44.94401259999996],[79.94386669999997,44.9495382],[79.94520690000002,44.95223610000003],[79.95321940000004,44.9535678],[79.95571710000002,44.961365],[79.96957509999999,44.96606359999997],[79.97498370000004,44.96270039999997],[79.98082879999995,44.96476589999998],[79.98574859999998,44.9690352],[79.98877190000002,44.97859509999997],[80.0139709,44.98052179999996],[80.01385970000003,44.98434940000002],[80.01912270000003,44.99086449999996],[80.02757730000002,44.99329220000001],[80.031159,44.9966767],[80.03394539999996,44.99650610000001],[80.0337891,44.99973],[80.03960970000003,45.003269399999965],[80.0470451,45.00211559999998],[80.05126960000004,45.005936099999985],[80.05313520000003,45.0123565],[80.05651049999997,45.01412290000004],[80.0602045,45.01260930000004],[80.0675214,45.012423799999965],[80.07529980000002,45.00946759999997],[80.076221,45.0075743],[80.08550310000004,45.005803700000044],[80.09727469999996,45.00708110000004],[80.09372340000002,45.02745749999997],[80.08801480000002,45.02986150000001],[80.08671839999997,45.0330302],[80.09121370000003,45.03751],[80.08932689999996,45.04190690000003],[80.09007780000002,45.04694609999997],[80.094096,45.047823],[80.1054806,45.04534390000001],[80.11219660000003,45.048366],[80.11823360000002,45.04113779999999],[80.12833519999998,45.039290900000026],[80.12864,45.04302970000003],[80.13106079999997,45.04594830000001],[80.13384,45.0462766],[80.13857140000005,45.05231009999997],[80.1395327,45.05735190000004],[80.15214429999997,45.05286560000001],[80.15828290000002,45.04523360000003],[80.16786609999997,45.03878190000001],[80.17029209999997,45.03827689999997],[80.17802260000002,45.04155309999997],[80.18232410000003,45.041730199999975],[80.1851835,45.035067],[80.191643,45.028369600000026],[80.19484710000003,45.027243],[80.20208019999995,45.03001310000003],[80.21352730000004,45.023252400000025],[80.2312107,45.03299950000004],[80.2354661,45.029326],[80.24029920000004,45.027677300000036],[80.25514849999996,45.0411025],[80.25684989999996,45.04523819999997],[80.2602187,45.04772930000003],[80.260726,45.0539562],[80.26672440000004,45.053590799999974],[80.27681929999997,45.059039],[80.2853558,45.06034369999996],[80.29339569999998,45.066499899999954],[80.29458460000002,45.065309100000015],[80.312895,45.06727319999999],[80.31526709999996,45.069589],[80.31911950000003,45.0700223],[80.32544420000002,45.06959960000001],[80.32760730000004,45.067962],[80.33016080000002,45.055640600000025],[80.34492310000002,45.0410649],[80.36196449999997,45.03974410000004],[80.36958060000005,45.042466],[80.38178760000002,45.039869699999954],[80.38702610000003,45.044880300000024],[80.39232560000002,45.0444443],[80.40330610000004,45.047630899999966],[80.40734450000004,45.05773920000002],[80.41932940000002,45.06179309999998],[80.437905,45.075017],[80.44350059999996,45.08696310000004],[80.44122670000002,45.0923965],[80.43729460000002,45.095620899999986],[80.4378151,45.0976156],[80.44591829999999,45.10048449999997],[80.44880789999996,45.1046025],[80.45492820000001,45.105971],[80.46268769999998,45.1125946],[80.46718420000005,45.1122564],[80.47959769999997,45.115188799999984],[80.48126340000003,45.11974979999997],[80.48889010000002,45.126494299999976],[80.4968001,45.1193786],[80.49868230000003,45.1150118],[80.5063056,45.111019100000036],[80.50923860000003,45.10663190000004],[80.5116859,45.105972899999955],[80.51741510000002,45.10555930000002],[80.54297669999998,45.11046],[80.5584323,45.110832300000034],[80.56154040000003,45.112809899999974],[80.575845,45.11022660000001],[80.58062259999997,45.1061591],[80.600094,45.1044192],[80.60733659999998,45.109247299999986],[80.614353,45.10848619999999],[80.61862049999996,45.1118785],[80.61972030000001,45.11558430000002],[80.62448340000003,45.117998800000045],[80.634541,45.11476879999996],[80.63738620000002,45.11619029999998],[80.63858630000001,45.11965849999997],[80.6459424,45.121464800000034],[80.65515590000001,45.12126539999996],[80.65885950000002,45.12413489999998],[80.66642469999998,45.12442870000004],[80.67734069999997,45.128321900000024],[80.67899569999996,45.13266779999998],[80.68711329999996,45.134195],[80.6966652,45.132861],[80.70594890000004,45.1442431],[80.715661,45.146213599999975],[80.72445080000003,45.15028079999996],[80.72615990000004,45.15388740000004],[80.73025209999997,45.15469909999996],[80.73210570000003,45.157559],[80.7429708,45.159696900000036],[80.76306209999996,45.15172640000002],[80.77328230000003,45.143608],[80.78151049999997,45.14516760000002],[80.78703730000002,45.1501416],[80.7913381,45.14928760000003],[80.7948603,45.15034060000003],[80.82506540000003,45.14134170000001],[80.8334681,45.14048540000004],[80.84385549999996,45.13144670000002],[80.85434040000001,45.1261104],[80.86285789999998,45.12566349999998],[80.8770825,45.130992],[80.88942330000003,45.12473],[80.89661059999999,45.12469829999996],[80.90661790000004,45.13701050000003],[80.91116879999998,45.138513400000036],[80.9146962,45.14375769999999],[80.92195369999999,45.14556070000004],[80.92895569999997,45.15758860000003],[80.9407907,45.15878919999998],[80.94588130000002,45.16142710000002],[80.95168030000004,45.16040039999998],[80.95690920000004,45.1676335],[80.96780169999997,45.16730870000003],[80.97229920000004,45.16370649999997],[80.99655739999997,45.15828430000004],[81.006478,45.16253830000003],[81.010487,45.1617339],[81.016183,45.16453610000004],[81.02465990000002,45.1635148],[81.02733539999997,45.16592840000004],[81.035634,45.16640109999999],[81.05539949999995,45.17779840000002],[81.06414729999997,45.17256679999997],[81.07002869999997,45.172382700000014],[81.07595009999999,45.178898700000026],[81.0755671,45.18581439999998],[81.07839639999997,45.187073599999984],[81.08324240000002,45.19437920000004],[81.08760070000002,45.1963892],[81.09355940000002,45.19603320000003],[81.09953630000001,45.199606099999976],[81.10711070000002,45.199387099999974],[81.10908969999998,45.2010812],[81.10752320000005,45.20714570000004],[81.10067679999997,45.21520769999998],[81.10084510000004,45.21759230000002],[81.10660640000003,45.221885],[81.11141440000004,45.217316500000024],[81.119386,45.21517840000004],[81.13151079999997,45.21819370000004],[81.13345159999997,45.217570399999985],[81.13716970000004,45.209844400000044],[81.14252390000001,45.21043829999998],[81.1557527,45.20515980000004],[81.16169409999998,45.205617199999956],[81.16975950000003,45.212807],[81.16654309999998,45.22430240000001],[81.1814406,45.2270061],[81.1874894,45.232482],[81.18973740000001,45.232007299999985],[81.20295580000001,45.23672939999999],[81.20607059999998,45.2366994],[81.2110529,45.233881299999965],[81.21836030000004,45.2362444],[81.22196450000001,45.23804539999998],[81.220936,45.24471569999997],[81.22659289999999,45.24788740000003],[81.22848749999997,45.248174],[81.23147149999996,45.24434510000004],[81.2377056,45.24079429999996],[81.24376159999997,45.240040899999975],[81.24923810000004,45.241355400000025],[81.2571232,45.237161500000035],[81.26917610000001,45.2367339],[81.28646469999998,45.241259700000015],[81.29524410000003,45.247446],[81.306512,45.24679079999998],[81.3071065,45.25408540000002],[81.31554569999999,45.25384869999998],[81.326991,45.25692619999997],[81.33078749999997,45.2558693],[81.35166179999996,45.26097429999998],[81.35657470000004,45.259319600000026],[81.36276310000002,45.2600042],[81.36834549999998,45.25497159999998],[81.3766618,45.252934199999984],[81.38124790000003,45.26327459999997],[81.38927090000003,45.26901329999997],[81.38840179999997,45.270987399999974],[81.40030239999999,45.274956600000024],[81.40303030000001,45.279257],[81.4155336,45.28035449999999],[81.42095739999996,45.283638199999984],[81.42560889999999,45.27984290000002],[81.43499639999999,45.27946649999996],[81.43830979999997,45.27746249999998],[81.4352187,45.27371460000003],[81.43731689999997,45.26798330000001],[81.44541509999998,45.263650399999975],[81.45183319999998,45.262192],[81.4556517,45.264078799999986],[81.45982419999999,45.26394219999996],[81.465751,45.2661541],[81.46946950000002,45.27082060000003],[81.47292840000003,45.271705699999984],[81.476794,45.2755788],[81.47908619999998,45.274067],[81.485116,45.273802500000016],[81.49561269999995,45.275940800000015],[81.49855519999997,45.281323200000024],[81.51480829999997,45.28020790000002],[81.52152589999997,45.28247920000001],[81.523598,45.28865739999996],[81.530214,45.29574290000002],[81.527038,45.30004630000002],[81.53051480000003,45.3040275],[81.534668,45.30585280000003],[81.53953590000002,45.305334300000034],[81.54799570000002,45.3014877],[81.5518793,45.30468070000004],[81.5672875,45.305396700000045],[81.57342019999999,45.3073509],[81.57168309999997,45.31405070000003],[81.56787339999997,45.31846020000001],[81.5687807,45.32533409999997],[81.57936540000003,45.327903099999986],[81.58689230000002,45.33233639999998],[81.5879312,45.3365875],[81.59209589999998,45.34054909999996],[81.59941850000003,45.34196450000001],[81.61269319999997,45.34186849999997],[81.61938749999999,45.351581299999985],[81.6244748,45.3516696],[81.632353,45.3565891],[81.63949910000002,45.3561296],[81.65029480000003,45.35052469999996],[81.66769679999996,45.35151439999996],[81.6782709,45.35624060000003],[81.67757689999996,45.36246049999997],[81.67935530000003,45.364493699999976],[81.68777310000002,45.3645927],[81.69491170000002,45.36914770000002],[81.7009495,45.36588890000004],[81.70537309999997,45.36043729999999],[81.71372930000001,45.358922300000046],[81.7220934,45.3631491],[81.72911119999996,45.36336710000002],[81.73369719999998,45.36574849999997],[81.73087189999998,45.37111430000002],[81.7316375,45.374706100000026],[81.73706930000002,45.37304249999996],[81.746887,45.372753],[81.7515875,45.375189699999986],[81.7585553,45.3721713],[81.76511460000003,45.37476879999998],[81.76779580000002,45.377829700000014],[81.7834197,45.3689842],[81.79389590000002,45.359239800000026],[81.80662390000003,45.3553365],[81.816903,45.34418809999996],[81.82107939999997,45.336921099999984],[81.82709819999997,45.33369629999997],[81.82972379999997,45.3298655],[81.83160840000002,45.31577590000004],[81.83565769999996,45.3118885],[81.84363670000005,45.3088741],[81.844092,45.30410879999997],[81.85464170000004,45.300893600000045],[81.85543770000001,45.295241],[81.87869670000005,45.2837059],[81.88491449999998,45.278627],[81.88939680000004,45.2693873],[81.92203459999999,45.228887],[81.94181039999997,45.236224300000025],[81.9706728,45.23392879999999],[81.97821860000005,45.23808450000002],[81.99460580000004,45.232385],[82.00344240000004,45.23446219999998],[82.009207,45.233564599999966],[82.01470720000003,45.2374508],[82.02238570000003,45.23845380000002],[82.02573419999999,45.24080729999997],[82.02875340000003,45.2403997],[82.03238910000003,45.2434699],[82.03908290000001,45.24566139999997],[82.04105740000004,45.25304640000003],[82.04430530000002,45.25416529999997],[82.06216110000001,45.24655750000004],[82.064991,45.2465142],[82.06827360000003,45.249459100000045],[82.07152529999996,45.248931],[82.07362580000003,45.2462361],[82.07732360000001,45.24720719999997],[82.08072660000002,45.2457456],[82.0850222,45.246630899999985],[82.09045960000003,45.24547980000004],[82.08797089999999,45.24286619999997],[82.0870544,45.2375766],[82.08104660000004,45.23519060000003],[82.08271130000001,45.230194800000035],[82.081751,45.2228723],[82.09719350000003,45.2087029],[82.1001312,45.2023018],[82.10984,45.20151359999998],[82.11378829999998,45.2020131],[82.12051930000001,45.20581870000002],[82.12430110000001,45.211312900000046],[82.13674050000003,45.21457150000001],[82.1407839,45.21756829999999],[82.14655429999996,45.218249699999966],[82.15122370000005,45.221796100000034],[82.1714705,45.221269399999976],[82.183838,45.2251298],[82.1913101,45.223248400000024],[82.20610179999996,45.23129380000002],[82.21685440000003,45.2341759],[82.2334506,45.23467320000003],[82.23665860000004,45.233038300000025],[82.24041709999997,45.2331763],[82.24295129999996,45.23052220000003],[82.25029489999997,45.23561919999997],[82.25738269999995,45.2338818],[82.26769649999996,45.2412971],[82.27478830000001,45.24091879999996],[82.28990969999998,45.232956],[82.29875560000004,45.223113699999985],[82.31317569999999,45.22089420000002],[82.320562,45.214979800000044],[82.32269409999998,45.210715199999974],[82.3270612,45.2095434],[82.33406589999996,45.21043890000003],[82.33641530000001,45.207713],[82.3407047,45.209071400000035],[82.36257039999995,45.2010652],[82.36743090000004,45.20222319999998],[82.38373049999998,45.1995936],[82.39069220000002,45.19484710000003],[82.39769609999998,45.192960199999966],[82.41648310000002,45.19231739999998],[82.42823669999996,45.18767369999998],[82.44588769999999,45.18696089999998],[82.44828249999998,45.18543649999997],[82.45542680000001,45.1874452],[82.4628292,45.18219010000004],[82.4745407,45.17704380000003],[82.5601012,45.203483900000016],[82.581643,45.21961710000004],[82.58772629999999,45.344720400000035],[82.54283160000001,45.42095810000004],[82.43773889999997,45.45969860000001],[82.27995879999997,45.5351376],[82.270252,45.550542100000044],[82.25790860000004,45.616576899999984],[82.27575990000003,45.63210529999997],[82.28267640000004,45.64940189999997],[82.28458519999997,45.669622399999966],[82.2824269,45.6834167],[82.28812339999998,45.708789599999974],[82.29907020000005,45.719558100000036],[82.31031579999996,45.73795690000002],[82.31346109999997,45.7540253],[82.31858279999999,45.76409909999997],[82.337604,45.78079359999998],[82.34189430000002,45.792437],[82.34508120000001,45.79567630000001],[82.34283780000001,45.8112918],[82.34540560000002,45.8389546],[82.33851740000003,45.85015980000004],[82.33503510000003,45.86090690000002],[82.32995469999997,45.886946299999984],[82.3344301,45.89141120000002],[82.3407047,45.90808620000002],[82.3388069,45.9237477],[82.3351293,45.93388790000004],[82.33565640000002,45.93915830000002],[82.37569669999996,45.96411610000002],[82.41039389999997,45.96909680000001],[82.42652720000001,45.96739150000004],[82.45610689999998,45.977168300000024],[82.51189590000003,46.15462879999998],[82.57251050000002,46.247746399999976],[82.608009,46.2984008],[82.72163059999997,46.48504670000004],[82.727298,46.49795390000004],[82.73977839999998,46.51816309999999],[82.74497519999998,46.535646],[82.75396319999999,46.553172100000026],[82.755175,46.5618153],[82.7691774,46.59992090000002],[82.77421650000002,46.63672479999998],[82.77335250000004,46.658922599999975],[82.78644630000002,46.6809361],[82.78761669999996,46.6922385],[82.86500739999997,46.803910100000024],[82.86670759999996,46.81655689999997],[82.89012160000004,46.87553769999997],[82.91930980000004,46.9278958],[82.9193469,46.93762050000003],[82.92224079999998,46.9403306],[82.92154909999995,46.95315630000001],[82.92577740000004,46.9602108],[82.92502319999998,46.9631544],[82.93241169999999,46.97201309999996],[82.93056480000001,46.97270779999998],[82.930061,46.97799710000001],[82.93280090000003,46.97987829999997],[82.93267369999998,46.98609279999999],[82.92960740000004,46.99055460000003],[82.93293639999996,46.99916150000003],[82.9376557,47.00516909999999],[82.93516570000003,47.00726129999999],[82.93786650000003,47.00975789999997],[82.93806710000001,47.01609630000003],[82.94302039999997,47.018673700000036],[82.9515987,47.02005129999998],[82.96676539999999,47.03561539999998],[82.96922339999996,47.04274819999996],[82.968867,47.0489779],[82.97408990000001,47.050417700000025],[82.97653250000005,47.054510700000016],[82.981552,47.05565979999997],[82.9931017,47.064350300000044],[82.993096,47.06967330000003],[82.99783270000003,47.078291],[82.9990175,47.089767],[83.00293270000003,47.10140150000004],[83.00906689999998,47.10841630000002],[83.00835060000004,47.1122965],[83.01040639999997,47.11442709999998],[83.0031396,47.12084939999996],[83.00898849999997,47.12706340000003],[83.01810659999998,47.1303864],[83.01957440000002,47.132851899999984],[83.0186895,47.141724],[83.01143140000005,47.1429597],[83.01229,47.14715879999998],[83.02103870000003,47.152769599999964],[83.02438179999997,47.15650539999998],[83.02370860000005,47.16025780000004],[83.02806379999998,47.16199049999996],[83.02601930000002,47.16975040000004],[83.02894790000003,47.171999300000046],[83.02947170000003,47.1750066],[83.02403580000004,47.187038],[83.02818110000001,47.19208250000004],[83.02511240000003,47.199937099999964],[83.02789890000001,47.20679],[83.02337340000003,47.21461],[83.02796250000003,47.216751],[83.031327,47.22326669999999],[83.04215130000003,47.215003700000025],[83.05162570000005,47.225277],[83.06322320000004,47.22773910000002],[83.08332890000003,47.22820940000003],[83.09414810000001,47.22378929999997],[83.1099363,47.22929929999997],[83.11757869999995,47.2294949],[83.13391919999998,47.23374180000002],[83.15089359999999,47.2346519],[83.16282880000003,47.22576559999998],[83.17367920000002,47.22042959999999],[83.1908692,47.21940869999999],[83.2004594,47.21632889999998],[83.2083481,47.210192600000035],[83.2068777,47.19890219999996],[83.209051,47.195967],[83.214921,47.1906983],[83.2208862,47.18795089999996],[83.23648160000002,47.18907040000004],[83.23810949999998,47.187187600000044],[83.23544819999996,47.1817231],[83.24059090000003,47.1788367],[83.25350059999998,47.176327100000016],[83.28008750000004,47.1751998],[83.28438740000001,47.17690949999997],[83.28845390000004,47.181992299999976],[83.2930715,47.18199850000004],[83.30707070000003,47.17755430000003],[83.31812080000003,47.17143210000001],[83.3355094,47.1699743],[83.33936709999998,47.17232770000004],[83.35335160000002,47.17409030000004],[83.3542658,47.176705699999985],[83.36489069999999,47.17778070000003],[83.36175839999999,47.17107140000001],[83.36453250000002,47.16386650000002],[83.37946159999998,47.155390600000025],[83.38203940000001,47.15154340000003],[83.38628009999996,47.15022180000001],[83.38806519999997,47.141844],[83.407287,47.12844649999999],[83.40911869999996,47.123453499999954],[83.41372819999997,47.12051320000003],[83.41346620000004,47.1159925],[83.428751,47.11454629999998],[83.42789589999998,47.119621399999964],[83.42989190000003,47.12324710000002],[83.44075530000003,47.125349599999986],[83.44923609999998,47.131404],[83.4575395,47.13207210000003],[83.46214940000004,47.12800360000002],[83.47078060000001,47.12802019999997],[83.46503780000003,47.124889899999964],[83.46296529999996,47.1215788],[83.464903,47.11902779999997],[83.48115739999999,47.1175318],[83.48422050000003,47.113431500000026],[83.4816236,47.109785],[83.48320180000003,47.109128300000044],[83.49386489999998,47.1099607],[83.49864220000002,47.10736530000001],[83.50592970000001,47.10950690000002],[83.50891979999997,47.10748729999998],[83.5115642,47.099997699999975],[83.51601229999997,47.09459990000002],[83.51990180000001,47.09505869999997],[83.5201281,47.09302439999996],[83.52686469999996,47.0907856],[83.52498150000002,47.085217399999976],[83.53591980000002,47.08298869999996],[83.5456613,47.0834679],[83.5488762,47.08028049999997],[83.56600680000003,47.07812279999997],[83.5596967,47.06113549999997],[83.56510789999999,47.0563578],[83.56892919999999,47.05605],[83.57349879999998,47.06029460000003],[83.58502219999997,47.0598134],[83.60385330000001,47.05463440000004],[83.606796,47.05179849999996],[83.60739109999999,47.04628119999998],[83.6134347,47.048611],[83.62193079999997,47.048455],[83.6258073,47.0458231],[83.65493910000004,47.041886399999974],[83.66684929999997,47.03791789999998],[83.672244,47.03857320000002],[83.68020480000001,47.035182],[83.6956365,47.035771899999965],[83.70072089999995,47.0294002],[83.70229509999999,47.020715500000044],[83.69774129999998,47.018868800000014],[83.69920070000003,47.01739080000002],[83.70705940000002,47.0175119],[83.71200009999998,47.023887600000045],[83.732447,47.0274798],[83.74023550000001,47.0330737],[83.74782710000002,47.0326582],[83.74919279999997,47.0294604],[83.7579634,47.024186],[83.76259489999997,47.026816],[83.768341,47.02688469999996],[83.78351209999997,47.024266],[83.79369990000002,47.016918500000024],[83.7975974,47.01835219999999],[83.80636479999995,47.01591610000004],[83.81227539999998,47.016440299999985],[83.817379,47.012976900000034],[83.82911750000002,47.0103767],[83.83728029999997,47.0033519],[83.83499370000004,46.9947106],[83.84000550000003,46.9967782],[83.85103979999997,46.995125],[83.85923530000002,46.99794239999997],[83.862375,46.9961554],[83.86972710000002,46.995355],[83.87188270000003,46.99324780000003],[83.87020419999996,46.991185700000024],[83.87082870000003,46.9869775],[83.88576360000003,46.98535309999998],[83.89195220000005,46.98836690000003],[83.89336269999995,46.98564589999996],[83.90407320000001,46.98163520000003],[83.90317280000002,46.975611599999986],[83.9069039,46.97476889999999],[83.91723390000003,46.97469039999997],[83.9214029,46.976704099999964],[83.9262247,46.98472550000001],[83.9306774,46.985663399999986],[83.93368389999998,46.984476],[83.9472098,46.990987599999976],[83.95254139999999,46.99109120000002],[83.95655110000001,46.989376],[83.96072470000001,46.982442799999966],[83.96745750000002,46.984007],[83.98652359999997,46.99566430000004],[84.0075463,46.98926620000001],[84.01027760000002,46.98317150000004],[84.0141396,46.9820557],[84.01712879999998,46.9836187],[84.02014770000001,46.98303429999997],[84.0249685,46.980772499999965],[84.02557210000003,46.978873100000015],[84.0326083,46.977891100000036],[84.04131019999996,46.97429979999998],[84.04597870000005,46.970254799999964],[84.050778,46.969089],[84.05652830000002,46.96868869999997],[84.059279,46.972464099999975],[84.07342450000003,46.97097319999999],[84.0792324,46.968216100000035],[84.1057458,46.969245500000035],[84.11524859999997,46.96694170000002],[84.1202511,46.9690992],[84.12461879999996,46.96701480000003],[84.13089390000003,46.97162310000002],[84.14206290000001,46.9736205],[84.14868049999998,46.978683],[84.15141449999999,46.97840080000002],[84.15215819999997,46.980376300000046],[84.15834569999998,46.980858],[84.15926730000002,46.988277800000034],[84.16467770000004,46.99054810000003],[84.16571550000002,46.994288299999965],[84.16968330000005,46.99506210000004],[84.17598540000003,46.992616700000035],[84.1778055,46.99745719999997],[84.18695060000002,46.99736980000002],[84.1884767,46.999914299999965],[84.1956379,46.9989668],[84.2011446,47.0022784],[84.20656619999997,47.00010649999997],[84.20895909999999,47.0013853],[84.21422739999997,47.0008197],[84.22499820000004,46.99719209999997],[84.22959189999997,47.000648],[84.23854060000002,47.00371170000002],[84.25723270000003,47.00049209999999],[84.26854710000003,47.00159070000003],[84.295311,46.9979706],[84.33865359999999,47.00112529999998],[84.38234710000005,46.9996872],[84.39534,47.00083160000001],[84.4135742,47.00811390000001],[84.424263,47.008716599999964],[84.44337460000001,47.00868989999998],[84.45136259999995,47.00484469999997],[84.464119,46.99543],[84.48236849999998,46.98871990000002],[84.49627689999997,46.98644640000003],[84.50429530000002,46.982132],[84.5141525,46.98017879999996],[84.5414429,46.987522100000035],[84.57120509999997,46.99791720000002],[84.63977810000004,46.9999695],[84.67773439999996,47.003734600000044],[84.70613860000002,47.00992969999997],[84.72229769999996,47.01548770000004],[84.73620610000003,47.01406860000004],[84.75229449999998,47.004907600000024],[84.75485510000001,46.999071400000034],[84.76252060000002,46.99873430000003],[84.76889930000004,46.995766200000034],[84.770074,46.99353149999996],[84.7756841,46.99183569999998],[84.77644120000002,46.98523570000004],[84.78046580000004,46.9823283],[84.78231390000002,46.973687699999964],[84.78596109999998,46.97358],[84.7959586,46.96683880000003],[84.81050019999998,46.96077360000002],[84.81384,46.95734410000003],[84.81804559999998,46.95969659999999],[84.8236438,46.96036050000003],[84.83643340000003,46.956644599999976],[84.84008540000005,46.95711029999996],[84.8472673,46.95382],[84.85086260000003,46.9476022],[84.858121,46.94694389999998],[84.86124520000004,46.94406679999996],[84.858335,46.93909889999996],[84.85848970000004,46.92785119999996],[84.86883889999996,46.92226949999998],[84.87768160000002,46.9114784],[84.89546169999997,46.9047327],[84.8958637,46.90088309999998],[84.9056568,46.89847070000004],[84.90623340000002,46.89601809999997],[84.91378,46.890312],[84.91553409999996,46.88003090000004],[84.9228985,46.87573739999997],[84.93011269999997,46.87565919999999],[84.93288769999998,46.8710811],[84.944232,46.8628509],[84.9519999,46.86332270000004],[84.96310779999999,46.866373799999984],[84.9657432,46.86800580000001],[84.9636897,46.8708824],[84.9658387,46.87266920000004],[84.97829489999998,46.87223650000003],[84.97954959999998,46.873552500000024],[84.97333849999997,46.887359500000045],[84.97913959999998,46.89201639999998],[84.97908560000005,46.90335079999996],[84.98287920000004,46.91510820000004],[84.98847830000004,46.918586900000015],[84.99597270000001,46.92117029999998],[85.0012638,46.9211469],[85.00201459999997,46.92510420000004],[85.00614710000002,46.9264562],[85.01358879999998,46.923492199999984],[85.01766139999998,46.924554],[85.0335787,46.921729],[85.04479680000003,46.92544550000004],[85.04924740000004,46.928572],[85.05343510000004,46.92725110000004],[85.0606439,46.92794569999996],[85.0663279,46.92566369999997],[85.06797460000001,46.92865849999996],[85.07810009999997,46.9309561],[85.0776323,46.937591],[85.08260209999997,46.94047729999997],[85.0852346,46.94963069999998],[85.0786091,46.9550767],[85.07884279999996,46.95789360000002],[85.08487110000004,46.95871429999998],[85.08992580000003,46.95772779999998],[85.0949599,46.96055189999997],[85.09733429999999,46.965413400000045],[85.10874450000003,46.9673934],[85.11312320000003,46.971159400000026],[85.11912170000004,46.969935],[85.1279621,46.975297899999966],[85.12842320000004,46.98106210000004],[85.1345447,46.98156049999997],[85.14549930000001,46.98928560000002],[85.15369779999997,46.986180300000036],[85.16622709999996,46.98647770000004],[85.17597089999997,46.99216609999996],[85.17861169999998,46.99673709999998],[85.175607,47.00345420000003],[85.1820342,47.00416949999997],[85.18778659999998,47.00668440000004],[85.18841539999997,47.0101114],[85.194095,47.01264420000004],[85.19372540000003,47.01609190000002],[85.19941160000003,47.021701199999974],[85.2045295,47.032366799999956],[85.2117828,47.039275],[85.21067669999996,47.044153],[85.2168977,47.0523679],[85.22429339999997,47.052169800000044],[85.2260693,47.0495812],[85.2338099,47.0492259],[85.240839,47.0537355],[85.25346989999997,47.05306639999998],[85.26146260000004,47.0498754],[85.2748211,47.0563955],[85.27239650000001,47.063949],[85.27636039999999,47.06877419999997],[85.27785830000002,47.0652074],[85.28233509999998,47.06347359999998],[85.28401919999996,47.0646386],[85.289612,47.06303840000003],[85.2993583,47.064983699999964],[85.30696129999998,47.0508575],[85.32352329999996,47.04291540000003],[85.331593,47.04737189999999],[85.33956040000004,47.04809429999999],[85.34186720000002,47.05408409999998],[85.34570820000005,47.05484279999996],[85.35214069999998,47.052162399999965],[85.36645670000001,47.052440699999984],[85.37591029999999,47.04741520000002],[85.3824177,47.0460355],[85.40593219999997,47.05167370000003],[85.41251709999999,47.059952599999974],[85.42406050000004,47.060624699999984],[85.42737540000005,47.057310600000044],[85.430099,47.057211],[85.43831959999999,47.06050620000004],[85.45335270000002,47.06036750000002],[85.4603513,47.063988400000035],[85.46628389999997,47.05998320000002],[85.47632870000001,47.05664829999996],[85.48023339999997,47.05336789999996],[85.485282,47.052532400000025],[85.49596140000003,47.05295210000002],[85.5052592,47.056248199999985],[85.529359,47.05164289999997],[85.5319474,47.049077900000015],[85.53760289999997,47.048564299999974],[85.54699259999998,47.053408200000014],[85.55264959999997,47.05039689999999],[85.559008,47.05042239999997],[85.56083349999996,47.059913700000045],[85.56524430000005,47.065633],[85.57598930000003,47.089285500000045],[85.57851,47.10962559999998],[85.57972270000002,47.11152979999997],[85.58631380000003,47.1138488],[85.58303809999998,47.11963229999998],[85.57467330000003,47.123598499999964],[85.57628010000002,47.1370279],[85.57872850000001,47.14073060000003],[85.59061339999997,47.14791769999997],[85.5931558,47.151729399999965],[85.61019539999998,47.16048650000004],[85.61351539999997,47.1657621],[85.6218663,47.169748599999984],[85.62520629999996,47.1739923],[85.6275092,47.17402490000004],[85.628697,47.177984],[85.63232490000001,47.1811414],[85.63990519999997,47.18402119999998],[85.64366019999997,47.19258340000001],[85.64647269999998,47.19433980000003],[85.646436,47.19889929999999],[85.64993429999996,47.205569],[85.66178849999997,47.21438990000004],[85.67814489999998,47.21919819999998],[85.68569759999997,47.22872489999996],[85.68688870000003,47.233052600000015],[85.685379,47.2367817],[85.68893880000002,47.240433900000035],[85.68712209999998,47.2421531],[85.68765390000002,47.24513340000003],[85.68071909999998,47.247908699999975],[85.68004569999997,47.250875300000025],[85.69553770000005,47.2724922],[85.69412319999998,47.27872019999999],[85.6981391,47.28359630000003],[85.698654,47.28871320000001],[85.6838022,47.3051466],[85.68467449999997,47.308776699999974],[85.67485489999999,47.31139230000003],[85.67293429999998,47.32086],[85.67344610000004,47.3227083],[85.68563940000004,47.330021],[85.6857162,47.34593959999997],[85.6889613,47.35522580000004],[85.68683610000002,47.35990240000001],[85.6879188,47.36519069999996],[85.69192960000002,47.36632339999998],[85.6963895,47.36562779999998],[85.69807669999997,47.367003500000024],[85.69903350000001,47.3697201],[85.69741339999999,47.3700443],[85.69983340000002,47.37115370000004],[85.70295779999998,47.3800725],[85.69931090000004,47.38448609999997],[85.69195630000002,47.38807560000004],[85.6918778,47.3902972],[85.68793249999996,47.392441200000036],[85.68508779999996,47.39717620000003],[85.68330169999997,47.40588380000001],[85.68626759999998,47.411372],[85.68439859999995,47.4140235],[85.68584889999997,47.416062300000014],[85.68318369999997,47.43024649999998],[85.67877340000003,47.435553699999986],[85.6754862,47.436305099999984],[85.67529420000001,47.439514499999966],[85.671764,47.442735099999986],[85.67291980000002,47.443668600000045],[85.66911650000002,47.44717269999998],[85.66184050000001,47.4512027],[85.64991690000002,47.45323879999999],[85.64884,47.45691079999996],[85.6395224,47.4638094],[85.63896640000002,47.46867479999997],[85.6357867,47.47067359999997],[85.6372797,47.472086800000014],[85.63236639999997,47.47411590000004],[85.62647189999996,47.485305],[85.62103289999997,47.489712],[85.61511240000003,47.49175240000001],[85.61625050000005,47.49262569999997],[85.61335019999999,47.49504590000002],[85.613763,47.497629900000035],[85.60783369999997,47.50891930000003],[85.61027440000004,47.515165],[85.60777139999996,47.52355319999999],[85.60987490000002,47.525774],[85.609109,47.532857200000024],[85.6183282,47.5440165],[85.6179181,47.54845279999997],[85.627502,47.55801140000002],[85.6292139,47.5635319],[85.62861779999997,47.577545],[85.63587,47.586403300000036],[85.55304039999997,47.98194809999996],[85.54752460000003,47.982165],[85.53941519999998,47.98565389999998],[85.540851,47.98915979999998],[85.53968950000004,47.99650959999997],[85.54452760000004,48.00103109999998],[85.54717719999996,48.01017340000004],[85.53948029999995,48.02058870000001],[85.52956829999997,48.02313539999996],[85.52657309999995,48.025879099999955],[85.532682,48.030555800000016],[85.53219690000003,48.0336653],[85.52892380000003,48.035106100000014],[85.53144909999997,48.038974],[85.52960230000004,48.03998539999996],[85.52942640000005,48.0438514],[85.53645190000003,48.045827399999986],[85.53459859999998,48.04924419999998],[85.5383689,48.0493205],[85.53764010000002,48.051112400000015],[85.539937,48.0511831],[85.541902,48.053461100000014],[85.53867420000005,48.0591942],[85.54011560000004,48.062070200000015],[85.54249670000004,48.0627142],[85.54077450000001,48.06501089999997],[85.53725959999997,48.0656156],[85.53957560000002,48.06837509999997],[85.53452009999998,48.07082159999998],[85.5415129,48.07425569999999],[85.54035930000003,48.077576300000025],[85.54828729999998,48.07932280000002],[85.54473780000002,48.083093],[85.54508089999999,48.089284],[85.5457767,48.09225880000001],[85.54926360000003,48.093219],[85.55009130000003,48.095500199999975],[85.54574189999997,48.0958087],[85.54323679999999,48.0979104],[85.54911870000004,48.101641],[85.54494329999997,48.10518450000003],[85.54640009999997,48.10588169999998],[85.54947710000002,48.104285],[85.5490806,48.1067889],[85.5545768,48.10653370000002],[85.55280250000001,48.107923199999966],[85.54905220000003,48.107780200000036],[85.55087030000001,48.109990899999985],[85.5468189,48.114706],[85.5515325,48.115302199999974],[85.54928420000005,48.12760260000004],[85.5536054,48.12943319999998],[85.55452440000002,48.12630360000003],[85.55835589999995,48.12568129999997],[85.55691869999997,48.12755820000001],[85.55918570000004,48.12752559999998],[85.55855139999997,48.13168160000003],[85.5639555,48.13256229999998],[85.55487870000002,48.13632760000004],[85.55396530000003,48.140197],[85.55757789999998,48.1448268],[85.56085580000003,48.14450849999996],[85.5633286,48.146110900000025],[85.55933340000001,48.14944639999996],[85.56123450000001,48.15031780000003],[85.56413,48.149329100000024],[85.56216860000004,48.15240570000003],[85.56611350000003,48.15348389999998],[85.56798259999995,48.15748569999998],[85.57424129999998,48.156604100000045],[85.57756039999998,48.160373700000015],[85.58707429999998,48.17925639999998],[85.58890529999996,48.19389340000002],[85.59212489999999,48.19897080000002],[85.603714,48.2000847],[85.61049650000002,48.210472099999954],[85.62168119999997,48.20426940000002],[85.626709,48.21599580000002],[85.637085,48.23123169999997],[85.65378570000004,48.24224090000004],[85.6639175,48.2458344],[85.66757970000005,48.25776290000003],[85.67289730000002,48.262188],[85.67694850000002,48.2729797],[85.68603520000002,48.277462],[85.68424219999999,48.288845099999975],[85.68804930000005,48.297123],[85.6974716,48.3018417],[85.69365690000004,48.312278699999986],[85.69784550000003,48.31964869999996],[85.69532009999998,48.33238979999999],[85.70377349999998,48.335495],[85.70949550000002,48.34791179999998],[85.71726989999996,48.35123060000004],[85.7174377,48.35602570000004],[85.71369930000003,48.36440659999999],[85.72260279999996,48.365013099999985],[85.73060610000002,48.37129970000002],[85.73384859999999,48.3766022],[85.74791719999999,48.38640980000004],[85.755394,48.3981667],[85.77825929999997,48.41199110000003],[85.82670590000004,48.4216347],[85.8381958,48.42728809999996],[85.86183169999995,48.42946619999997],[85.88976289999997,48.42668150000004],[85.9088516,48.4312935],[85.96188350000003,48.4349937],[85.98284910000001,48.43397139999996],[86.0396194,48.43549349999996],[86.11663059999995,48.4334297],[86.15819550000003,48.43041609999996],[86.20457459999999,48.43076709999996],[86.21377560000002,48.4319687],[86.2392578,48.43738939999997],[86.26783749999998,48.448669399999986],[86.27697750000004,48.4542503],[86.28768160000001,48.46600339999998],[86.30156709999996,48.47459790000001],[86.3040924,48.4837532],[86.30191040000003,48.48852160000001],[86.3105469,48.48724750000002],[86.32118989999996,48.487819700000024],[86.34308619999996,48.492843600000036],[86.3510742,48.48973079999996],[86.358963,48.490726500000015],[86.365097,48.493301399999986],[86.37214659999995,48.50090410000003],[86.37595370000001,48.499801600000026],[86.38722989999998,48.488277399999966],[86.4040146,48.47612760000002],[86.40819549999998,48.47458649999996],[86.41533660000002,48.475128200000015],[86.43929290000003,48.48281860000003],[86.4901657,48.50386050000004],[86.49411769999998,48.506713899999966],[86.586633,48.540539],[86.59369,48.547346],[86.593573,48.551742],[86.597429,48.558267],[86.59519,48.559851],[86.596976,48.562538],[86.594728,48.567186],[86.597019,48.572323],[86.594128,48.573292],[86.593918,48.574974],[86.597718,48.57616],[86.601377,48.584518],[86.60694,48.585114],[86.610093,48.587866],[86.611918,48.597136],[86.61822,48.597816],[86.629142,48.604953],[86.634338,48.612701],[86.632741,48.620222],[86.635018,48.62646],[86.644911,48.629647],[86.668662,48.631144],[86.669949,48.633858],[86.676725,48.633598],[86.682003,48.638932],[86.68895,48.640015],[86.691774,48.643195],[86.689007,48.648328],[86.69418,48.649662],[86.694207,48.651608],[86.69759,48.652656],[86.698765,48.655191],[86.697699,48.661178],[86.699986,48.663051],[86.700475,48.668937],[86.71039,48.675874],[86.726037,48.68316],[86.726336,48.685292],[86.73469,48.690531],[86.739902,48.698171],[86.743233,48.698368],[86.74891,48.704825],[86.768324,48.717133],[86.769729,48.719929],[86.773001,48.720398],[86.772327,48.724543],[86.776368,48.728703],[86.777837,48.735753],[86.771996,48.747548],[86.773463,48.75012],[86.769964,48.7521],[86.767602,48.758341],[86.761467,48.76355],[86.757409,48.771666],[86.751221,48.777878],[86.753307,48.787702],[86.75736,48.789216],[86.761641,48.80469],[86.768108,48.808846],[86.787263,48.815091],[86.803965,48.823862],[86.804756,48.825938],[86.816999,48.830547],[86.819222,48.833126],[86.817284,48.836178],[86.819145,48.84107],[86.816503,48.856312],[86.80693,48.861916],[86.797982,48.869742],[86.783921,48.874853],[86.779641,48.885009],[86.775156,48.889472],[86.751382,48.896068],[86.753004,48.89914],[86.751337,48.903333],[86.741709,48.912088],[86.740908,48.918549],[86.735443,48.923498],[86.733753,48.933575],[86.730179,48.940168],[86.731514,48.949452],[86.726706,48.951153],[86.72795,48.956505],[86.726356,48.957843],[86.730165,48.965247],[86.72901,48.968702],[86.731521,48.97156],[86.726428,48.979148],[86.727042,48.982434],[86.730346,48.984283],[86.726388,48.987993],[86.729908,48.989546],[86.728784,48.994148],[86.735142,48.997436],[86.741288,49.005785],[86.749756,49.009323],[86.749645,49.015031],[86.756681,49.016943],[86.757367,49.018639],[86.762884,49.020755],[86.766269,49.02561],[86.772259,49.02771],[86.775309,49.026506],[86.780886,49.027309],[86.794943,49.039097],[86.800773,49.038931],[86.809563,49.043486],[86.81741,49.044756],[86.8236,49.048753],[86.829629,49.049134],[86.831847,49.052087],[86.834461,49.052468],[86.839347,49.060436],[86.843986,49.06165],[86.847502,49.0653],[86.84403,49.072546],[86.846027,49.076602],[86.842111,49.08757],[86.844085,49.089163],[86.842086,49.093067],[86.844417,49.097406],[86.843535,49.100629],[86.852827,49.110571],[86.858293,49.112745],[86.862307,49.11756],[86.874529,49.120522],[86.875402,49.125502],[86.878704,49.128484],[86.887155,49.132579],[86.896307,49.134822],[86.903664,49.13439],[86.906857,49.135701],[86.908828,49.134313],[86.917878,49.134016],[86.923697,49.132035],[86.925758,49.132917],[86.928388,49.131264],[86.940714,49.131565],[86.943692,49.130021],[86.945491,49.131487],[86.953567,49.131155],[86.954902,49.132632],[86.960705,49.132659],[86.963506,49.134094],[86.968806,49.133441],[86.986038,49.140287],[86.999315,49.142674],[87.018306,49.139773],[87.043765,49.13122],[87.060264,49.129829],[87.064046,49.127058],[87.066881,49.130173],[87.073928,49.132218],[87.082474,49.131059],[87.089729,49.138035],[87.100575,49.140051],[87.100072,49.146811],[87.104137,49.151124],[87.124018,49.152659],[87.138489,49.15077],[87.14183,49.152374],[87.151514,49.150749],[87.153263,49.14521],[87.168671,49.138877],[87.184534,49.139018],[87.189139,49.142265],[87.200004,49.142945],[87.214986,49.130341],[87.213546,49.122777],[87.227372,49.119458],[87.227995,49.1153],[87.230303,49.1144],[87.253524,49.11171],[87.259993,49.114839],[87.272364,49.113887],[87.2775,49.117732],[87.28579,49.115872],[87.286276,49.120791],[87.297042,49.132452],[87.296474,49.137571],[87.294057,49.139913],[87.299459,49.148658],[87.289965,49.155999],[87.293127,49.16316],[87.302131,49.168823],[87.303812,49.172181],[87.300761,49.184046],[87.2926947,49.1901042],[87.29159289999996,49.201769],[87.31563160000005,49.2310833],[87.303657,49.235279],[87.269325,49.23257],[87.255265,49.240168],[87.243298,49.237869],[87.232023,49.24483],[87.221285,49.246228],[87.209308,49.251407],[87.198325,49.252499],[87.187821,49.248784],[87.175643,49.246746],[87.169752,49.24751],[87.165779,49.25017],[87.15312,49.249238],[87.141721,49.245908],[87.137669,49.247554],[87.128274,49.256051],[87.115341,49.253266],[87.103241,49.254977],[87.094709,49.252063],[87.060354,49.254606],[87.047175,49.250485],[87.03694009999998,49.250847399999984],[87.03071570000003,49.252880399999974],[87.02529089999996,49.257282300000035],[87.01853320000004,49.26901659999998],[87.00604550000001,49.29886360000004],[86.999557,49.297546],[86.982143,49.30089],[86.979969,49.303284],[86.970987,49.305851],[86.958967,49.317622],[86.962708,49.325412],[86.954126,49.335238],[86.94036770000004,49.339718900000015],[86.92646919999999,49.34887809999997],[86.92496929999997,49.358250499999976],[86.927097,49.359784],[86.92310049999998,49.36232920000003],[86.9247153,49.36981760000003],[86.93677629999998,49.368918200000046],[86.94920010000004,49.37994159999997],[86.94521269999998,49.38578039999999],[86.9450732,49.3914794],[86.9364385,49.39801170000002],[86.93626590000002,49.400194699999986],[86.93851820000003,49.403354799999974],[86.94432589999998,49.403502300000014],[86.94503439999998,49.40563110000002],[86.94777220000003,49.40641749999999],[86.94732819999996,49.409623899999985],[86.9373378,49.4169331],[86.9328735,49.41768720000004],[86.93012130000001,49.42006179999996],[86.92092139999997,49.41686890000001],[86.91444360000003,49.4166369],[86.90650159999997,49.427643],[86.89371239999997,49.43090609999998],[86.8911001,49.43024469999997],[86.88022440000005,49.434101100000014],[86.86830509999999,49.43482270000003],[86.86526460000003,49.43956869999997],[86.8575631,49.44432109999999],[86.85108139999997,49.444593699999984],[86.84705069999998,49.4517024],[86.84412070000002,49.452745499999985],[86.8333774,49.4522466],[86.8386619,49.462719600000035],[86.83095280000003,49.46975290000004],[86.8317791,49.47489770000002],[86.83425780000002,49.4771334],[86.82971960000005,49.48173990000002],[86.8332882,49.48529139999997],[86.8448086,49.48980930000004],[86.84730030000003,49.49487929999996],[86.855415,49.4991404],[86.8510494,49.510624400000026],[86.84493220000002,49.51464079999999],[86.8375767,49.5160622],[86.82481810000004,49.523034500000016],[86.81484660000002,49.5323219],[86.82736070000001,49.538738100000025],[86.82717410000002,49.5454254],[86.823843,49.54728119999998],[86.80443039999997,49.549158699999985],[86.80083769999999,49.5505844],[86.798372,49.55411620000001],[86.79023269999996,49.5527722],[86.77471250000004,49.557549],[86.77718910000004,49.563476100000045],[86.76457069999995,49.561835500000015],[86.75962629999995,49.56369070000004],[86.75880180000004,49.56877120000003],[86.752279,49.56764009999996],[86.74422149999998,49.56888429999997],[86.73951260000001,49.571169],[86.72612680000002,49.570686599999966],[86.721383,49.56822089999997],[86.71043039999998,49.56808510000001],[86.6966175,49.570256800000024],[86.68239650000001,49.56905919999996],[86.68097450000005,49.563796900000035],[86.67554829999997,49.561461199999954],[86.6659047,49.56027170000004],[86.62955930000004,49.5656815],[86.61824879999999,49.57037749999997],[86.61023739999997,49.584531700000035],[86.602492,49.60555329999996],[86.5975765,49.609524],[86.60857689999997,49.617099200000034],[86.61554940000002,49.6285236],[86.62170319999998,49.63099180000003],[86.63569280000002,49.63192619999999],[86.6591592,49.643788799999975],[86.65287340000003,49.649751500000036],[86.6532607,49.65248740000001],[86.66322509999998,49.65680840000004],[86.66573350000004,49.66550239999996],[86.67335749999998,49.668602100000015],[86.68191480000004,49.66865910000002],[86.68469810000002,49.6706844],[86.68423750000002,49.67514820000003],[86.69720470000001,49.67840720000003],[86.7006673,49.6806515],[86.69972469999998,49.68497289999998],[86.70947330000001,49.6872606],[86.7163957,49.68295909999998],[86.719832,49.678085200000034],[86.72418969999997,49.676651100000036],[86.72940640000004,49.678198],[86.73842049999998,49.688420400000034],[86.74905309999997,49.690772400000036],[86.75795939999998,49.68778509999996],[86.76772259999998,49.68913159999999],[86.77080349999999,49.69321069999999],[86.77892360000003,49.69601649999997],[86.77845689999995,49.70314649999998],[86.77089789999998,49.710565],[86.76633630000003,49.7249357],[86.76369509999998,49.725555799999974],[86.7614948,49.73037109999996],[86.75683850000004,49.7322157],[86.75801859999999,49.737125200000044],[86.75299750000002,49.74239480000004],[86.76458450000004,49.7502326],[86.7644746,49.7581408],[86.77153420000005,49.762618],[86.77475290000001,49.767995599999956],[86.77603490000003,49.7775466],[86.78346449999995,49.793112599999986],[86.779425,49.794490899999985],[86.76387180000003,49.79038530000002],[86.75510370000003,49.791785],[86.75096660000003,49.79065490000003],[86.746511,49.78659779999999],[86.7358617,49.78715359999997],[86.73246609999998,49.788049],[86.7285086,49.79285780000004],[86.7153406,49.7942163],[86.710829,49.80121369999997],[86.69769279999998,49.8084159],[86.68837460000003,49.8108988],[86.67621479999995,49.807577299999984],[86.66588729999998,49.80817670000002],[86.66103849999996,49.81216289999997],[86.65387859999997,49.81255990000004],[86.64888929999998,49.8106402],[86.64885929999998,49.8084223],[86.64561490000004,49.80652710000004],[86.636417,49.8079682],[86.62881760000005,49.805082],[86.61976419999996,49.8044494],[86.6080392,49.80733110000004],[86.58990749999998,49.8070677],[86.590297,49.8010231],[86.596694,49.795954700000046],[86.59563219999998,49.79060110000002],[86.59731920000004,49.78751490000002],[86.59994709999995,49.78482180000003],[86.604765,49.78429660000001],[86.60295050000003,49.779866],[86.60589119999999,49.77505780000004],[86.61058389999995,49.772040699999984],[86.608102,49.76552090000001],[86.6092491,49.763769599999975],[86.60182259999996,49.74814610000002],[86.60240969999997,49.7440475],[86.5950226,49.7426809],[86.5930817,49.740322099999965],[86.58601330000002,49.739666900000024],[86.57842339999996,49.733919],[86.5784669,49.73007650000001],[86.58229209999996,49.724141600000024],[86.580549,49.72296769999998],[86.56430920000003,49.7145812],[86.54863270000004,49.711447],[86.545342,49.707743800000046],[86.526557,49.702045],[86.51827989999995,49.6933279],[86.51355310000001,49.69105519999999],[86.50923920000004,49.69095050000003],[86.5083639,49.6782157],[86.48845079999995,49.65790970000003],[86.4562683,49.63831590000003],[86.44775380000002,49.637768899999976],[86.4286117,49.6293521],[86.42000290000001,49.60759],[86.38677589999998,49.601372399999974],[86.37135080000002,49.59362189999996],[86.3618183,49.592400100000035],[86.33139979999999,49.59320329999996],[86.31591480000004,49.59927970000002],[86.28661189999997,49.5918468],[86.2716,49.5827],[86.2662499,49.56862320000004],[86.268383,49.56112549999998],[86.2662446,49.5556566],[86.2683108,49.550472300000045],[86.26700419999997,49.54653939999998],[86.260324,49.5434611],[86.255045,49.53872010000004],[86.25382920000001,49.53389810000004],[86.23940520000002,49.52544179999998],[86.23875470000002,49.517681],[86.23520720000003,49.51365170000004],[86.2282702,49.495189500000045],[86.21715849999998,49.477762700000014],[86.20203750000003,49.46611280000004],[86.1739095,49.478979399999965],[86.17061469999997,49.497644],[86.1663447,49.50330379999996],[86.15943940000001,49.50772930000002],[86.14110339999998,49.512792900000036],[86.11292250000002,49.52438319999997],[86.08910590000002,49.52438319999997],[86.07729319999999,49.521676],[86.05796410000004,49.52310120000003],[86.03719940000005,49.52184579999999],[86.03326950000005,49.516782],[86.032837,49.508074],[86.02450690000005,49.50372679999997],[86.01027209999998,49.499723400000015],[86.00909,49.497680700000025],[85.999028,49.492861900000015],[85.9864642,49.48894549999998],[85.9689905,49.48711619999997],[85.96315809999996,49.490939699999956],[85.96018149999998,49.49856],[85.95338879999997,49.502749799999954],[85.955036,49.5077376],[85.94443819999996,49.5132894],[85.9431205,49.51761519999997],[85.93934960000001,49.520236699999984],[85.9378281,49.5279],[85.92940850000002,49.53586589999996],[85.9325,49.5397],[85.941384,49.54494590000002],[85.94944980000002,49.55377850000004],[85.94975670000002,49.5560268],[85.94428130000004,49.56132560000002],[85.938214,49.562100099999974],[85.9279268,49.558796500000014],[85.92115450000001,49.56437550000003],[85.9172675,49.56516860000002],[85.9004442,49.562105399999965],[85.89017529999998,49.561963200000015],[85.8848887,49.564015],[85.88373720000001,49.56690680000004],[85.8410632,49.547650299999965],[85.83315669999998,49.544605099999984],[85.826225,49.54425370000004],[85.81600240000002,49.546994499999975],[85.80550080000002,49.557354199999956],[85.8056466,49.56163109999998],[85.80991190000003,49.565880699999965],[85.80145410000003,49.567014200000045],[85.79001960000002,49.572477700000015],[85.78060540000003,49.574999599999956],[85.76178120000002,49.5731087],[85.75689,49.577150400000015],[85.69392730000001,49.5641207],[85.68412670000002,49.558939],[85.67768920000003,49.550395900000034],[85.62723189999997,49.5777868],[85.6228429,49.58587929999998],[85.62342469999999,49.59871549999997],[85.62164809999999,49.600869],[85.60722460000002,49.60926989999999],[85.58991410000002,49.61438059999998],[85.58370340000005,49.61367270000003],[85.57395390000002,49.60412359999997],[85.5667422,49.603082499999985],[85.5532877,49.59441360000001],[85.54532720000003,49.59693660000004],[85.53254379999996,49.598487],[85.5238793,49.59567969999996],[85.4902051,49.59812920000004],[85.38844,49.634802700000044],[85.32126110000002,49.59084680000003],[85.25751909999998,49.5885235],[85.25864629999998,49.59921689999997],[85.25498310000003,49.603997700000036],[85.26467139999997,49.61978759999999],[85.254512,49.62725830000003],[85.234525,49.625887799999965],[85.21012460000003,49.627085500000035],[85.21450410000001,49.631355099999986],[85.21634520000003,49.6370155],[85.20994520000002,49.64171030000004],[85.20532789999999,49.64807509999998],[85.20362979999999,49.6574402],[85.21008539999998,49.661842],[85.20829779999997,49.66404550000003],[85.2083133,49.672758],[85.2141206,49.67525140000004],[85.21262570000002,49.68018580000002],[85.21494090000002,49.68906819999999],[85.21292620000003,49.6938946],[85.208002,49.69780149999996],[85.21033480000001,49.70252640000001],[85.20546140000002,49.70986260000003],[85.2068298,49.71540849999998],[85.21334969999998,49.7151468],[85.215526,49.718529600000025],[85.2088178,49.72808709999998],[85.20380420000004,49.73087440000003],[85.20249619999998,49.73441289999998],[85.19857889999997,49.737190799999965],[85.20405039999997,49.741766099999985],[85.20336889999999,49.7452678],[85.18195529999997,49.7545221],[85.17528770000001,49.754563799999985],[85.17186130000002,49.762724900000045],[85.166959,49.765394500000035],[85.16569950000002,49.7690824],[85.1560308,49.76736549999996],[85.14874770000003,49.767909699999954],[85.14815310000003,49.7737659],[85.1431256,49.778634],[85.14487040000003,49.7811213],[85.13950029999997,49.78537870000002],[85.13968150000004,49.79064510000002],[85.14348819999996,49.79310250000004],[85.1445651,49.79641859999997],[85.1355603,49.80034810000002],[85.12859160000002,49.81286140000003],[85.12333759999999,49.814563700000015],[85.12128020000003,49.817961],[85.11246490000002,49.81831560000003],[85.108442,49.8232939],[85.101607,49.82421259999998],[85.09975210000002,49.828144],[85.1049324,49.8344193],[85.10549869999997,49.84311570000004],[85.10082870000002,49.8453266],[85.10042660000005,49.852115599999955],[85.08458269999998,49.860175800000015],[85.0803856,49.86857619999998],[85.05969879999996,49.88503629999996],[85.05465880000004,49.88633119999999],[85.04172819999997,49.88628010000002],[85.02327110000004,49.8910524],[85.01967490000004,49.894637299999964],[85.01149730000003,49.8982907],[85.004756,49.898275800000015],[85.00063229999998,49.90089080000002],[85.00010470000004,49.90336869999996],[84.99520889999997,49.905593700000026],[84.98548889999996,49.90677220000001],[84.98414289999997,49.913317399999954],[84.98713789999998,49.923415699999985],[84.9836473,49.93455740000001],[84.978111,49.94252619999997],[84.97930210000001,49.94564159999999],[84.98492659999998,49.949919099999974],[84.9785302,49.95360649999998],[84.97294650000003,49.95427890000001],[84.99462949999997,49.96823019999999],[84.99472609999998,49.970127500000025],[84.98942790000001,49.9741098],[84.97804630000002,49.97629430000001],[84.983576,49.983967],[84.99346530000003,49.988835],[85.00845940000002,49.995345],[85.02529159999997,49.9999241],[85.03216259999996,49.99905590000002],[85.03289860000002,50.003571499999985],[85.03783049999997,50.00907010000002],[85.04925820000004,50.010397399999974],[85.0353651,50.0188759],[85.03738230000002,50.02019479999997],[85.0366276,50.02685879999997],[85.0323637,50.03335580000001],[85.03352240000004,50.04182650000002],[85.03948230000003,50.04842139999999],[85.03554350000002,50.0524943],[85.026135,50.05407460000002],[85.02413910000001,50.06021820000004],[85.0062455,50.058167],[84.97482739999997,50.066958100000015],[84.9663,50.0725],[84.94583110000005,50.096609499999964],[84.9366773,50.09588279999997],[84.92399490000004,50.092159600000016],[84.90528350000002,50.095408100000036],[84.88658529999996,50.10421509999998],[84.8838259,50.10196150000004],[84.8768451,50.10207989999997],[84.87278,50.095991],[84.86437329999995,50.0960678],[84.85636310000004,50.09211279999997],[84.8507,50.0939],[84.8335,50.1051],[84.83258129999999,50.114275399999975],[84.8166148,50.116697099999975],[84.81390790000003,50.120772],[84.81322640000003,50.1288199],[84.81511039999995,50.13189509999998],[84.81342439999999,50.13616209999998],[84.82537450000002,50.14298460000004],[84.8052256,50.14720039999998],[84.79169439999998,50.144316],[84.7854656,50.14460789999997],[84.77479270000005,50.1393227],[84.75771729999997,50.1368998],[84.7492686,50.14000289999998],[84.73236410000001,50.1537314],[84.7271804,50.1642278],[84.6994711,50.17782789999996],[84.6920117,50.188622699999975],[84.6714263,50.19327609999997],[84.66269910000001,50.19373730000003],[84.66067390000003,50.19527269999997],[84.66137,50.19832220000004],[84.65849379999996,50.19978410000003],[84.6498239,50.20010859999997],[84.62818690000003,50.21067889999997],[84.6055569,50.21192780000001],[84.58116879999997,50.208068800000014],[84.56966379999999,50.20125370000004],[84.56959420000001,50.1979632],[84.56752209999998,50.19684119999999],[84.55409690000002,50.20345420000003],[84.5413602,50.20739649999999],[84.53668589999995,50.205696],[84.53025770000002,50.2060354],[84.51578460000005,50.215063],[84.50849409999998,50.224448],[84.509332,50.225752499999984],[84.50280770000003,50.231465900000025],[84.49894,50.232052],[84.49003460000003,50.23767270000003],[84.48498,50.2392599],[84.47694949999996,50.2388349],[84.47651980000003,50.2406672],[84.45680089999998,50.24725630000002],[84.44697009999996,50.24635030000002],[84.43383840000004,50.236084],[84.43155820000003,50.230015500000015],[84.4239331,50.226893299999965],[84.41593009999997,50.21705089999997],[84.412569,50.216452899999965],[84.41252160000002,50.21203049999998],[84.4098473,50.20922639999996],[84.40328909999997,50.20966710000001],[84.39920789999996,50.2137525],[84.39106520000001,50.21583110000003],[84.37654969999998,50.2144663],[84.3668318,50.2064617],[84.36252260000005,50.20546490000004],[84.35746039999998,50.21380809999998],[84.33673490000004,50.22165040000004],[84.3342741,50.225603600000014],[84.3258485,50.2285811],[84.32596849999997,50.232975599999975],[84.32358840000003,50.235994],[84.32497930000002,50.2389024],[84.3208601,50.240185500000024],[84.3183194,50.24702760000002],[84.300498,50.248451599999974],[84.29165779999998,50.25390760000003],[84.2904408,50.25707139999997],[84.280651,50.26154310000004],[84.27879149999998,50.266998100000016],[84.265734,50.273222],[84.26482550000004,50.27610860000002],[84.2605944,50.278862399999966],[84.25991950000002,50.28251170000002],[84.25496149999995,50.28611090000001],[84.25605180000002,50.2893119],[84.251587,50.290141099999964],[84.25067850000005,50.29251259999998],[84.25184659999996,50.29717239999998],[84.25971179999998,50.301052400000025],[84.26321610000002,50.31443110000004],[84.27202939999995,50.32065939999997],[84.2617622,50.32556819999996],[84.26604790000002,50.33525619999997],[84.2695448,50.3383385],[84.26597849999996,50.3483399],[84.2695591,50.353754899999956],[84.26043260000002,50.36611249999996],[84.2550939,50.3695448],[84.24934090000005,50.37087740000003],[84.24202649999995,50.376854599999966],[84.23968620000004,50.38752489999998],[84.245728,50.3927506],[84.24198789999997,50.4086615],[84.23575569999998,50.414515599999966],[84.22670930000004,50.430765200000025],[84.2164508,50.43423089999999],[84.20654349999995,50.45414380000002],[84.20397470000005,50.46897460000002],[84.20890859999997,50.47274079999997],[84.23257110000002,50.48306549999999],[84.23751279999998,50.50098280000002],[84.23530630000002,50.50421459999998],[84.23831010000004,50.50828150000004],[84.24389979999998,50.5106791],[84.24870689999999,50.51556570000002],[84.24324169999997,50.51762260000003],[84.24191360000003,50.52374140000004],[84.23207129999996,50.5355949],[84.23057729999998,50.540242300000024],[84.2229956,50.54059919999998],[84.2156352,50.543326300000025],[84.19672570000004,50.54162170000003],[84.17615080000004,50.55161049999997],[84.17094489999998,50.55053079999998],[84.16913640000001,50.55174459999996],[84.16971229999996,50.559858899999966],[84.1720818,50.563411],[84.16685519999999,50.56749620000003],[84.16750840000003,50.57015090000003],[84.1612005,50.57021080000001],[84.15344620000005,50.572080900000024],[84.15174870000001,50.5739441],[84.15290920000001,50.5817427],[84.15579910000002,50.583502],[84.156871,50.587340499999975],[84.15190619999998,50.59257789999998],[84.15018859999998,50.59846259999998],[84.145274,50.6028394],[84.14496050000004,50.60596650000002],[84.137548,50.605233300000016],[84.13105830000003,50.607396600000044],[84.11529430000002,50.60919440000002],[84.11438909999998,50.614787],[84.107825,50.62309030000003],[84.095515,50.628099],[84.09405779999997,50.631112499999965],[84.08073460000003,50.634846099999976],[84.08126649999997,50.63876509999996],[84.0754969,50.641345899999976],[84.07390459999996,50.643921900000045],[84.07430340000002,50.65067629999997],[84.0708929,50.653128099999975],[84.0714768,50.6587254],[84.05779630000005,50.6626821],[84.0514775,50.66692580000003],[84.0500733,50.6719954],[84.04509729999995,50.67612569999997],[84.04102130000004,50.67696880000001],[84.03921590000004,50.6803532],[84.03465230000002,50.68299059999999],[84.02321790000002,50.697862],[84.00587080000001,50.705418600000016],[83.98927130000004,50.70870560000002],[83.979951,50.72008769999996],[83.975748,50.721166500000045],[83.96611140000002,50.72799259999996],[83.96370719999996,50.736404499999985],[83.95104360000005,50.746397099999975],[83.9489166,50.75055679999998],[83.9517482,50.7539374],[83.95026009999997,50.75926229999996],[83.9516926,50.763566899999965],[83.9622819,50.76899810000002],[83.97622379999999,50.779943],[83.97661080000003,50.78291259999996],[83.97303469999999,50.78650090000003],[83.9726623,50.79539880000004],[83.96693079999997,50.796685299999986],[83.96433639999998,50.8009987],[83.93526670000001,50.81026879999999],[83.9104902,50.81626079999999],[83.89559139999997,50.830045400000024],[83.88823389999996,50.831716700000015],[83.87626179999998,50.83850049999998],[83.8769953,50.8472065],[83.85735120000001,50.8554601],[83.84879559999999,50.85618249999999],[83.8473551,50.860836699999965],[83.84945510000003,50.863801300000034],[83.83632619999997,50.869951599999986],[83.833666,50.88002210000002],[83.828181,50.8803439],[83.82115910000005,50.88303049999998],[83.80660759999998,50.88283480000004],[83.80218010000002,50.883831099999966],[83.79741420000003,50.88781630000001],[83.75464460000003,50.8900747],[83.74334559999996,50.8941851],[83.7340608,50.89232659999998],[83.71438389999996,50.89297279999998],[83.703568,50.89621139999998],[83.69261920000001,50.9089643],[83.677846,50.9154467],[83.67708140000005,50.917153299999974],[83.68086759999997,50.921835400000035],[83.67860760000002,50.92796270000004],[83.66568039999997,50.933034099999986],[83.66292249999995,50.93688720000002],[83.65649570000004,50.939534799999976],[83.648704,50.95477659999996],[83.63797090000003,50.94980320000004],[83.6372891,50.94661380000003],[83.63381189999998,50.94398260000001],[83.63023240000001,50.943596],[83.62750519999997,50.94471290000004],[83.62697739999999,50.94987080000004],[83.62157070000002,50.95009710000002],[83.6163235,50.95407239999996],[83.609872,50.95478190000004],[83.60568480000003,50.959025],[83.59769979999997,50.96073490000001],[83.5943167,50.9559138],[83.5935072,50.949426300000034],[83.58428750000002,50.94671839999998],[83.579171,50.94819730000004],[83.57227680000003,50.9548811],[83.53759450000001,50.96086830000004],[83.51227319999995,50.94854649999998],[83.50691559999996,50.94971610000003],[83.50107590000005,50.952505],[83.50439180000004,50.95792560000001],[83.50131119999998,50.96817239999998],[83.50241369999998,50.974005300000044],[83.49950709999999,50.9766292],[83.4888187,50.9792389],[83.47820670000002,50.97680580000004],[83.44748160000003,50.977136899999984],[83.43022309999998,50.986713899999955],[83.4368883,50.9953846],[83.4398071,51.00494940000002],[83.43244880000002,51.009378899999966],[83.4171627,51.0100749],[83.40430649999996,51.01313839999999],[83.39520679999995,51.0098935],[83.38710940000001,51.0037416],[83.3662971,50.9986147],[83.35822630000004,51.00195709999997],[83.35820120000001,51.00754549999997],[83.32011379999999,51.010511],[83.2915581,51.008962],[83.28443639999998,51.0150364],[83.2771448,51.013343],[83.26837490000003,51.006025],[83.25802179999997,51.003419800000025],[83.22567950000004,51.0011814],[83.2060446,50.99335530000004],[83.20204540000003,50.99333780000001],[83.17961990000003,51.00379750000001],[83.17504289999997,51.0115701],[83.1521325,51.012009800000044],[83.14629550000004,51.010076499999954],[83.1397845,51.01166590000001],[83.12102129999997,51.011004199999974],[83.1220341,51.00479710000003],[83.119193,51.00123760000004],[83.12230619999995,50.9845235],[83.1186366,50.983754400000045],[83.114776,50.9783532],[83.11247889999997,50.96595310000003],[83.10049760000001,50.9581166],[83.0923938,50.95533709999997],[83.09169139999996,50.9508719],[83.08862630000002,50.94886050000002],[83.05896460000001,50.9346123],[83.05296210000003,50.93266049999998],[83.04732880000005,50.93323330000003],[83.03888519999998,50.93009120000003],[83.00599349999996,50.925199500000026],[82.99608149999999,50.91335749999997],[82.98996139999997,50.90227680000001],[82.98935619999997,50.89715670000003],[82.9796427,50.8838498],[82.96178740000003,50.8932929],[82.9422653,50.894738599999975],[82.92668630000001,50.898655699999985],[82.91104769999997,50.907682399999985],[82.89586829999999,50.904826899999975],[82.88911550000002,50.90649509999998],[82.88680609999997,50.905132],[82.88546649999998,50.897967299999955],[82.87888829999997,50.89753020000003],[82.8702031,50.89923949999997],[82.8663086,50.904423299999976],[82.8478121,50.90966],[82.8379932,50.91803229999996],[82.79421119999998,50.918065200000015],[82.78764459999996,50.92073209999997],[82.78127159999997,50.91998560000002],[82.77135179999996,50.927128699999955],[82.7328173,50.92727159999997],[82.72880080000002,50.92285840000004],[82.73315529999998,50.9153598],[82.731415,50.9072059],[82.72790570000004,50.904527499999986],[82.71733870000003,50.90093],[82.7174511,50.893997799999966],[82.72908110000003,50.8669107],[82.73068329999998,50.857299],[82.7391939,50.85043189999998],[82.70647420000003,50.831898200000026],[82.7106872,50.82816480000003],[82.70997240000001,50.822506899999965],[82.70153239999996,50.812200200000014],[82.69682270000001,50.8098545],[82.68867760000003,50.8107648],[82.68204079999998,50.808226400000024],[82.67510590000003,50.807954],[82.6802161,50.800586099999975],[82.66801440000002,50.7932451],[82.663348,50.7928822],[82.654419,50.79544930000004],[82.64705320000002,50.794334900000024],[82.6376109,50.78769719999998],[82.630422,50.7790917],[82.60545649999999,50.77599649999998],[82.56746960000002,50.746842399999956],[82.536807,50.747054900000045],[82.50226830000004,50.74177980000003],[82.48521489999999,50.7422572],[82.48085629999997,50.751706],[82.47182339999998,50.756125],[82.4107142,50.7646687],[82.4082923,50.76384079999998],[82.3807239,50.7757198],[82.377832,50.780429300000016],[82.36659579999996,50.777893199999966],[82.36221839999996,50.782849100000035],[82.35731430000001,50.78459589999997],[82.350775,50.77562609999997],[82.34645110000002,50.77493919999998],[82.3423718,50.77027870000001],[82.33746229999996,50.77022449999997],[82.33532140000001,50.7679212],[82.32643909999996,50.7644185],[82.32723230000005,50.762875200000025],[82.32133169999997,50.7612487],[82.31673639999998,50.75295860000002],[82.30516390000003,50.75578749999996],[82.29585820000003,50.7693844],[82.27038,50.7697911],[82.25701669999995,50.7611348],[82.24914189999996,50.74889489999996],[82.23702189999999,50.74559150000002],[82.2240772,50.7368492],[82.215829,50.74125409999996],[82.21190590000003,50.73692260000004],[82.20417910000003,50.73663419999998],[82.19945250000002,50.734905200000014],[82.18915370000002,50.735220800000015],[82.18551119999998,50.73703210000004],[82.17976040000005,50.731787900000015],[82.17270210000002,50.730064300000045],[82.1723917,50.73863580000004],[82.17463010000003,50.73989719999996],[82.17530459999998,50.74527190000004],[82.17216169999998,50.746804600000026],[82.16639079999999,50.745845],[82.15893210000004,50.7469534],[82.15593739999997,50.74434330000004],[82.15237750000003,50.74377120000004],[82.1468079,50.7451018],[82.14723480000005,50.7473269],[82.078382,50.75083770000004],[82.06113209999995,50.75736640000004],[82.0629189,50.76579950000004],[82.048144,50.76937190000004],[82.0359721,50.769114],[82.02629419999995,50.7791634],[82.01257349999997,50.78575079999996],[81.99717909999997,50.7879389],[81.9919294,50.7847519],[81.9819893,50.784749900000016],[81.9650383,50.78953149999996],[81.90607019999999,50.795478100000025],[81.88541540000004,50.804307],[81.79677949999996,50.77198179999998],[81.79039970000002,50.789776],[81.79126170000004,50.7943433],[81.78801750000002,50.806706400000024],[81.78957349999997,50.81657089999998],[81.7758571,50.820919],[81.75543229999997,50.78180340000002],[81.72782729999996,50.76012639999996],[81.5825039,50.7423881],[81.5259673,50.751719399999985],[81.5250593,50.757950699999974],[81.5140539,50.7586594],[81.5130117,50.7569849],[81.50747290000001,50.75706609999997],[81.50648210000001,50.754412100000025],[81.50263769999998,50.753167299999966],[81.44933820000003,50.755926],[81.46104769999997,50.80208129999997],[81.48598829999997,50.8241775],[81.4717172,50.843413699999985],[81.47168190000002,50.86256680000003],[81.435616,50.86315229999998],[81.43575519999999,50.87236669999997],[81.42125149999995,50.87242840000001],[81.42132779999997,50.88178480000003],[81.4427349,50.89187610000001],[81.44283810000002,50.9107656],[81.4355569,50.9108117],[81.4354055,50.92986150000003],[81.41352240000003,50.9298602],[81.41258740000004,50.975741800000016],[81.30993420000003,50.975683099999955],[81.29295870000004,50.97457329999997],[81.28906669999998,50.97396980000004],[81.26641130000004,50.96176240000003],[81.2322287,50.963261],[81.21991450000003,50.958613800000016],[81.19091789999999,50.951066699999956],[81.17917619999997,50.95759940000002],[81.15754529999998,50.951064400000035],[81.05976349999999,50.94790339999997],[81.06597309999995,50.9671807],[81.08221840000002,50.997765900000026],[81.0896229,51.02159330000002],[81.09587649999997,51.03143739999998],[81.10293449999998,51.060574099999975],[81.10658739999998,51.066264900000014],[81.11624649999999,51.064441699999975],[81.14181670000005,51.079102600000034],[81.15538339999998,51.10143230000001],[81.17290739999999,51.1416275],[81.17321529999995,51.1436048],[81.1649481,51.15402139999998],[81.17697569999997,51.161705900000044],[81.1744395,51.1827977],[81.16652980000005,51.1849488],[81.1463635,51.2118797],[81.11515850000004,51.21152279999996],[81.10252610000003,51.18016089999997],[81.0470905,51.1814559],[81.04601559999998,51.1896323],[80.9198003,51.219025],[80.94061080000003,51.259257099999964],[80.9100331,51.258709400000036],[80.85580319999998,51.2769275],[80.85357769999996,51.275843600000016],[80.75218680000003,51.2979963],[80.67767319999996,51.316749800000025],[80.63510940000002,51.262789500000025],[80.63469950000004,51.206803800000046],[80.56526,51.20694860000003],[80.492555,51.20399760000003],[80.4470866,51.2082857],[80.4373931,51.1767349],[80.433651,51.135163],[80.43648029999997,51.11900419999997],[80.45319929999997,51.117823],[80.45451969999996,51.109162599999955],[80.4822163,51.109428],[80.48224289999999,50.96868710000002],[80.47739990000002,50.9651305],[80.43974689999996,50.9599253],[80.4210757,50.96204629999998],[80.37596659999997,50.927119],[80.32510390000002,50.92752809999996],[80.3244587,50.91789040000003],[80.24540049999996,50.9185405],[80.24419169999996,50.899309100000046],[80.1929508,50.90036620000002],[80.19233620000003,50.85085779999996],[80.18570789999995,50.85085779999996],[80.18491750000003,50.827367],[80.083038,50.8281677],[80.08340909999998,50.85294990000004],[80.06797690000005,50.85288950000002],[80.06731049999996,50.846555599999974],[80.06304689999999,50.846565099999964],[80.063932,50.8091042],[80.079552,50.73878070000004],[80.07586579999996,50.73820759999996],[79.898963,50.977003300000035],[79.84306859999998,51.0433906],[79.73165389999998,51.1910062],[79.720481,51.21718019999999],[79.5326896,51.46646159999999],[79.40913839999999,51.6155729],[79.21049819999999,51.87300210000003],[79.17340870000001,51.9296005],[79.11191209999996,52.00308549999997],[78.7637887,52.37759169999998],[78.61858119999995,52.541368700000014],[78.5471,52.6187],[78.5361879,52.63429750000002],[78.37859939999998,52.807644100000026],[78.30600189999998,52.884452900000035],[78.1184926,53.06863829999997],[77.94029210000002,53.252486299999966],[77.9065061,53.29141],[77.33912790000002,53.5949318],[76.8290166,53.84946070000003],[76.69068689999997,53.9202921],[76.53783129999995,53.99985260000004],[76.52938650000004,54.01718709999999],[76.5040997,54.0317861],[76.49828449999998,54.07125110000004],[76.434915,54.1225724],[76.44044,54.167330599999964],[76.58268149999998,54.14879329999997],[76.61628020000003,54.16200490000003],[76.61659690000005,54.15328430000004],[76.64502019999998,54.12444759999999],[76.67135890000003,54.1326563],[76.695346,54.146998499999974],[76.75646579999997,54.161826],[76.74936970000002,54.1830292],[76.789561,54.19945110000002],[76.81095740000005,54.21714490000002],[76.82784069999997,54.22488369999996],[76.8354563,54.26267860000002],[76.82871080000001,54.27415050000002],[76.86477350000001,54.286170499999976],[76.87051130000003,54.297601],[76.8785671,54.30176019999997],[76.8602013,54.361144400000036],[76.82074849999998,54.36810560000003],[76.7880782,54.360039],[76.78072450000003,54.37765239999999],[76.87458849999996,54.398251799999976],[76.87758110000004,54.402941100000014],[76.93563760000004,54.41569070000003],[76.95246260000002,54.41576680000002],[76.93624730000003,54.425627700000035],[76.93953080000001,54.4379182],[76.9289614,54.45776790000003],[76.8747991,54.44829040000003],[76.84413560000004,54.43967089999997],[76.82660189999996,54.428933800000024],[76.79552859999995,54.4190245],[76.72975920000005,54.41802909999998],[76.73046550000004,54.40274480000002],[76.691279,54.37500619999997],[76.67480560000001,54.344999],[76.645675,54.33677790000002],[76.6075913,54.335617],[76.5981578,54.343091499999986],[76.57536679999995,54.33948549999996],[76.54471410000002,54.32770769999997],[76.475925,54.31823960000004],[76.35205750000004,54.334001200000046],[76.25728970000003,54.35927139999996],[76.229287,54.323221899999986],[76.18648419999997,54.30155260000002],[76.2278221,54.276095800000036],[76.2013926,54.25979870000004],[75.93339629999997,54.187661799999965],[75.59810750000004,54.09879260000003],[75.5290132,54.115068],[75.375585,54.07010430000001],[75.4351924,54.00948440000002],[75.44080719999997,54.008466700000014],[75.44106729999999,53.97233250000004],[75.41085850000002,53.97231820000001],[75.41094489999998,53.959641800000014],[75.3774621,53.95955639999996],[75.33168280000001,53.942316],[75.30434779999996,53.92877370000002],[75.2936479,53.920539],[75.2797961,53.91659279999998],[75.26612630000004,53.90966049999999],[75.21746289999999,53.876105],[75.15998349999997,53.848176900000034],[75.1483519,53.84688369999997],[75.13650729999998,53.83673930000003],[75.04658130000001,53.79269670000004],[75.03035549999996,53.79587090000004],[75.02636950000003,53.8028189],[74.98414349999997,53.81158559999999],[74.97405949999998,53.82262860000002],[74.8858,53.8231],[74.8569,53.8184],[74.7946,53.8245],[74.7751,53.7834],[74.7632,53.7437],[74.6737,53.7553],[74.6426,53.6724],[74.6335,53.669],[74.4584161,53.69093220000003],[74.42103810000003,53.593317],[74.4515,53.5889],[74.44854510000002,53.58089380000004],[74.48754079999998,53.57557709999996],[74.4865,53.5694],[74.45332129999997,53.537844499999984],[74.39059839999996,53.455982799999965],[74.29145119999998,53.491490300000045],[74.304736,53.51776319999997],[74.26849759999998,53.5236333],[74.28685039999998,53.56077830000003],[74.2346928,53.56966980000004],[74.24262480000003,53.587955900000026],[74.162936,53.6013833],[74.1471,53.5558],[74.052604,53.566517800000014],[74.07174639999995,53.629585899999974],[73.901147,53.65122139999998],[73.82134530000003,53.578387],[73.74792569999997,53.60707219999996],[73.66676409999997,53.613281700000016],[73.6455058,53.552916],[73.594035,53.5593138],[73.58017619999995,53.519616900000045],[73.438715,53.43549650000001],[73.3625009,53.46747409999997],[73.38711550000002,53.488732],[73.39788450000003,53.5221518],[73.34607930000001,53.53410679999999],[73.3468242,53.54319830000003],[73.3417,53.5448],[73.23842510000003,53.5675771],[73.25137420000001,53.5978506],[73.2777121,53.63955150000004],[73.25540779999999,53.641248799999964],[73.25305779999997,53.67406170000002],[73.3227207,53.67607379999997],[73.34177930000003,53.71788780000004],[73.35556809999997,53.766159600000016],[73.3427,53.7881],[73.4012966,53.79301029999996],[73.44913019999996,53.80731969999999],[73.4291613,53.8230341],[73.42924139999997,53.848179],[73.4530853,53.8760982],[73.57167119999997,53.869127],[73.69108190000003,53.85606609999998],[73.7493,53.9952],[73.76787890000004,54.05382150000004],[73.7001156,54.04883820000001],[73.70366040000002,54.065954899999966],[73.63003480000005,54.07092360000003],[73.65797269999999,54.046379],[73.60962429999998,54.008405099999976],[73.59227790000003,54.01064959999997],[73.57814590000001,54.0144801],[73.51879820000005,54.00324980000002],[73.52199109999998,53.96535260000002],[73.5374,53.9499],[73.5375,53.9462],[73.5225,53.9399],[73.5104,53.9378],[73.45863090000002,53.963691399999966],[73.4045061,53.978508800000014],[73.4035,53.9452],[73.3,53.9431],[73.2845,53.95],[73.19918190000003,53.96931610000004],[73.06696829999996,53.985537],[73.0722083,54.03004320000002],[73.0577329,54.032001699999974],[73.05968130000002,54.04014990000003],[72.97865930000002,54.049487],[72.99458090000003,54.098412],[72.83167419999998,54.09798420000003],[72.82566609999998,54.12067739999997],[72.76794490000002,54.12096660000001],[72.7237443,54.12311580000002],[72.60879339999998,54.1368406],[72.612851,54.12195880000004],[72.5602,54.1164],[72.5309,54.043],[72.5648,54.0392],[72.5717,54.051],[72.5964,54.0461],[72.6744,54.0449],[72.7146,54.007],[72.7052,53.9565],[72.7038,53.9549],[72.6931,53.9554],[72.6362,53.9651],[72.5668,53.979],[72.556,53.9797],[72.49326990000002,53.903469400000034],[72.4305,53.9141],[72.3752,53.9462],[72.4168,53.9874],[72.4298,54.0247],[72.4331,54.0447],[72.3977,54.05],[72.4068,54.0746],[72.3712,54.0818],[72.3789,54.1054],[72.4327,54.1011],[72.4393,54.1182],[72.49134559999996,54.112372],[72.48942370000002,54.10767239999996],[72.51319880000004,54.10475369999996],[72.5158713,54.11205280000002],[72.507372,54.14039889999997],[72.41918279999996,54.151032299999954],[72.34362779999995,54.1786806],[72.29902909999996,54.186814500000025],[72.33794790000002,54.245809400000034],[72.2914,54.2498],[72.30048929999998,54.2938223],[72.27977269999998,54.31720580000003],[72.24168810000002,54.33159520000002],[72.1934331,54.3581201],[72.18887540000003,54.354623499999974],[72.0126,54.3693],[72.0424,54.3411],[72.0443,54.3358],[72.042,54.3249],[72.0482,54.3249],[72.0633,54.3282],[72.0756,54.3285],[72.0835,54.326],[72.1046,54.3101],[72.1263,54.3065],[72.1328,54.302],[72.1347,54.2965],[72.1315,54.2759],[72.1161,54.2764],[72.1119,54.2709],[72.1018,54.2401],[72.0975,54.2148],[72.1724,54.1949],[72.2101,54.1815],[72.2255,54.1801],[72.2197,54.1753],[72.1832,54.127],[72.1743,54.1223],[72.1008,54.1459],[72.1105,54.1605],[72.1113,54.1702],[72.0738,54.1801],[72.0765,54.1857],[72.0576,54.1932],[72.0617,54.2005],[71.9512,54.2413],[71.9348,54.2264],[71.9134,54.2269],[71.8237,54.2388],[71.7555,54.2522],[71.7265,54.1846],[71.7669,54.1468],[71.7227,54.1038],[71.6756,54.1083],[71.6749,54.0976],[71.6199,54.0972],[71.6118,54.1145],[71.4899,54.0971],[71.49097260000002,54.15849619999997],[71.38436949999996,54.16758749999999],[71.38682989999998,54.1813804],[71.296101,54.18494489999996],[71.2748808,54.14743859999997],[71.1794006,54.0945994],[71.12330369999997,54.12941690000002],[71.1353,54.1598],[71.1048,54.162],[71.1105,54.1834],[71.0556,54.188],[71.0563,54.2024],[71.0732,54.2021],[71.0736,54.2723],[70.9999,54.2725],[71.0017,54.3084],[70.9983,54.3338],[71.0674,54.3316],[71.112,54.3326],[71.1113,54.3191],[71.1999,54.3077],[71.2071,54.3273],[71.1979,54.3284],[71.1975,54.3501],[71.2267,54.3494],[71.2342,54.4021],[71.2003,54.4029],[71.2049,54.4585],[71.1739,54.4571],[71.1723,54.5418],[71.1688,54.5645],[71.1724,54.5734],[71.2113,54.6067],[71.2884,54.6016],[71.2893,54.6457],[71.2936,54.6662],[71.2409,54.6656],[71.2389,54.6861],[71.211,54.6866],[71.2103,54.7019],[71.0984,54.6994],[71.0956,54.704],[71.0992,54.7136],[71.0827,54.7249],[71.0726,54.7396],[71.0355,54.7742],[71.0331,54.7896],[71.0289,54.7986],[71.0126,54.8131],[71.0287,54.8246],[71.0222,54.8499],[71.0114,54.8519],[70.9946,54.8584],[70.9601,54.8859],[70.9966,54.9321],[71.003,54.9546],[71.0092,54.9651],[70.9804,54.9817],[70.9963,54.9878],[70.9957,55.0067],[71.0072,55.0181],[71.0083,55.0406],[71.0057,55.0505],[70.9916,55.0509],[70.9924,55.0669],[71.0132,55.0755],[71.0245,55.0825],[70.9248,55.1256],[70.9298,55.164],[70.8942,55.1745],[70.8819,55.1801],[70.8431,55.2245],[70.8223,55.2519],[70.8043,55.2694],[70.8267,55.2779],[70.8161,55.288],[70.7924,55.2864],[70.6996,55.287],[70.6241,55.2503],[70.5034,55.2678],[70.47800290000004,55.27294249999997],[70.4751161,55.28171140000005],[70.4611977,55.28582590000004],[70.41040579999996,55.25407989999998],[70.40124240000003,55.2145889],[70.3663,55.2058],[70.3426,55.2025],[70.29497840000005,55.19292109999998],[70.2598,55.1665],[70.2294,55.1471],[70.2011,55.1474],[70.1795,55.1583],[70.1358,55.1677],[70.1063,55.1761],[70.0939,55.1834],[70.0631,55.207],[69.9736,55.2078],[69.9517,55.2097],[69.9378,55.2206],[69.8671,55.2957],[69.7937,55.323],[69.7875,55.3268],[69.7829,55.3358],[69.73804770000004,55.33838029999998],[69.7474741,55.3448942],[69.71036850000002,55.351699599999975],[69.6838251,55.35070789999999],[69.6837177,55.360181]]]]}},{"type":"Feature","properties":{"shapeName":"Kyrgyzstan","shapeISO":"KGZ","shapeID":"96190653B97306347695834","shapeGroup":"KGZ","shapeType":"ADM0","countryCode":"KGZ"},"geometry":{"type":"MultiPolygon","coordinates":[[[[69.2649523,39.8060382],[69.2799729,39.8029924],[69.2791829,39.78986],[69.2822946,39.7891612],[69.2831482,39.7812538],[69.2946712,39.7804885],[69.285614,39.772252],[69.2909724,39.7666026],[69.2890852,39.755031],[69.3103671,39.7326962],[69.3211444,39.7267358],[69.3283536,39.7172191],[69.3342378,39.7026258],[69.3370548,39.7006585],[69.336937,39.6971952],[69.3273141,39.6921316],[69.320254,39.6843136],[69.3183781,39.6708959],[69.3213918,39.6632866],[69.3279976,39.659302],[69.3297116,39.6545307],[69.3313589,39.6435326],[69.3290299,39.6362765],[69.3330008,39.6298327],[69.3433116,39.626199],[69.3449239,39.6240805],[69.3446207,39.6189076],[69.3406797,39.61192],[69.3396672,39.6013219],[69.3598878,39.5956949],[69.3561454,39.5866126],[69.3560437,39.5796768],[69.3545263,39.5790189],[69.3557592,39.5688576],[69.349405,39.5622776],[69.3476979,39.5570131],[69.3401107,39.5530645],[69.3377029,39.5464437],[69.3396945,39.5416899],[69.3439594,39.5400142],[69.3511544,39.5290484],[69.3616816,39.5211072],[69.3730024,39.520877],[69.3770457,39.5231018],[69.3824092,39.5369752],[69.3884789,39.5425337],[69.3964667,39.5569595],[69.4035794,39.5630464],[69.407302,39.5632364],[69.4097833,39.5605996],[69.4078762,39.549281],[69.4113358,39.5463496],[69.4153824,39.5456943],[69.4211087,39.5414327],[69.4349415,39.5363685],[69.445202,39.5287136],[69.4477802,39.5283061],[69.4718903,39.5393844],[69.4814366,39.5279307],[69.4856185,39.5263576],[69.4907101,39.5313519],[69.4924733,39.5386953],[69.4960275,39.5395228],[69.5140593,39.5363722],[69.5198545,39.5416949],[69.5272983,39.5450563],[69.5319926,39.5435048],[69.53486,39.5391922],[69.5377599,39.5381006],[69.5437553,39.5415732],[69.5520113,39.5553724],[69.5557258,39.5582237],[69.5739731,39.5531179],[69.5805252,39.5611887],[69.580324,39.5672373],[69.5855207,39.5709263],[69.5856986,39.5768423],[69.6024337,39.5831426],[69.6016783,39.5853581],[69.5985399,39.5866582],[69.6020203,39.5920146],[69.6112078,39.5920663],[69.6199287,39.5891846],[69.6294151,39.5929759],[69.6362218,39.5882473],[69.6386025,39.5881957],[69.6429445,39.5802958],[69.6518253,39.58143],[69.6609986,39.5782505],[69.6687542,39.58143],[69.6778056,39.5802824],[69.6823162,39.5915894],[69.6947268,39.5963681],[69.6983781,39.6005335],[69.7163502,39.5935545],[69.7375951,39.5950497],[69.7446743,39.5871629],[69.7554392,39.586987],[69.775504,39.5794318],[69.7839757,39.5801031],[69.797238,39.5697559],[69.8012468,39.5681643],[69.8075506,39.5693532],[69.8140628,39.5588235],[69.8201582,39.5580829],[69.8268644,39.5612367],[69.8388684,39.5486722],[69.8523613,39.5451766],[69.8556473,39.5365917],[69.8672218,39.5294871],[69.8738599,39.5318242],[69.8879326,39.5423495],[69.8843363,39.5482195],[69.8925178,39.5556137],[69.8977227,39.5579251],[69.8980839,39.5628004],[69.8940602,39.5698829],[69.9016382,39.5761893],[69.9216226,39.5797041],[69.9337833,39.5679089],[69.9409765,39.5641639],[69.9590903,39.5688051],[69.9782426,39.5679358],[69.9779059,39.5613381],[69.9794947,39.5582642],[69.9903835,39.5572951],[69.9874528,39.5466161],[69.9959961,39.5368087],[70.0143766,39.542539],[70.0266439,39.5503438],[70.0313364,39.5514791],[70.0376615,39.5622909],[70.0396686,39.5712864],[70.0446536,39.5701036],[70.0540696,39.5705589],[70.0581268,39.5668531],[70.0682205,39.5641574],[70.0716859,39.5714362],[70.079318,39.5765851],[70.0926851,39.5788605],[70.104668,39.5873927],[70.1173417,39.5902249],[70.1230121,39.5888458],[70.1299921,39.5838562],[70.1350958,39.5777612],[70.1357471,39.5724393],[70.1403803,39.5735072],[70.1446186,39.5714033],[70.1487764,39.5607536],[70.1680902,39.5540838],[70.1781485,39.5567174],[70.1862639,39.5632352],[70.1927066,39.5655105],[70.1984539,39.5724583],[70.206628,39.5784316],[70.2125979,39.5775033],[70.2181497,39.5738111],[70.2210271,39.5664586],[70.2433837,39.5600968],[70.2399949,39.5525948],[70.2419732,39.5498284],[70.2415718,39.5453295],[70.2354491,39.5384942],[70.2508766,39.5360718],[70.2741293,39.5281329],[70.3008199,39.527926],[70.3035112,39.5268881],[70.3090689,39.530032],[70.3205913,39.5465874],[70.3278575,39.5509618],[70.3308096,39.5558268],[70.3294994,39.5619406],[70.3324035,39.5633479],[70.3397053,39.5636037],[70.3481688,39.5708956],[70.3547238,39.571855],[70.357545,39.5741575],[70.3613657,39.588924],[70.3755219,39.5973308],[70.3829755,39.586504],[70.3896533,39.5821989],[70.4094713,39.5763757],[70.4245211,39.5742501],[70.430885,39.5829254],[70.4347632,39.595045],[70.4414536,39.6010438],[70.4643987,39.5822826],[70.4711043,39.5906294],[70.4918096,39.6064065],[70.4977945,39.6077783],[70.5179491,39.6071202],[70.5249033,39.6220846],[70.5344298,39.6216293],[70.5454586,39.6105248],[70.5509259,39.610646],[70.5555877,39.6019167],[70.5608756,39.5964019],[70.5741857,39.596618],[70.5877084,39.5896035],[70.6058024,39.5857992],[70.6153617,39.5900586],[70.6243883,39.5911468],[70.6281841,39.5857992],[70.65013,39.5822067],[70.6569046,39.5725418],[70.6730303,39.560624],[70.6864108,39.5410422],[70.6854989,39.5306854],[70.6940371,39.5236521],[70.6943631,39.5197851],[70.7029067,39.5157],[70.7131129,39.5023794],[70.7456293,39.4870408],[70.7543333,39.4776029],[70.7614442,39.4624626],[70.7629097,39.4264226],[70.766137,39.4186257],[70.7680286,39.3993579],[70.7732843,39.3943643],[70.7884451,39.3894733],[70.8156056,39.3884477],[70.8379821,39.3899952],[70.8604727,39.393455],[70.8678821,39.3931723],[70.8799821,39.3888693],[70.8918997,39.3816901],[70.9124142,39.3833014],[70.9221347,39.3901206],[70.9349753,39.4068996],[70.9356317,39.426548],[70.9410333,39.4335358],[70.9510045,39.4345888],[70.9594031,39.4304248],[70.9744955,39.414954],[70.9935309,39.4031709],[71.0083475,39.4025874],[71.0313417,39.4040803],[71.0514756,39.4090397],[71.0660553,39.4142156],[71.07261,39.4197129],[71.0808788,39.4323393],[71.0778429,39.4703758],[71.0809107,39.480853],[71.0896762,39.4991727],[71.099456,39.5064591],[71.1127251,39.5102424],[71.1276238,39.5106048],[71.1695554,39.5074664],[71.1933746,39.5112954],[71.2055133,39.5165556],[71.2396844,39.5357847],[71.2440557,39.5452044],[71.2532042,39.5520258],[71.2585761,39.5489239],[71.2778781,39.5231697],[71.2868192,39.5179983],[71.2955027,39.5181191],[71.3076482,39.523368],[71.3289034,39.5435976],[71.3344577,39.552003],[71.3356246,39.5687478],[71.3547215,39.5756263],[71.3609777,39.5763214],[71.3923181,39.5721164],[71.4145898,39.5711706],[71.4355168,39.5774769],[71.4600836,39.5912999],[71.4786449,39.6077803],[71.4876862,39.6126668],[71.4989315,39.6136217],[71.5260464,39.6023719],[71.5510257,39.5873638],[71.5600123,39.5744935],[71.5612636,39.5576393],[71.5578836,39.5453115],[71.5476685,39.5327945],[71.5434954,39.5181009],[71.5437917,39.505128],[71.5525823,39.4725843],[71.5624396,39.4548731],[71.5768734,39.4489587],[71.6131276,39.4449589],[71.6263967,39.4400519],[71.6406322,39.4398992],[71.6748967,39.4508504],[71.7068867,39.456138],[71.7303162,39.4546019],[71.7490917,39.4571112],[71.760827,39.4565802],[71.7864695,39.4434136],[71.7977216,39.4284944],[71.8038183,39.4027721],[71.8002925,39.3808445],[71.7961513,39.3752743],[71.7732232,39.3667184],[71.7571553,39.3506437],[71.7526699,39.3239595],[71.7609409,39.3106198],[71.7801199,39.2862171],[71.7906267,39.2780532],[71.8020406,39.2736887],[71.8182065,39.274867],[71.8360362,39.2817317],[71.8460393,39.2831881],[71.8792645,39.2811688],[71.8998406,39.2754094],[71.9111109,39.2772828],[71.918762,39.280289],[71.9315251,39.3013004],[71.9445732,39.3179745],[71.9579859,39.331271],[71.9712208,39.3344869],[71.9951631,39.3477628],[72.0121085,39.3507986],[72.0356292,39.3664905],[72.0429156,39.3647014],[72.0505894,39.3600132],[72.0586097,39.3519451],[72.065536,39.3223186],[72.077759,39.3049242],[72.0854807,39.2853442],[72.096726,39.2713548],[72.1056577,39.2664321],[72.1165336,39.2694974],[72.1357485,39.2693404],[72.1382293,39.2720292],[72.1534684,39.2734009],[72.1552404,39.2707122],[72.1615041,39.2677533],[72.1739441,39.2695043],[72.1801311,39.2632845],[72.1821431,39.2585595],[72.1808237,39.2536702],[72.1841693,39.2414091],[72.1902685,39.2355838],[72.208611,39.2255601],[72.2146758,39.2166145],[72.2167817,39.2045032],[72.2159658,39.1944545],[72.2200318,39.1836856],[72.232934,39.1753645],[72.2450795,39.1728437],[72.2570039,39.1751365],[72.2613981,39.1835625],[72.2657764,39.2153281],[72.2712655,39.2188367],[72.2715713,39.225351],[72.2765379,39.2266922],[72.2818912,39.2377857],[72.2822734,39.2426998],[72.2878538,39.2521125],[72.2864778,39.2535332],[72.2886183,39.260281],[72.3014608,39.2750175],[72.3032954,39.28413],[72.2995497,39.28981],[72.299779,39.292354],[72.3082643,39.296791],[72.3115514,39.3003995],[72.3162554,39.311224],[72.3305121,39.3178185],[72.3312001,39.3212485],[72.3357103,39.3238801],[72.3373538,39.3277237],[72.3424373,39.3320994],[72.3478648,39.3332819],[72.3597518,39.3315672],[72.367014,39.3328089],[72.3794081,39.3294471],[72.3851919,39.3330428],[72.3913,39.3345897],[72.4005432,39.3417804],[72.4149756,39.3437869],[72.4226598,39.3419196],[72.4265832,39.3434469],[72.4303756,39.3427616],[72.4338562,39.3433343],[72.4379292,39.3467705],[72.4549401,39.3479563],[72.4624567,39.3501897],[72.4638267,39.357004],[72.4686032,39.3576338],[72.468238,39.359202],[72.4734745,39.3630078],[72.4749407,39.3665299],[72.4791822,39.3688779],[72.4790834,39.3746659],[72.4928576,39.3800754],[72.5018923,39.3766122],[72.5139471,39.3780386],[72.5230666,39.381292],[72.5442519,39.3808582],[72.5495833,39.3782555],[72.5502146,39.3733752],[72.5554057,39.3673014],[72.5540224,39.3638336],[72.5618845,39.3579274],[72.5630874,39.3527112],[72.5665375,39.3516331],[72.5784847,39.3599088],[72.587474,39.3592001],[72.5932194,39.3645996],[72.5992386,39.3661189],[72.6017299,39.3699483],[72.6035345,39.3801582],[72.6097844,39.3837116],[72.6136781,39.3947988],[72.6152307,39.3960286],[72.6187795,39.3956968],[72.6211602,39.3991562],[72.6269408,39.3978987],[72.6358347,39.3928847],[72.6462747,39.3935679],[72.653411,39.3921137],[72.6599792,39.3940069],[72.670343,39.3884028],[72.6898773,39.3950903],[72.6973229,39.39556],[72.7049587,39.3874999],[72.7109952,39.3850533],[72.7195371,39.3855309],[72.7199619,39.3818979],[72.7222948,39.3808836],[72.7269604,39.3816161],[72.7306,39.37655],[72.7413947,39.3748541],[72.7454042,39.3727127],[72.7528401,39.3729944],[72.7677184,39.3645981],[72.7826766,39.3620184],[72.7842747,39.3466166],[72.7906261,39.3466104],[72.7977286,39.3517211],[72.8058825,39.3539112],[72.8141222,39.3582748],[72.8156457,39.3611782],[72.8242073,39.3643137],[72.8285624,39.3625703],[72.8329984,39.3630674],[72.8414915,39.3560143],[72.8419986,39.3539746],[72.8473807,39.3521904],[72.8573405,39.3519175],[72.8679229,39.3468038],[72.874445,39.3481202],[72.8791794,39.3469841],[72.8882846,39.3576855],[72.8987902,39.3615024],[72.9071424,39.3676485],[72.9266941,39.3687952],[72.9323328,39.3718099],[72.9393014,39.3707751],[72.9436996,39.3588354],[72.9588686,39.346646],[72.973914,39.3581578],[72.9841608,39.3575153],[72.9901383,39.3585702],[72.9954971,39.3617004],[72.9993688,39.3608315],[73.0066618,39.3627281],[73.0167861,39.3567145],[73.0351498,39.3548106],[73.0598317,39.3601484],[73.0761206,39.3697686],[73.0868118,39.3722673],[73.0911007,39.3700569],[73.1018542,39.3727959],[73.106516,39.3763996],[73.1181397,39.3705375],[73.1215584,39.3698647],[73.1255365,39.3718829],[73.1277121,39.3709699],[73.1363521,39.3653476],[73.1422151,39.3638401],[73.1457382,39.3590197],[73.1606836,39.3524908],[73.1774021,39.3565388],[73.1844,39.35355],[73.2007067,39.353209],[73.2072083,39.3605865],[73.217003,39.3628061],[73.2306616,39.3577103],[73.2436131,39.3612966],[73.2495147,39.3768262],[73.252579,39.381037],[73.2589345,39.3834932],[73.2639282,39.3837564],[73.2718726,39.3813002],[73.2884425,39.382616],[73.295479,39.3869142],[73.319919,39.3822314],[73.3261219,39.3904228],[73.3532063,39.3933427],[73.35336,39.3979655],[73.3574457,39.3998072],[73.3632668,39.4083866],[73.3608505,39.4116456],[73.360283,39.4217286],[73.3530195,39.4252354],[73.3515441,39.4309336],[73.3571052,39.4349658],[73.3648227,39.4324238],[73.3708378,39.4325991],[73.3794632,39.4407508],[73.3912247,39.4465307],[73.3932836,39.45273],[73.4129146,39.4523401],[73.4322972,39.4485211],[73.4414072,39.4515589],[73.4450616,39.4601183],[73.4491474,39.4633603],[73.4667386,39.4635356],[73.469576,39.4676536],[73.4763855,39.4708952],[73.4854649,39.4701067],[73.4929558,39.4676756],[73.5052415,39.4739714],[73.5140207,39.4745183],[73.5211406,39.4682154],[73.5266776,39.4700638],[73.5316909,39.4682154],[73.5401461,39.4615723],[73.5441036,39.4624232],[73.5519596,39.4600051],[73.5544376,39.4573551],[73.5670633,39.4555226],[73.5701961,39.4567049],[73.5785135,39.4651814],[73.5900409,39.4684975],[73.5935693,39.4672223],[73.5944896,39.463388],[73.5998991,39.4599918],[73.6092155,39.4605225],[73.6182972,39.4686154],[73.6245245,39.4686008],[73.634921,39.4732479],[73.6428524,39.4743934],[73.6500535,39.472414],[73.6528994,39.4692578],[73.6646557,39.471629],[73.6707298,39.4644526],[73.6750467,39.4630888],[73.6798496,39.4627211],[73.6950492,39.4659702],[73.7014971,39.4634456],[73.7082904,39.463746],[73.7138087,39.4615213],[73.725644,39.4609028],[73.7479444,39.4628935],[73.7568218,39.4623511],[73.7772933,39.4682522],[73.7898452,39.4691086],[73.7938114,39.4677817],[73.7941997,39.4662899],[73.8362215,39.4721907],[73.8475553,39.4782664],[73.8521601,39.4775221],[73.8603005,39.4809278],[73.8738476,39.4828942],[73.8771048,39.4940176],[73.8705124,39.4990641],[73.8740516,39.5041642],[73.872997,39.5130622],[73.8811562,39.5188147],[73.8810116,39.5228875],[73.8885326,39.5252056],[73.8873482,39.5273783],[73.8920375,39.5336783],[73.878107,39.5429625],[73.8802169,39.5453552],[73.888007,39.5473844],[73.8925823,39.5557812],[73.901612,39.5559477],[73.9055102,39.5609508],[73.9140513,39.5633702],[73.9163566,39.5706693],[73.9127969,39.576933],[73.9148988,39.5838962],[73.9106663,39.5863081],[73.9110012,39.5907359],[73.9130708,39.5919836],[73.9199443,39.5918656],[73.9243795,39.5941816],[73.9332035,39.5924362],[73.936775,39.5977392],[73.9454978,39.5987983],[73.9473835,39.5973684],[73.9479131,39.5994872],[73.9486632,39.6050003],[73.9448985,39.6122446],[73.9454872,39.6169096],[73.9482508,39.6186782],[73.9490409,39.6218845],[73.9469278,39.6268937],[73.9409813,39.6310748],[73.9416153,39.6408117],[73.9378251,39.6513153],[73.938614,39.6621914],[73.9320252,39.6763133],[73.9245757,39.6855067],[73.9231455,39.6959888],[73.9273757,39.7007576],[73.9272661,39.704806],[73.9144042,39.7141767],[73.910627,39.7219829],[73.9138471,39.7238014],[73.9181583,39.7236499],[73.919835,39.7263642],[73.9112424,39.7299449],[73.9082851,39.734266],[73.9056533,39.7352064],[73.9040588,39.7442927],[73.8999182,39.7460165],[73.8882159,39.7477449],[73.8792615,39.7457196],[73.8687141,39.746783],[73.8652218,39.7546449],[73.8662511,39.7565213],[73.8635604,39.7574875],[73.8599327,39.756692],[73.8499689,39.7582982],[73.8467538,39.7579767],[73.84351,39.7540128],[73.8378805,39.7551801],[73.8394832,39.757724],[73.8395257,39.7678879],[73.832208,39.7816191],[73.8360705,39.7873935],[73.8352679,39.7902812],[73.8392903,39.7941712],[73.838795,39.8087538],[73.8430204,39.8150921],[73.8446808,39.8249035],[73.8488378,39.8310262],[73.8490521,39.835949],[73.8580237,39.8422527],[73.8585577,39.8455355],[73.8622628,39.8480682],[73.8787973,39.8518426],[73.8827967,39.862488],[73.8871188,39.8617468],[73.8908642,39.864085],[73.903093,39.8616708],[73.9070541,39.8653236],[73.9091412,39.871138],[73.9129087,39.8738346],[73.9119249,39.8763502],[73.9214678,39.9053706],[73.9149038,39.9103602],[73.9066832,39.9125735],[73.9072298,39.9206404],[73.9214612,39.938716],[73.9321792,39.957658],[73.9348979,39.958133],[73.9419154,39.9674181],[73.9515995,39.9741377],[73.9552721,39.9733791],[73.9588279,39.9757288],[73.9670866,39.9932249],[73.9732426,40.0030138],[73.9769865,40.0048077],[73.9706878,40.0092434],[73.9696917,40.0148754],[73.9506983,40.0169295],[73.9471781,40.0196131],[73.9336507,40.0233971],[73.9330777,40.0255936],[73.9363259,40.0275742],[73.9363156,40.0317602],[73.9472769,40.0345362],[73.9526754,40.0328093],[73.9631515,40.0390238],[73.9695774,40.0390469],[73.9711744,40.0427651],[73.9830141,40.0486202],[73.9971652,40.0449587],[74.0016488,40.0527264],[74.0025088,40.063271],[74.0181542,40.070849],[74.0117723,40.079657],[74.022344,40.0855751],[74.0321613,40.0946504],[74.0413419,40.0994755],[74.0478176,40.0956967],[74.0529389,40.0946163],[74.0552949,40.0896632],[74.0638298,40.0853897],[74.0661676,40.0784293],[74.0686358,40.0775449],[74.0711128,40.079768],[74.0873872,40.0822953],[74.0920397,40.0889383],[74.0966468,40.0865817],[74.1064267,40.0864097],[74.1093385,40.096767],[74.1155061,40.0996241],[74.113304,40.103862],[74.1180727,40.1061687],[74.1231119,40.1112414],[74.1277919,40.1107605],[74.1319331,40.1079431],[74.1388919,40.1081573],[74.1459837,40.1050546],[74.1571364,40.1103537],[74.1586797,40.1156882],[74.1654334,40.1167014],[74.1741334,40.1141641],[74.18393,40.1171467],[74.1867911,40.1201193],[74.1960854,40.1199646],[74.2001234,40.1236475],[74.2105945,40.1238443],[74.2161838,40.127043],[74.2247258,40.1250121],[74.2289633,40.1211349],[74.235215,40.1238778],[74.2375925,40.1229262],[74.2460007,40.1252885],[74.2572009,40.1335889],[74.2638009,40.1286952],[74.2661972,40.1243637],[74.265173,40.1192789],[74.2786139,40.1043326],[74.2885373,40.103507],[74.291948,40.1085788],[74.303788,40.1147688],[74.3127144,40.1118057],[74.3160057,40.104661],[74.3194045,40.102251],[74.3284429,40.1005547],[74.3351082,40.094739],[74.3388709,40.0938591],[74.3445846,40.0935122],[74.3489007,40.0968414],[74.3545225,40.0977321],[74.3576825,40.1028389],[74.3689664,40.1032427],[74.3710674,40.109801],[74.3752366,40.1124591],[74.376056,40.1161856],[74.3851533,40.1161513],[74.38869,40.1177627],[74.393232,40.1253266],[74.3988089,40.1262483],[74.3995119,40.1300102],[74.4053543,40.1354302],[74.4143067,40.1352523],[74.4174996,40.1364854],[74.4210124,40.1384354],[74.4251603,40.1439197],[74.4308648,40.1450012],[74.4355463,40.1483014],[74.4398257,40.1492223],[74.44166,40.1525984],[74.4536126,40.156957],[74.4546805,40.1603943],[74.4634074,40.1667357],[74.4648772,40.1728101],[74.4699843,40.1794353],[74.4734145,40.1821135],[74.4786316,40.1826329],[74.4809883,40.1850485],[74.4844114,40.1848414],[74.484727,40.190774],[74.4913979,40.1996832],[74.4982746,40.2044498],[74.5058618,40.2044261],[74.525516,40.2089619],[74.5265438,40.2117898],[74.5387106,40.2214188],[74.54347,40.2283818],[74.5427732,40.2312761],[74.5473178,40.2345316],[74.5496873,40.2396918],[74.5580992,40.245512],[74.5630853,40.2582705],[74.572723,40.261986],[74.5813429,40.2689707],[74.5850219,40.2775201],[74.5904952,40.2822165],[74.5978771,40.2808175],[74.6063028,40.2844138],[74.6167697,40.2803043],[74.6219771,40.2805973],[74.6303719,40.2838122],[74.638793,40.279198],[74.6414378,40.2721776],[74.6605188,40.2728815],[74.6626352,40.276083],[74.670792,40.2800682],[74.6723075,40.283879],[74.6779504,40.2850224],[74.684728,40.2894059],[74.678462,40.2940765],[74.6796732,40.2998172],[74.6851526,40.3032339],[74.6942554,40.3139477],[74.7007503,40.3251452],[74.7016724,40.3368145],[74.6963069,40.3387469],[74.6961161,40.3434253],[74.6927969,40.3457651],[74.6916965,40.3498523],[74.7115117,40.349564],[74.7352923,40.3445079],[74.7405316,40.3491943],[74.748087,40.352583],[74.7644315,40.3472143],[74.7787385,40.3486547],[74.7897874,40.3537452],[74.795512,40.3515735],[74.8115652,40.3496043],[74.8147989,40.3459329],[74.8215085,40.3453626],[74.8230999,40.3414298],[74.8323654,40.3404175],[74.836982,40.3339495],[74.8429939,40.3303558],[74.8512898,40.3261393],[74.8617605,40.3237651],[74.8674554,40.3282748],[74.8689083,40.3335515],[74.8731718,40.3323656],[74.8804238,40.3331619],[74.8884259,40.3398548],[74.9014454,40.3377327],[74.9030092,40.3436123],[74.9105793,40.3452616],[74.905347,40.3536979],[74.8954585,40.3558036],[74.8918656,40.3593831],[74.8795918,40.3630689],[74.874733,40.366599],[74.8743983,40.3691252],[74.8710677,40.3707463],[74.8705714,40.3742089],[74.865652,40.3764369],[74.8645151,40.3830696],[74.8580164,40.3860806],[74.8574616,40.3913266],[74.8553123,40.393763],[74.8448096,40.3954883],[74.843123,40.398269],[74.8435437,40.4035378],[74.8394526,40.4056061],[74.8384568,40.4079508],[74.8266261,40.4110783],[74.8216978,40.4168568],[74.8152821,40.4185522],[74.8139013,40.4238843],[74.8044507,40.4271397],[74.7976313,40.4332536],[74.7954512,40.4406765],[74.7876023,40.4522324],[74.7907812,40.4559884],[74.8007038,40.4538546],[74.808337,40.4555942],[74.8086974,40.4590365],[74.8114165,40.4610384],[74.8106193,40.4648318],[74.8149248,40.4685927],[74.8115026,40.4742185],[74.8172164,40.481649],[74.8173071,40.4867007],[74.8194372,40.4894556],[74.8186056,40.4943737],[74.8160018,40.4963273],[74.8177613,40.5007985],[74.8163705,40.5052849],[74.828227,40.5153356],[74.8346242,40.5175658],[74.8377744,40.5220452],[74.8673147,40.5110478],[74.8791306,40.5111565],[74.8956942,40.5003908],[74.9119519,40.4974551],[74.9142591,40.4949354],[74.9211941,40.4924395],[74.9184195,40.4857314],[74.9249745,40.4823735],[74.9280133,40.4784335],[74.9360226,40.4766315],[74.9463962,40.4706998],[74.9545596,40.4696892],[74.9572772,40.4647772],[74.9759258,40.4560044],[74.9817212,40.4561235],[74.9824038,40.4542291],[74.9871204,40.4518458],[74.9939284,40.4541108],[74.9977658,40.4574672],[75.0036696,40.4585125],[75.017956,40.4666121],[75.0217604,40.4619376],[75.0271723,40.4591826],[75.0287827,40.4556929],[75.0361534,40.4514913],[75.0440098,40.4534722],[75.0452779,40.4486027],[75.0521111,40.4443783],[75.0565621,40.4472399],[75.0615828,40.4472955],[75.065908,40.4437768],[75.0753936,40.4405814],[75.0846285,40.4426884],[75.0900968,40.4348988],[75.1018139,40.437105],[75.1067046,40.4460244],[75.1138857,40.4476649],[75.1238151,40.4580027],[75.1282892,40.4567067],[75.1409455,40.4613994],[75.1439051,40.4578401],[75.1533307,40.4550758],[75.1695395,40.4563832],[75.1735129,40.4555155],[75.1841799,40.4482453],[75.2021684,40.4478568],[75.2071833,40.4448431],[75.2159074,40.4484117],[75.2228344,40.4446744],[75.2385901,40.4483788],[75.2386193,40.4608898],[75.2602025,40.4714873],[75.2564931,40.4804243],[75.2641136,40.4824827],[75.2706475,40.4809263],[75.2750244,40.4818735],[75.2799189,40.4786569],[75.2856738,40.4806808],[75.3024673,40.4915152],[75.3024165,40.4974493],[75.2996018,40.4995657],[75.3025653,40.5052624],[75.3162212,40.5161542],[75.3296464,40.5206429],[75.3270705,40.5277584],[75.3278983,40.5320294],[75.339017,40.5303829],[75.3434801,40.5324189],[75.344792,40.5355128],[75.3541928,40.5364721],[75.3650356,40.5451903],[75.3678547,40.5452725],[75.3722064,40.5481513],[75.3758614,40.5482441],[75.3816014,40.5446864],[75.3878229,40.5513148],[75.3924987,40.5524801],[75.3963155,40.5516127],[75.4018261,40.5534086],[75.4082675,40.5525388],[75.4147401,40.555371],[75.4212207,40.5609838],[75.4298814,40.5653228],[75.4346982,40.572934],[75.4379165,40.5738961],[75.4423558,40.5787718],[75.4450145,40.5774293],[75.4483191,40.579691],[75.4509725,40.5856334],[75.45511,40.5874947],[75.4578528,40.5914637],[75.462237,40.6030087],[75.4679573,40.6053054],[75.4756065,40.6066034],[75.4779654,40.605743],[75.4853226,40.6130619],[75.4873098,40.618831],[75.4919473,40.6197166],[75.4973832,40.6245184],[75.5151967,40.6318699],[75.516866,40.6344368],[75.5222421,40.6344252],[75.5274531,40.6365393],[75.5283696,40.6405274],[75.5340994,40.6450992],[75.5559507,40.6540537],[75.5621849,40.6549452],[75.5681307,40.6539633],[75.572043,40.6576857],[75.5778303,40.6583829],[75.5854371,40.6623892],[75.5938841,40.6634818],[75.5969474,40.6610079],[75.6027621,40.6632564],[75.6032916,40.6607719],[75.6004263,40.6597381],[75.5963355,40.6535732],[75.5980996,40.6498811],[75.5955639,40.6454953],[75.6005334,40.6469633],[75.6121471,40.6448413],[75.6151641,40.6405107],[75.6125996,40.6385742],[75.6114378,40.6341433],[75.6174592,40.6317675],[75.6189959,40.6273036],[75.6224627,40.6270844],[75.6297527,40.6232368],[75.631851,40.6193546],[75.6243838,40.6092751],[75.6210226,40.5971292],[75.6210176,40.5900768],[75.6229435,40.588793],[75.6215199,40.5846284],[75.6236233,40.5793938],[75.6225891,40.5752349],[75.6241043,40.5740206],[75.6222649,40.5638894],[75.6249391,40.5610547],[75.6244392,40.5559002],[75.6223271,40.5535052],[75.6229034,40.5467208],[75.6362172,40.5330762],[75.6353906,40.5311816],[75.6407649,40.5280043],[75.6379705,40.5226028],[75.6464025,40.5056447],[75.6575919,40.5034219],[75.6674119,40.4963584],[75.6772111,40.5004408],[75.6873392,40.4993306],[75.6863362,40.491506],[75.6923949,40.4849041],[75.6967436,40.4860615],[75.7004054,40.485022],[75.7073064,40.4795183],[75.7133949,40.4795456],[75.7236068,40.4728394],[75.7186703,40.4654498],[75.7209971,40.4635517],[75.7202841,40.4613092],[75.7077762,40.4546461],[75.7064291,40.4526119],[75.7100563,40.4436293],[75.7064177,40.4418663],[75.7067525,40.4400033],[75.7003926,40.434097],[75.6946874,40.4318226],[75.6934061,40.4298975],[75.6911611,40.4299591],[75.6916452,40.4248099],[75.6800929,40.4212887],[75.6767488,40.4077252],[75.6695908,40.3960085],[75.6711089,40.379022],[75.6687654,40.3734359],[75.6646814,40.3715008],[75.6611593,40.3641862],[75.6643095,40.3586045],[75.6634264,40.35486],[75.6727215,40.3488769],[75.6777358,40.3480623],[75.680946,40.34517],[75.6804776,40.3376182],[75.6820527,40.3352022],[75.6857251,40.3346972],[75.6868863,40.3296823],[75.6847218,40.3264655],[75.685495,40.3217268],[75.691292,40.3151349],[75.6958131,40.3141949],[75.6969189,40.3083706],[75.7003175,40.303983],[75.6980412,40.3014733],[75.6915996,40.2997147],[75.6903782,40.2925153],[75.69307,40.2898222],[75.691509,40.2846041],[75.6956653,40.2851209],[75.699612,40.2800837],[75.7062848,40.280769],[75.708553,40.2848992],[75.7144277,40.2873428],[75.7182173,40.2868025],[75.7216899,40.2906013],[75.7221246,40.2973753],[75.7341652,40.3061624],[75.7371542,40.3050853],[75.7419928,40.2948387],[75.7453232,40.2954295],[75.7541683,40.3027607],[75.762065,40.300655],[75.7695015,40.3022869],[75.7723798,40.3000669],[75.7778688,40.3005852],[75.7825453,40.3060026],[75.7884091,40.3080299],[75.789031,40.3109802],[75.7977874,40.3110269],[75.804679,40.3132088],[75.8043843,40.3164183],[75.8075092,40.317315],[75.8112951,40.3244439],[75.8170864,40.3240269],[75.8258461,40.3277016],[75.8297191,40.3176794],[75.8325252,40.3150057],[75.8393335,40.3124695],[75.8518782,40.3102242],[75.8538191,40.3121472],[75.8645842,40.3140084],[75.8691414,40.3107883],[75.8788375,40.3119817],[75.8845932,40.3057648],[75.8948762,40.3064315],[75.899563,40.3030022],[75.9075235,40.3026732],[75.9098859,40.2981878],[75.9090864,40.2946774],[75.9117851,40.2908555],[75.9178535,40.2944331],[75.9221649,40.2942019],[75.9227295,40.2982968],[75.9297864,40.3020747],[75.9278677,40.3065947],[75.9317793,40.3123827],[75.9290058,40.3161154],[75.9253238,40.3178255],[75.9235609,40.3217181],[75.9252086,40.3261984],[75.9241772,40.3313094],[75.9275927,40.3355685],[75.9324356,40.3360012],[75.9432526,40.3414297],[75.9462389,40.3458389],[75.9451974,40.3502035],[75.9587517,40.360524],[75.9603964,40.3655621],[75.9542056,40.370177],[75.9532233,40.3735796],[75.9546966,40.375176],[75.9584667,40.3759436],[75.9621343,40.3746913],[75.9748832,40.3810971],[75.9833558,40.3791176],[75.9915011,40.3812259],[75.9933553,40.3789074],[75.9970627,40.3780709],[75.9966883,40.369431],[75.9986748,40.3676493],[76.0034633,40.3682903],[76.0098052,40.3634551],[76.0129125,40.3563665],[76.0209509,40.3528132],[76.0458858,40.3550842],[76.0470623,40.3575426],[76.0420902,40.365543],[76.042796,40.3698865],[76.0574799,40.3741401],[76.0594316,40.3777701],[76.0686724,40.3827163],[76.0769209,40.3829593],[76.0850754,40.3755597],[76.1039297,40.3774083],[76.1128887,40.373168],[76.125467,40.3754972],[76.1338072,40.3726379],[76.13816,40.3676968],[76.1484359,40.3658663],[76.1590942,40.3660191],[76.1619232,40.3679881],[76.1688016,40.3682262],[76.1778248,40.3795237],[76.1855505,40.3797979],[76.1862621,40.3823898],[76.1926748,40.3856022],[76.1942786,40.389054],[76.2054804,40.3925994],[76.2083571,40.3919855],[76.2151695,40.3960325],[76.2149591,40.3986202],[76.2167152,40.3999],[76.2278043,40.4034643],[76.2319612,40.4142237],[76.2509161,40.4178171],[76.2528143,40.4226648],[76.2631189,40.4252954],[76.2726098,40.4389239],[76.2800705,40.4322452],[76.28608,40.4292387],[76.2789479,40.412465],[76.2821276,40.4101529],[76.291279,40.4081008],[76.2944449,40.4053169],[76.3122512,40.4060914],[76.3151278,40.3940611],[76.3243573,40.3905459],[76.326978,40.387703],[76.3223818,40.3791501],[76.3230483,40.3762935],[76.320676,40.3706694],[76.3159972,40.3650321],[76.3247251,40.36069],[76.3251665,40.3555375],[76.3289555,40.3496989],[76.3320302,40.348278],[76.3346871,40.3388985],[76.3399975,40.3392595],[76.3435276,40.3411003],[76.3397115,40.3496123],[76.3427264,40.3563144],[76.3480374,40.358823],[76.3499935,40.3621947],[76.3532311,40.3636949],[76.3526791,40.3668096],[76.3559365,40.3715987],[76.3556267,40.3739774],[76.3652229,40.3841336],[76.3655823,40.3867011],[76.3801528,40.3887681],[76.3807547,40.3787997],[76.3839207,40.3756578],[76.3931878,40.3769796],[76.3975504,40.3790191],[76.4019368,40.3782829],[76.4077423,40.3823058],[76.4097717,40.3861169],[76.4221347,40.3854496],[76.4317793,40.3884998],[76.4398081,40.3890614],[76.4473711,40.3939114],[76.4440308,40.3972542],[76.4441141,40.4010948],[76.4527152,40.4030823],[76.4543455,40.4110596],[76.456503,40.4133091],[76.4629425,40.4161839],[76.4689008,40.4137534],[76.4717116,40.4147842],[76.4781695,40.4199506],[76.4809244,40.4269924],[76.4872776,40.4280308],[76.4916116,40.4262691],[76.4974078,40.428306],[76.5049275,40.4267922],[76.5036892,40.4319275],[76.5060456,40.4450563],[76.5174842,40.4518109],[76.5243815,40.4585454],[76.5301363,40.4618847],[76.5353555,40.4627264],[76.5378048,40.4650466],[76.5354565,40.467607],[76.5356448,40.4725384],[76.5385674,40.474224],[76.5352309,40.4878767],[76.5403081,40.4905872],[76.5400867,40.5042065],[76.5319834,40.5088141],[76.5339409,40.5132675],[76.5449398,40.5224649],[76.5482805,40.5300357],[76.551213,40.5323898],[76.5497293,40.5393056],[76.5567799,40.5523572],[76.567828,40.5590635],[76.5740371,40.5675396],[76.5776674,40.5684889],[76.5788752,40.5704671],[76.5845144,40.5715742],[76.5879404,40.5760723],[76.5925728,40.5763334],[76.5962495,40.5784613],[76.5984782,40.5867855],[76.6056468,40.590768],[76.6041944,40.6036695],[76.6080089,40.6053836],[76.611545,40.6107041],[76.6221718,40.6119453],[76.6277112,40.6146193],[76.6372674,40.613068],[76.6466822,40.6201463],[76.6542303,40.6218004],[76.651797,40.6326335],[76.6532283,40.6349869],[76.6475858,40.6484319],[76.6487794,40.6560784],[76.6556445,40.6596813],[76.6582446,40.6634869],[76.6545135,40.6800381],[76.6581766,40.681492],[76.662592,40.6863341],[76.6682828,40.6880393],[76.672852,40.6946498],[76.6718485,40.696652],[76.6694169,40.697075],[76.6687486,40.7018361],[76.6647458,40.7086752],[76.6560954,40.7155751],[76.6527642,40.7150813],[76.6492501,40.7179067],[76.6495214,40.7201578],[76.6458577,40.7256513],[76.6474526,40.7352328],[76.6432538,40.7386112],[76.6432852,40.7425349],[76.639573,40.7496339],[76.644356,40.7556935],[76.6441412,40.757889],[76.6400132,40.7618267],[76.6438577,40.7648195],[76.6503876,40.7667999],[76.6520127,40.7689374],[76.6682499,40.7741538],[76.6680501,40.7826597],[76.6731346,40.7824913],[76.6779882,40.7790589],[76.6854362,40.7767462],[76.6922438,40.7818744],[76.6957105,40.7827573],[76.6961662,40.7849164],[76.7023385,40.78767],[76.7013109,40.7904508],[76.7044636,40.792841],[76.7040631,40.796311],[76.7072853,40.7981827],[76.7067868,40.8013048],[76.7110966,40.8048427],[76.7091749,40.8083482],[76.7137249,40.8096683],[76.7105962,40.8135182],[76.7191925,40.8145615],[76.728384,40.8179895],[76.7206144,40.8202767],[76.7210586,40.8239659],[76.717387,40.8313192],[76.7187295,40.8422958],[76.7318877,40.8442777],[76.7312398,40.8480566],[76.7287458,40.848716],[76.7242846,40.8539611],[76.7266772,40.8554709],[76.7291996,40.8634238],[76.7394408,40.8757491],[76.7395685,40.8840061],[76.7386406,40.8930013],[76.7321011,40.8964658],[76.7300579,40.9010339],[76.7350099,40.9073846],[76.7371599,40.9160835],[76.7393097,40.9187068],[76.7434077,40.9200875],[76.748232,40.9288231],[76.7512962,40.9294883],[76.7536389,40.9328669],[76.7530755,40.9392473],[76.7503846,40.9415902],[76.7530897,40.9470386],[76.7533879,40.9532527],[76.7559602,40.9540733],[76.7625914,40.9529075],[76.7783531,40.9607881],[76.7864422,40.9612137],[76.7915273,40.9599937],[76.7957509,40.9645707],[76.7958777,40.9685768],[76.8060579,40.9715047],[76.8073621,40.97433],[76.8149636,40.9752786],[76.8161796,40.9768282],[76.8223763,40.9756581],[76.8370681,40.9767651],[76.8452009,40.9733637],[76.8530125,40.9766964],[76.8505319,40.9793773],[76.8512751,40.9890776],[76.8475984,40.996403],[76.8491448,40.999855],[76.8536221,41.0013359],[76.8618605,41.0120804],[76.8666569,41.0152372],[76.8659016,41.0216751],[76.8688413,41.0245386],[76.8726699,41.0246918],[76.8787541,41.0276701],[76.8833397,41.0271726],[76.8880943,41.0245243],[76.8931427,41.0173747],[76.9029992,41.017296],[76.9074437,41.0199968],[76.9128652,41.0204019],[76.9182557,41.0239192],[76.9269405,41.0248492],[76.9271813,41.0264241],[76.9331547,41.0301756],[76.9384744,41.0300955],[76.9419346,41.031748],[76.9455844,41.0340011],[76.9455462,41.0375849],[76.9530183,41.040206],[76.9536309,41.0444766],[76.9596054,41.046288],[76.9598126,41.0521406],[76.963557,41.0584246],[76.9722924,41.0605345],[76.981796,41.065983],[76.9894493,41.0684099],[76.991489,41.0718005],[76.995851,41.0718791],[77.0013644,41.0708322],[77.0055743,41.0665622],[77.012927,41.0649467],[77.0127806,41.0587769],[77.0168827,41.0576866],[77.0285201,41.0591805],[77.0325326,41.058092],[77.0403432,41.0628638],[77.0508689,41.0616094],[77.0543338,41.0624516],[77.0693404,41.0596032],[77.0853185,41.063045],[77.088627,41.0560677],[77.0980355,41.0541033],[77.1067588,41.0484252],[77.1018323,41.0440008],[77.0999286,41.0378465],[77.1152962,41.0298088],[77.1174674,41.0270833],[77.1237096,41.0279207],[77.1306574,41.0256722],[77.1389078,41.0262009],[77.1419711,41.0201431],[77.1485602,41.0198908],[77.1519514,41.017541],[77.1638703,41.0141701],[77.1669761,41.0106923],[77.1717841,41.0122077],[77.1835472,41.0101975],[77.1857705,41.0233162],[77.195636,41.0221663],[77.2069921,41.023075],[77.2143556,41.0262123],[77.2183185,41.0256023],[77.2211307,41.0282066],[77.2288796,41.0305977],[77.2360682,41.0272189],[77.2420878,41.0267239],[77.2450235,41.0245471],[77.2449561,41.0222072],[77.2396974,41.0175925],[77.2419882,41.0143869],[77.2554037,41.0153501],[77.2632569,41.0138981],[77.2639651,41.0128323],[77.2606228,41.0097534],[77.2617595,41.0045552],[77.269642,41.0041538],[77.2765608,41.0012922],[77.2919827,41.0043801],[77.2961467,41.0073936],[77.309014,41.0091111],[77.3116013,41.0118161],[77.3107485,41.0180587],[77.317489,41.0190511],[77.328338,41.0269976],[77.3389165,41.0283781],[77.3409625,41.0309731],[77.3518123,41.0345974],[77.3551682,41.0406907],[77.3623463,41.0379068],[77.3705686,41.040258],[77.3745322,41.0397886],[77.3756753,41.0325556],[77.3804792,41.0282478],[77.3823572,41.0306573],[77.3905204,41.0310835],[77.3982438,41.0341785],[77.3996092,41.0380373],[77.408583,41.0386556],[77.4092654,41.0365492],[77.4140904,41.03391],[77.411508,41.0301589],[77.413345,41.0266823],[77.4181513,41.0263332],[77.4208237,41.0276876],[77.4262804,41.0250322],[77.4276799,41.0208596],[77.4436951,41.0193392],[77.4470132,41.0224599],[77.4602279,41.0198961],[77.469752,41.0214305],[77.4736125,41.0175458],[77.4656396,41.009839],[77.4654663,41.0015264],[77.4672652,40.9984599],[77.4776797,40.9957743],[77.4844696,40.9977229],[77.4932575,40.9960629],[77.5022425,40.9984886],[77.508511,40.9983554],[77.5114585,40.9969243],[77.5177122,41.0004884],[77.5248605,41.0020823],[77.5281752,41.0001319],[77.5342746,41.0010889],[77.5404395,40.9995583],[77.5510061,41.0045796],[77.5570111,41.0026648],[77.5654363,40.9957265],[77.5719384,40.9961615],[77.5832538,40.9933867],[77.5838713,41.0021368],[77.5865258,41.0040853],[77.595952,41.0019885],[77.6038399,41.0081713],[77.6107573,41.0093615],[77.6157324,41.0066283],[77.6172391,41.0038364],[77.6249084,41.0024205],[77.6317402,41.0052907],[77.6339858,41.0086272],[77.6362479,41.0079466],[77.6450006,41.0112388],[77.6469074,41.0144993],[77.6533265,41.0061248],[77.6608455,41.0023582],[77.6704212,41.0041837],[77.6732372,41.0031001],[77.6782335,41.0041962],[77.6869413,41.0032863],[77.6928006,41.0066138],[77.7011892,41.0060605],[77.7016713,41.0099727],[77.7082111,41.01449],[77.7130612,41.0139703],[77.7202295,41.0193003],[77.729044,41.0214314],[77.7312127,41.0300571],[77.7380837,41.025702],[77.747266,41.023827],[77.7543742,41.0179102],[77.7651781,41.0147841],[77.768807,41.0166796],[77.7687317,41.0203074],[77.7729671,41.0219482],[77.7788869,41.0217814],[77.780221,41.0252235],[77.7786739,41.0294326],[77.7827237,41.0319454],[77.7867448,41.0402444],[77.7908322,41.0421838],[77.7958006,41.0486626],[77.802221,41.0474981],[77.808865,41.0428455],[77.8124835,41.0431293],[77.8172454,41.0465321],[77.8202179,41.0509125],[77.819786,41.0533606],[77.8244496,41.0584743],[77.8177794,41.0656154],[77.8118895,41.0691709],[77.8049654,41.0800879],[77.8009459,41.090441],[77.802175,41.1102027],[77.805803,41.1256175],[77.814213,41.1367081],[77.8315392,41.1502823],[77.8405638,41.1549215],[77.8738445,41.1640182],[77.8812137,41.1686863],[77.8860289,41.1757797],[77.9116573,41.1854085],[77.9170596,41.1853717],[77.9236833,41.1879867],[77.930124,41.1860336],[77.9588819,41.1900542],[77.9631682,41.1890706],[77.9674284,41.1840768],[77.9727165,41.1812796],[77.9810297,41.1829139],[77.9828082,41.1857742],[77.9889306,41.1868251],[77.9981358,41.1923524],[78.0051936,41.1929258],[78.0081592,41.1904536],[78.0191133,41.1919823],[78.0256956,41.1960147],[78.0275493,41.2011794],[78.0296526,41.2022295],[78.0343524,41.2007517],[78.0382896,41.2013505],[78.0542162,41.2100474],[78.0634315,41.2119021],[78.0819349,41.2189827],[78.0889783,41.2240527],[78.0986369,41.225127],[78.1051174,41.2228422],[78.1128861,41.2269289],[78.1226319,41.2270764],[78.1306132,41.2389071],[78.1300038,41.2435408],[78.1336456,41.245688],[78.1335284,41.2498531],[78.1310829,41.2516087],[78.1321614,41.261528],[78.1306536,41.264014],[78.1334531,41.2705687],[78.1324179,41.2837902],[78.1336869,41.2858713],[78.1391689,41.2876909],[78.1394264,41.2893751],[78.1371885,41.3123435],[78.146899,41.3211593],[78.1483406,41.3298336],[78.1574711,41.3402657],[78.1555577,41.3501269],[78.145762,41.3666814],[78.1545456,41.3747061],[78.1563984,41.3818774],[78.1703289,41.3870877],[78.1749408,41.3875135],[78.1865227,41.3932146],[78.2175421,41.3962027],[78.2273744,41.4008346],[78.238839,41.4004362],[78.2449202,41.3943771],[78.2564463,41.3916997],[78.2630331,41.3928447],[78.2780217,41.3884405],[78.284522,41.3914046],[78.289152,41.3918311],[78.3007256,41.3867022],[78.3085535,41.3897707],[78.3138779,41.3865218],[78.3162735,41.382829],[78.3208816,41.3808855],[78.3360947,41.3949612],[78.3426451,41.3949842],[78.3526486,41.3911842],[78.3552868,41.3910393],[78.3608064,41.3937787],[78.3683184,41.3914381],[78.3818674,41.3915945],[78.3911099,41.3999457],[78.391451,41.403896],[78.3891798,41.4081089],[78.3942169,41.4124187],[78.4018105,41.4135045],[78.4049995,41.4093911],[78.4078315,41.4092483],[78.4235989,41.4159068],[78.4290249,41.4127633],[78.4383045,41.4172627],[78.4438983,41.4160388],[78.4462658,41.4134697],[78.4498228,41.4132132],[78.4802782,41.4269557],[78.5066423,41.4324725],[78.5072398,41.4343358],[78.5052771,41.4355362],[78.5132843,41.4397687],[78.5293457,41.4401299],[78.5325981,41.4429272],[78.531274,41.4457224],[78.5331451,41.4534704],[78.5363085,41.4545098],[78.5389708,41.459884],[78.5442137,41.4630182],[78.5457726,41.4659911],[78.5535193,41.4697643],[78.5533896,41.4723732],[78.5562874,41.4760269],[78.5626365,41.4770847],[78.5633073,41.4787649],[78.5674352,41.480363],[78.5737514,41.4815319],[78.5797039,41.4806015],[78.5819241,41.4717255],[78.5847439,41.4689963],[78.5926287,41.4694743],[78.5993321,41.467748],[78.6070753,41.4695138],[78.6097069,41.4724342],[78.6173427,41.4740064],[78.6199853,41.4767988],[78.6279401,41.4744791],[78.6314443,41.4714098],[78.6405048,41.4708111],[78.6450769,41.4685484],[78.6499239,41.4732784],[78.6488259,41.4787099],[78.6551858,41.4821122],[78.6584712,41.4924536],[78.6627655,41.4992049],[78.6790592,41.5094944],[78.6921574,41.5105238],[78.6944076,41.5157575],[78.7034748,41.521141],[78.7022107,41.5232244],[78.6942926,41.5246641],[78.6896203,41.5302044],[78.6962238,41.5392624],[78.6996845,41.5399141],[78.7016835,41.5455888],[78.7129723,41.552982],[78.7179007,41.5514413],[78.7245817,41.5549657],[78.7299053,41.5550215],[78.7380054,41.551112],[78.7462031,41.5533259],[78.7494646,41.5567039],[78.7743707,41.558173],[78.7774072,41.561179],[78.7871554,41.5614808],[78.7913314,41.5638775],[78.7980096,41.5586996],[78.8029727,41.5600263],[78.815072,41.5586411],[78.8166685,41.5616452],[78.8223832,41.5653563],[78.823936,41.5715572],[78.8359272,41.5719909],[78.8409913,41.5778664],[78.8518321,41.579568],[78.8517148,41.5894277],[78.856137,41.5949193],[78.8634352,41.5971896],[78.8748661,41.5923011],[78.8774149,41.5948895],[78.8846658,41.5956996],[78.8870186,41.5999054],[78.8847008,41.6043118],[78.8907084,41.6102181],[78.8915743,41.6093306],[78.8976265,41.6123074],[78.9063483,41.612874],[78.9141202,41.6213564],[78.9219764,41.6232225],[78.9184708,41.6289437],[78.9201371,41.6319345],[78.9293757,41.6330773],[78.9307734,41.6362666],[78.9281735,41.6416665],[78.9361627,41.6398917],[78.9414463,41.6450033],[78.9507915,41.6450947],[78.953494,41.6494133],[78.9597633,41.6509005],[78.9631372,41.6499272],[78.9685951,41.6545999],[78.9770435,41.6555459],[78.9901704,41.6639995],[78.9977624,41.6604192],[78.9971177,41.6575714],[78.9987987,41.6568846],[79.0089048,41.6588852],[79.0175479,41.6569013],[79.0218909,41.6592444],[79.0204563,41.6679708],[79.0249457,41.6670296],[79.0296514,41.6704067],[79.0269545,41.6753764],[79.0293174,41.6793356],[79.0442407,41.6796847],[79.0475698,41.6843159],[79.0548726,41.684113],[79.0584317,41.6890375],[79.0675264,41.6882609],[79.0725256,41.6902558],[79.077967,41.6903488],[79.0828369,41.6889601],[79.0880648,41.695015],[79.0932853,41.6970548],[79.0950124,41.6996408],[79.1113169,41.7025461],[79.1176147,41.7101279],[79.1183104,41.7145194],[79.1229879,41.7174441],[79.1246155,41.7228299],[79.1329948,41.7234043],[79.1424596,41.7208776],[79.1483781,41.7235015],[79.1623559,41.7256367],[79.163151,41.7287691],[79.1666067,41.7291393],[79.1816316,41.7274019],[79.1863421,41.7237359],[79.2167217,41.7261461],[79.2193476,41.7315866],[79.224307,41.7321447],[79.2295598,41.7357965],[79.2285455,41.7414805],[79.2326437,41.7436585],[79.2487222,41.7452332],[79.2515053,41.7484009],[79.248267,41.7572963],[79.2711926,41.7638948],[79.2739443,41.7663201],[79.2741606,41.7689892],[79.270975,41.7739574],[79.2722441,41.7748775],[79.2747454,41.7732188],[79.2778945,41.773909],[79.2838476,41.7777494],[79.2934187,41.7903577],[79.3086958,41.7952922],[79.311699,41.8009698],[79.3180247,41.8035279],[79.3227743,41.8107657],[79.3341603,41.8062405],[79.3382792,41.8015855],[79.3429801,41.7991656],[79.3461644,41.7938424],[79.352228,41.7934316],[79.356615,41.8002404],[79.3611452,41.8016797],[79.3677263,41.808183],[79.3845218,41.8154114],[79.3917728,41.8244548],[79.3909533,41.8281952],[79.3969201,41.8300937],[79.4094256,41.8408038],[79.4454662,41.8440575],[79.4476043,41.846348],[79.4575921,41.8482796],[79.4588069,41.8507297],[79.463611,41.8533249],[79.4874906,41.8438233],[79.4827495,41.8394327],[79.4850345,41.8372556],[79.541542,41.8383956],[79.5466084,41.8388955],[79.5547893,41.84267],[79.5658541,41.842601],[79.5711668,41.8464073],[79.5998655,41.8554735],[79.6046192,41.8558458],[79.6141385,41.8605843],[79.6206828,41.870221],[79.6200575,41.8738567],[79.6172493,41.8758101],[79.6186325,41.8778089],[79.6322527,41.8876003],[79.6334291,41.89119],[79.6377583,41.8935242],[79.6648132,41.894711],[79.6923565,41.8986614],[79.7034567,41.894946],[79.7177881,41.8992555],[79.7206456,41.9018293],[79.7311067,41.9000976],[79.7400104,41.9024644],[79.7461169,41.9009019],[79.7520299,41.9019341],[79.7652492,41.8931398],[79.768728,41.8917558],[79.772259,41.8930161],[79.7760757,41.8986958],[79.7835812,41.9015598],[79.7890658,41.9118466],[79.7958652,41.9133719],[79.7970258,41.915351],[79.7957757,41.9167146],[79.8025667,41.9203046],[79.8024949,41.9243367],[79.8070835,41.9307215],[79.8023353,41.9370264],[79.8060282,41.9415569],[79.8131589,41.9453316],[79.8132232,41.9488203],[79.8182732,41.9503741],[79.8157402,41.9572838],[79.8168847,41.9651363],[79.8205816,41.9672364],[79.8247091,41.9660117],[79.830063,41.9684121],[79.8359016,41.9778704],[79.8408634,41.9801879],[79.8472491,41.9796962],[79.8522072,41.9856638],[79.8451967,42.0007939],[79.847795,42.0033319],[79.8460431,42.0141235],[79.8544933,42.0218932],[79.8758884,42.0287905],[79.8800132,42.0343954],[79.8971363,42.0341778],[79.9021607,42.0372497],[79.9011631,42.0384497],[79.9119314,42.0422135],[79.9204238,42.0422152],[79.9314236,42.0389518],[79.9349645,42.0414173],[79.9535743,42.0452632],[79.9610864,42.0442485],[79.9685739,42.0408966],[79.9788947,42.0456492],[79.9894705,42.0446104],[79.9955154,42.0413461],[80.0168523,42.041776],[80.0245243,42.0486422],[80.0385472,42.0470649],[80.0425359,42.0494071],[80.0513934,42.04582],[80.066265,42.0438577],[80.0756233,42.0461552],[80.0943154,42.0394695],[80.1019722,42.0397699],[80.1300061,42.0346306],[80.1388377,42.0303481],[80.1468036,42.0336223],[80.1481585,42.0356006],[80.1552936,42.0349007],[80.1613923,42.0369222],[80.1655501,42.0360356],[80.1745876,42.0386054],[80.1986907,42.036932],[80.2098891,42.0426668],[80.214988,42.0516534],[80.2252372,42.0597068],[80.2295793,42.0605842],[80.2248856,42.0673349],[80.2120331,42.071009],[80.1985336,42.0810774],[80.1872335,42.0860812],[80.1751336,42.0957268],[80.1686327,42.0978605],[80.1587308,42.1118852],[80.1493191,42.1189899],[80.1517227,42.1243734],[80.1518526,42.1331327],[80.1482349,42.1390771],[80.138263,42.1480933],[80.1400819,42.153318],[80.1359298,42.1570583],[80.1312877,42.1683376],[80.1639878,42.1708174],[80.1644814,42.2058604],[80.1744037,42.2108441],[80.1180373,42.2762591],[80.140738,42.284972],[80.141913,42.285812],[80.139202,42.290394],[80.125784,42.303411],[80.114323,42.308701],[80.106256,42.315685],[80.091146,42.317186],[80.082613,42.321523],[80.079687,42.325441],[80.084918,42.333327],[80.081662,42.339383],[80.064103,42.341299],[80.051862,42.340972],[80.043103,42.343915],[80.035499,42.342613],[80.028173,42.343685],[80.018877,42.348167],[80.013371,42.354542],[80.013026,42.359782],[80.002017,42.363373],[80.000317,42.37815],[79.98213,42.377598],[79.975056,42.393025],[79.970345,42.397387],[79.968244,42.402054],[79.971259,42.408927],[79.964233,42.421429],[79.964379,42.425733],[79.967776,42.432224],[79.966911,42.434587],[79.964108,42.436598],[79.960198,42.433687],[79.951532,42.433262],[79.946655,42.434202],[79.942612,42.438571],[79.934341,42.436991],[79.929321,42.437542],[79.924952,42.435232],[79.918979,42.442723],[79.912465,42.43923],[79.906916,42.440051],[79.899118,42.437204],[79.893891,42.440731],[79.890997,42.439595],[79.877297,42.440376],[79.872796,42.43729],[79.868541,42.436909],[79.855805,42.445698],[79.842701,42.442786],[79.82575,42.441591],[79.806773,42.448037],[79.787963,42.446318],[79.780629,42.453675],[79.771306,42.455987],[79.760987,42.452328],[79.749387,42.452623],[79.748169,42.463964],[79.732842,42.466115],[79.723057,42.470195],[79.719464,42.470601],[79.711638,42.468288],[79.706647,42.46922],[79.698128,42.47392],[79.695511,42.479622],[79.685056,42.477708],[79.673322,42.480098],[79.663665,42.479091],[79.655216,42.475604],[79.644103,42.467956],[79.641975,42.464967],[79.642694,42.456039],[79.637153,42.453974],[79.630754,42.454191],[79.61439,42.458479],[79.608129,42.454724],[79.597786,42.454297],[79.585794,42.4572],[79.581865,42.459622],[79.571957,42.459715],[79.569843,42.458288],[79.560981,42.457401],[79.554959,42.461782],[79.548797,42.458085],[79.540299,42.459345],[79.536804,42.461374],[79.526432,42.457296],[79.517577,42.457382],[79.504877,42.459887],[79.501303,42.463673],[79.500829,42.473055],[79.492981,42.48128],[79.491167,42.486365],[79.488108,42.488456],[79.480396,42.490035],[79.477342,42.493233],[79.451583,42.500685],[79.451724,42.508274],[79.449603,42.51155],[79.44204,42.514813],[79.435546,42.514605],[79.430007,42.516522],[79.428843,42.521342],[79.425845,42.524036],[79.422877,42.538178],[79.419614,42.540871],[79.409414,42.543739],[79.399106,42.550272],[79.395383,42.556436],[79.385254,42.561683],[79.381454,42.565788],[79.377506,42.580054],[79.369036,42.586075],[79.362872,42.588436],[79.356944,42.595042],[79.3421959,42.6040631],[79.318969,42.6021593],[79.3163896,42.6069032],[79.3132978,42.6070221],[79.3045049,42.6124537],[79.2985213,42.6201358],[79.2893601,42.621026],[79.2851251,42.623133],[79.2711162,42.6216687],[79.2689491,42.623073],[79.269139,42.6251249],[79.2603156,42.6255852],[79.2508417,42.6360305],[79.243612,42.635803],[79.2405746,42.6403399],[79.235216,42.6442372],[79.2330273,42.6442312],[79.2283105,42.6501199],[79.21659,42.6560987],[79.2050443,42.6681286],[79.1990731,42.6788732],[79.1909196,42.6873299],[79.1879674,42.6879515],[79.1820147,42.6975423],[79.1821307,42.7064387],[79.178092,42.716489],[79.173495,42.719025],[79.1701835,42.7324466],[79.1724771,42.7379099],[79.170058,42.743431],[79.1700054,42.7550192],[79.1720666,42.7550497],[79.173998,42.7577788],[79.177713,42.768727],[79.1812683,42.770531],[79.182778,42.77516],[79.191954,42.78619],[79.1993719,42.8042231],[79.15205,42.794424],[79.1069376,42.7810668],[79.0567431,42.775477],[79.0441527,42.7627762],[79.033891,42.7600254],[79.029209,42.762601],[79.022988,42.777168],[78.98653,42.776015],[78.978602,42.77822],[78.976402,42.780495],[78.967239,42.781852],[78.948641,42.77637],[78.930488,42.774268],[78.90433,42.788304],[78.889953,42.789104],[78.886691,42.793391],[78.880256,42.795982],[78.869329,42.796338],[78.865709,42.800704],[78.851893,42.794918],[78.837592,42.799479],[78.829388,42.804795],[78.817043,42.807109],[78.804613,42.80721],[78.799584,42.809475],[78.794128,42.804258],[78.786554,42.800598],[78.776742,42.8141],[78.774359,42.815069],[78.753367,42.818914],[78.739003,42.819507],[78.733626,42.814967],[78.726216,42.822583],[78.709549,42.826114],[78.704523,42.824728],[78.703469,42.820784],[78.694393,42.814727],[78.685221,42.817146],[78.680904,42.814775],[78.664153,42.814881],[78.661855,42.818952],[78.65471,42.820847],[78.652234,42.824983],[78.646585,42.828325],[78.647108,42.831809],[78.643665,42.836074],[78.641886,42.842362],[78.625116,42.846411],[78.623164,42.850687],[78.613007,42.854749],[78.604456,42.853042],[78.595652,42.847443],[78.588772,42.84749],[78.581965,42.851818],[78.581237,42.858106],[78.575398,42.86276],[78.542553,42.868827],[78.542177,42.874274],[78.536943,42.881003],[78.530583,42.88228],[78.529779,42.884612],[78.521198,42.88893],[78.513257,42.888451],[78.506979,42.89083],[78.499522,42.899624],[78.491834,42.900669],[78.485462,42.894623],[78.480956,42.892931],[78.464812,42.896432],[78.459322,42.889151],[78.454815,42.886548],[78.451021,42.886611],[78.448201,42.888623],[78.44264,42.888099],[78.440777,42.883419],[78.430884,42.878797],[78.418177,42.87846],[78.414738,42.879887],[78.40891,42.877086],[78.39012,42.881029],[78.378657,42.889137],[78.370535,42.886981],[78.366466,42.875604],[78.369552,42.872489],[78.362314,42.86806],[78.362398,42.863316],[78.348808,42.854848],[78.34184,42.854772],[78.334432,42.856774],[78.330021,42.855856],[78.326405,42.85741],[78.306999,42.857244],[78.297649,42.861254],[78.284768,42.864281],[78.272772,42.863475],[78.270919,42.864315],[78.271622,42.867826],[78.269768,42.869836],[78.26315,42.870796],[78.257325,42.873511],[78.246834,42.871981],[78.239109,42.878713],[78.233262,42.87486],[78.223039,42.877018],[78.220102,42.872381],[78.216569,42.871811],[78.215498,42.86962],[78.209597,42.871443],[78.197829,42.881989],[78.182619,42.878192],[78.176982,42.873886],[78.179925,42.865907],[78.173125,42.863153],[78.171543,42.860289],[78.164722,42.859686],[78.159545,42.861486],[78.152668,42.860034],[78.149588,42.857619],[78.142092,42.857074],[78.136176,42.859588],[78.123738,42.85987],[78.116667,42.864588],[78.10784,42.863351],[78.106539,42.859937],[78.098996,42.857045],[78.091759,42.849356],[78.085394,42.851391],[78.079325,42.849243],[78.067932,42.851612],[78.054338,42.847632],[78.052755,42.849118],[78.052662,42.847441],[78.052582,42.850214],[78.044716,42.858457],[78.038497,42.860166],[78.034984,42.865238],[78.024395,42.86444],[78.002178,42.870654],[78.001545,42.862721],[77.999513,42.861303],[77.990152,42.860227],[77.983442,42.855413],[77.968122,42.85082],[77.965066,42.853804],[77.952413,42.854874],[77.947683,42.859021],[77.943135,42.859996],[77.942197,42.874247],[77.934015,42.881626],[77.924855,42.87456],[77.916519,42.874529],[77.911121,42.870732],[77.903279,42.874114],[77.899448,42.878501],[77.884998,42.880561],[77.882614,42.883663],[77.874867,42.885766],[77.874056,42.888611],[77.849982,42.886893],[77.840742,42.881879],[77.834945,42.882363],[77.830071,42.884694],[77.82376,42.884439],[77.816694,42.887276],[77.813604,42.893097],[77.815724,42.896256],[77.811586,42.899036],[77.810664,42.902335],[77.79791,42.905693],[77.792222,42.911198],[77.780651,42.914754],[77.770596,42.912579],[77.762298,42.905743],[77.745986,42.909344],[77.743247,42.907318],[77.736137,42.907015],[77.73023,42.904507],[77.719427,42.909997],[77.710741,42.904577],[77.707401,42.904315],[77.704142,42.906262],[77.696993,42.903906],[77.687851,42.912237],[77.670445,42.917955],[77.666172,42.913366],[77.661844,42.914141],[77.656625,42.911315],[77.646157,42.916485],[77.640243,42.917253],[77.635835,42.915786],[77.623355,42.919621],[77.613177,42.914125],[77.607566,42.913883],[77.601984,42.917363],[77.596207,42.91548],[77.581041,42.915514],[77.576036,42.924264],[77.567551,42.924481],[77.55939,42.92899],[77.568832,42.935781],[77.564497,42.937214],[77.55584,42.937272],[77.552523,42.941107],[77.549915,42.939487],[77.526529,42.936292],[77.52479,42.932593],[77.519922,42.929037],[77.516316,42.930314],[77.508648,42.929836],[77.505105,42.92717],[77.501248,42.927183],[77.497353,42.925014],[77.485265,42.924637],[77.481122,42.925704],[77.476347,42.938194],[77.47156,42.939266],[77.455105,42.928596],[77.449804,42.929702],[77.437714,42.925461],[77.422409,42.928488],[77.417552,42.927173],[77.405335,42.922835],[77.402806,42.918837],[77.3834118,42.9128419],[77.378587,42.909685],[77.368498,42.907493],[77.363178,42.902603],[77.350501,42.898513],[77.349533,42.900213],[77.332482,42.90851],[77.327138,42.909673],[77.32255,42.913592],[77.31448,42.911916],[77.308687,42.915497],[77.302013,42.916541],[77.296516,42.915131],[77.297315,42.908852],[77.295503,42.907513],[77.270284,42.913685],[77.265087,42.912209],[77.236072,42.911752],[77.224929,42.9141],[77.222955,42.915673],[77.222562,42.920053],[77.225597,42.924439],[77.223235,42.927745],[77.211537,42.927317],[77.194926,42.939424],[77.183774,42.943029],[77.179907,42.946993],[77.171682,42.944455],[77.159598,42.943044],[77.152598,42.947663],[77.151858,42.951633],[77.156519,42.955898],[77.15251,42.963644],[77.15674,42.969327],[77.1536,42.972661],[77.137044,42.973255],[77.12389,42.9696],[77.116022,42.975349],[77.1026176,42.974541],[77.100408,42.975971],[77.09612,42.975771],[77.093151,42.978317],[77.0843628,42.981017],[77.076731,42.976506],[77.063305,42.976815],[77.0607479,42.9652428],[77.054113,42.960459],[77.053316,42.95639],[77.041048,42.948157],[77.035094,42.947192],[77.033434,42.953712],[77.025462,42.953056],[77.021548,42.955533],[77.020239,42.960226],[77.013658,42.964176],[77.004469,42.98309],[77.000298,42.985093],[76.993083,42.985354],[76.984132,42.981521],[76.973359,42.986802],[76.958822,42.981319],[76.95726,42.978692],[76.945016,42.982407],[76.940979,42.981693],[76.935799,42.976693],[76.933574,42.970748],[76.917246,42.965857],[76.911576,42.971438],[76.907507,42.972382],[76.902605,42.970354],[76.89936,42.965505],[76.896004,42.970957],[76.882009,42.976389],[76.875289,42.971199],[76.872757,42.970889],[76.864407,42.973558],[76.859836,42.977037],[76.851351,42.978673],[76.84593,42.984124],[76.836789,42.983411],[76.833502,42.977904],[76.836594,42.969699],[76.834909,42.967039],[76.827813,42.962849],[76.822744,42.9550926],[76.811432,42.953309],[76.801757,42.946927],[76.798716,42.947585],[76.791238,42.953974],[76.7804506,42.9565043],[76.769748,42.951819],[76.7558759,42.9497741],[76.748745,42.942141],[76.75605,42.935478],[76.750975,42.930406],[76.749231,42.921514],[76.7318876,42.916003],[76.724,42.909022],[76.715432,42.908291],[76.7105478,42.9064144],[76.708886,42.904153],[76.687546,42.905715],[76.686469,42.907987],[76.676053,42.909618],[76.661705,42.907742],[76.653169,42.910605],[76.649862,42.91322],[76.642679,42.908415],[76.62902,42.90581],[76.617773,42.911727],[76.603487,42.916155],[76.594388,42.909008],[76.588947,42.908715],[76.584373,42.90612],[76.575247,42.906103],[76.570134,42.909439],[76.563411,42.908448],[76.553375,42.910448],[76.549522,42.909841],[76.54002,42.916448],[76.522591,42.922249],[76.517848,42.919682],[76.504227,42.918198],[76.503009,42.905918],[76.498165,42.903535],[76.493071,42.903438],[76.48643,42.888854],[76.47828,42.884302],[76.462778,42.886507],[76.450505,42.882968],[76.439325,42.886544],[76.432869,42.878233],[76.420625,42.873761],[76.405374,42.873295],[76.390493,42.875418],[76.38342,42.870752],[76.373736,42.868487],[76.371132,42.865927],[76.359879,42.867069],[76.3535,42.864774],[76.351691,42.862179],[76.343846,42.860756],[76.336913,42.862909],[76.329015,42.863217],[76.323731,42.871486],[76.311832,42.872001],[76.303927,42.874442],[76.302536,42.883888],[76.299817,42.888113],[76.301021,42.893261],[76.306357,42.895867],[76.308979,42.900799],[76.302069,42.910942],[76.292848,42.910587],[76.288546,42.911632],[76.28461,42.914686],[76.269293,42.916427],[76.264959,42.91915],[76.258598,42.918346],[76.252402,42.92015],[76.247024,42.918819],[76.238678,42.921265],[76.228831,42.920209],[76.219785,42.921523],[76.215106,42.919078],[76.200932,42.91645],[76.198352,42.91915],[76.196977,42.92849],[76.194148,42.931117],[76.185447,42.931735],[76.134371,42.924924],[76.130294,42.925723],[76.120994,42.922396],[76.113537,42.925053],[76.108713,42.923078],[76.098968,42.923689],[76.088178,42.918021],[76.082113,42.918927],[76.078085,42.921732],[76.072169,42.922089],[76.061779,42.916128],[76.051786,42.916406],[76.048555,42.915087],[76.044527,42.916286],[76.028275,42.911042],[76.020217,42.915152],[76.01693,42.921495],[76.006533,42.925856],[75.983142,42.929974],[75.965136,42.929947],[75.955987,42.933764],[75.9491757,42.9330008],[75.9483723,42.9350685],[75.9518514,42.9396728],[75.9508745,42.9442068],[75.9431079,42.9491449],[75.937224,42.955718],[75.925388,42.955506],[75.920747,42.953777],[75.915907,42.949149],[75.907037,42.949495],[75.894537,42.944282],[75.878766,42.944987],[75.848007,42.942314],[75.835467,42.936756],[75.828911,42.940107],[75.8235176,42.9402527],[75.817675,42.931024],[75.8011943,42.9177508],[75.7863114,42.8991614],[75.7724305,42.8541397],[75.7614334,42.8334914],[75.7168122,42.7973436],[75.711571,42.7971894],[75.6895511,42.8032213],[75.6739733,42.8043335],[75.6359655,42.8155446],[75.5779801,42.8274676],[75.5703021,42.8304593],[75.5567825,42.8311462],[75.5523088,42.8298538],[75.5298418,42.8340293],[75.5180352,42.8344722],[75.5003005,42.8402937],[75.4840633,42.843361],[75.4681774,42.83624],[75.4551014,42.8360683],[75.4431963,42.8387794],[75.4398441,42.841129],[75.432733,42.8419152],[75.4253755,42.8416712],[75.4189792,42.8395656],[75.4086269,42.8437857],[75.3833784,42.8478477],[75.37353,42.8509625],[75.354791,42.8482338],[75.3469564,42.8497397],[75.33643,42.8554505],[75.3066937,42.8564071],[75.2973913,42.8611858],[75.2857969,42.8585137],[75.2618219,42.8606601],[75.2436593,42.8552952],[75.2312996,42.853552],[75.2235339,42.8551733],[75.2172547,42.8592839],[75.1971818,42.8651783],[75.1973479,42.8716375],[75.190927,42.8750516],[75.1754108,42.8757921],[75.16593,42.8798372],[75.1521946,42.8808768],[75.1368603,42.8853543],[75.1285981,42.8913066],[75.121678,42.8927529],[75.1175474,42.8962506],[75.1069264,42.9002728],[75.0976611,42.9075659],[75.0822968,42.9143998],[75.0730509,42.912979],[75.0666029,42.9144798],[75.0631267,42.9189269],[75.0515181,42.9228553],[75.0374633,42.9205926],[75.0309724,42.9224232],[75.0215096,42.9293993],[75.0079912,42.9325022],[74.9958891,42.9418335],[74.9857182,42.9430822],[74.9804825,42.9459096],[74.975376,42.9446114],[74.9714719,42.9460471],[74.9672128,42.9509285],[74.9561169,42.9549617],[74.9532215,42.9539364],[74.9477483,42.9584069],[74.9407806,42.9618656],[74.9387819,42.9614144],[74.937493,42.9636426],[74.9303385,42.9642988],[74.9277047,42.9621526],[74.9230533,42.9626721],[74.927219,42.9655701],[74.9229226,42.9691513],[74.9164406,42.9716116],[74.9057557,42.9717483],[74.9044096,42.9746686],[74.9002628,42.9773694],[74.8965388,42.9776787],[74.8963705,42.9804291],[74.8911749,42.9833082],[74.8787669,42.983926],[74.8726729,42.9881405],[74.8731343,42.9933593],[74.8639001,42.9966513],[74.8577348,42.9966254],[74.8533039,42.9998518],[74.8490638,42.9989344],[74.8474782,43.0010828],[74.8322904,43.0039191],[74.8266702,42.999871],[74.8136318,43.001776],[74.8089175,43.0003369],[74.807785,42.996682],[74.8015135,43.0003887],[74.7978894,42.998494],[74.7942653,43.0011445],[74.7848085,43.0016725],[74.7781549,42.9985354],[74.7775461,42.9952324],[74.7736955,42.9928923],[74.7620727,42.9943108],[74.7499278,42.9897261],[74.7382148,42.9967149],[74.7382791,43.000705],[74.7338696,43.0009443],[74.727663,43.0043064],[74.7180028,43.0157265],[74.7093922,43.0201138],[74.6966934,43.0364445],[74.6718128,43.041484],[74.6636168,43.0524114],[74.6439118,43.0597658],[74.6397356,43.0639135],[74.6348232,43.0794775],[74.6226922,43.0817955],[74.6153644,43.0851336],[74.603391,43.1015315],[74.5986382,43.1022914],[74.601138,43.1084247],[74.5929304,43.1127247],[74.589229,43.1171341],[74.586933,43.1160611],[74.5814935,43.1239315],[74.5841864,43.1279955],[74.5774809,43.1328657],[74.5740584,43.1314955],[74.5705286,43.1328344],[74.565411,43.1302506],[74.5634369,43.1392778],[74.5538882,43.137258],[74.5508734,43.1384558],[74.5489529,43.1420178],[74.5461956,43.140092],[74.5393399,43.1406009],[74.5369044,43.1364203],[74.5315186,43.1418926],[74.5232037,43.1432312],[74.5206181,43.1453135],[74.5142451,43.1438027],[74.5097605,43.1452744],[74.5071963,43.1488282],[74.5049969,43.1482646],[74.500244,43.1517165],[74.4974867,43.1519043],[74.4988922,43.1538219],[74.4961992,43.157344],[74.4903198,43.1558334],[74.4800309,43.1570074],[74.4752351,43.1528358],[74.4592927,43.1595451],[74.4539498,43.1574163],[74.4451736,43.1615172],[74.4301961,43.1652423],[74.4244455,43.1739905],[74.4201968,43.1728012],[74.4183729,43.1705633],[74.4146608,43.1706103],[74.4142101,43.1764316],[74.4067858,43.1754458],[74.4061206,43.1784971],[74.4034599,43.1784032],[74.3998979,43.1824714],[74.3996189,43.1839578],[74.4047902,43.1860857],[74.4037173,43.1896997],[74.3971942,43.1918273],[74.3916796,43.1892929],[74.3909286,43.1940331],[74.386916,43.1947996],[74.3845771,43.1973651],[74.3777536,43.1977248],[74.3740628,43.1962544],[74.3727325,43.2006968],[74.3592785,43.1975215],[74.3533347,43.1986477],[74.3525408,43.2020889],[74.348657,43.2049825],[74.3420051,43.2049669],[74.3404816,43.2115044],[74.3308471,43.2130995],[74.3343876,43.2169934],[74.3327139,43.2195423],[74.3273924,43.2166181],[74.3201183,43.2163523],[74.3185304,43.2141942],[74.3166207,43.214851],[74.318702,43.216321],[74.3176077,43.2189794],[74.3084266,43.2163244],[74.3032301,43.2213431],[74.2937897,43.2418678],[74.2828677,43.2465101],[74.2819665,43.249636],[74.2805384,43.2502576],[74.2745946,43.2454281],[74.2715691,43.2464597],[74.2615913,43.2434273],[74.2594884,43.2440057],[74.261205,43.2461939],[74.2562483,43.250367],[74.2533086,43.2500857],[74.2537592,43.252305],[74.2510985,43.2542273],[74.2430733,43.2526957],[74.2347906,43.2536334],[74.2335246,43.2520706],[74.2305205,43.2519456],[74.2247484,43.2564308],[74.2152736,43.2603156],[74.2160246,43.2622064],[74.2120335,43.2654097],[74.2042832,43.2667971],[74.1926925,43.255533],[74.2220379,43.2052475],[74.2108486,43.1958926],[74.1887689,43.1956747],[74.1873866,43.1970502],[74.1701262,43.1987932],[74.074877,43.1869858],[74.0635009,43.1813877],[74.0602319,43.1817282],[74.042598,43.1720428],[74.0191919,43.1899957],[74.0175855,43.1936184],[74.0136813,43.1941767],[73.9691322,43.2226545],[73.9532922,43.2082075],[73.9636957,43.1994667],[73.9573476,43.1803312],[73.9352731,43.148213],[73.9211423,43.1316558],[73.9120861,43.123905],[73.8996592,43.1187863],[73.8872374,43.1176872],[73.8744214,43.1187289],[73.8378589,43.1278612],[73.8295726,43.1262386],[73.8063578,43.1132924],[73.7659966,43.1065882],[73.7428255,43.0945155],[73.699734,43.075776],[73.6606564,43.0650291],[73.6405245,43.0515009],[73.6121473,43.0409084],[73.5593832,43.028858],[73.5470466,43.0169127],[73.5460916,43.0081582],[73.5515073,43.002947],[73.5575612,42.9999976],[73.5586927,42.9907321],[73.5573091,42.9822846],[73.5474371,42.9614046],[73.5340533,42.9460526],[73.5158652,42.9351289],[73.5126336,42.9259711],[73.5150164,42.907358],[73.5227483,42.8852315],[73.5214982,42.862396],[73.5097724,42.8426688],[73.5113329,42.8261331],[73.505575,42.7928192],[73.5099962,42.7817438],[73.5064606,42.7728017],[73.5010154,42.7655557],[73.4873672,42.7525558],[73.474961,42.7446165],[73.4712861,42.7374653],[73.4654599,42.7314296],[73.4656339,42.6942132],[73.4630811,42.6709841],[73.4438929,42.6426808],[73.4422803,42.6056837],[73.4329165,42.5488984],[73.4487326,42.5084851],[73.4792662,42.468656],[73.5079462,42.4580199],[73.5190024,42.444589],[73.515477,42.4348371],[73.4871648,42.4175902],[73.4720087,42.4181502],[73.4558313,42.4207402],[73.4385496,42.4259796],[73.4129783,42.4279483],[73.378509,42.4342919],[73.356887,42.4363186],[73.3292975,42.4445158],[73.3204408,42.4500236],[73.3147035,42.4579934],[73.3195744,42.5025455],[73.3097035,42.5179218],[73.2516639,42.5293864],[73.2235157,42.5286632],[73.1757069,42.5408998],[73.1554773,42.5476417],[73.1200892,42.5519331],[73.0829468,42.5458881],[73.0673587,42.5452307],[73.0428504,42.5497282],[73.0232345,42.548586],[72.9107899,42.5349882],[72.901115,42.5373152],[72.8897239,42.543952],[72.8795088,42.5524441],[72.8390883,42.5573465],[72.8230888,42.5629691],[72.8142389,42.5678214],[72.7973482,42.5805139],[72.790855,42.5881604],[72.7890932,42.5938446],[72.7728498,42.6134178],[72.7442786,42.6389054],[72.7319712,42.6443639],[72.7086716,42.6456949],[72.6672985,42.656922],[72.6262216,42.6754696],[72.6067418,42.6814386],[72.5880279,42.6839912],[72.5594703,42.6769305],[72.5495378,42.677163],[72.5398333,42.6792256],[72.5274211,42.6793942],[72.5220264,42.6822477],[72.4989387,42.6851377],[72.4156112,42.7101626],[72.404464,42.7165305],[72.4018316,42.7199013],[72.3800499,42.7278373],[72.3297038,42.742385],[72.300957,42.752885],[72.2840048,42.7568005],[72.2820197,42.7592688],[72.2614528,42.7608072],[72.2319631,42.7602762],[72.2255564,42.7578238],[72.2119295,42.7570125],[72.1911164,42.7505147],[72.182091,42.7509659],[72.1744536,42.7546536],[72.1660755,42.7544325],[72.1450573,42.7396819],[72.1283422,42.7385492],[72.1203697,42.7365025],[72.0886145,42.7443473],[72.05693,42.7688936],[72.0377283,42.7738598],[72.0209721,42.7733995],[71.9846791,42.7840658],[71.9540794,42.7987708],[71.9479531,42.8029485],[71.9389642,42.8141413],[71.9263469,42.8176717],[71.9047703,42.8198004],[71.8636388,42.8328097],[71.834573,42.829669],[71.8285674,42.831326],[71.8180014,42.8312416],[71.8064348,42.8265489],[71.7983848,42.8201286],[71.7910848,42.8171611],[71.7735673,42.8134348],[71.7605216,42.8075477],[71.7292404,42.7997326],[71.715324,42.7983925],[71.7053004,42.7941966],[71.6753845,42.7898434],[71.6649483,42.7821924],[71.6372158,42.7671364],[71.6274041,42.7647661],[71.6208652,42.7650191],[71.6011895,42.7719613],[71.583321,42.7713095],[71.5706103,42.7748604],[71.557168,42.7892919],[71.534108,42.8014978],[71.5250925,42.7994166],[71.508332,42.7919324],[71.5046462,42.7915975],[71.4991057,42.79536],[71.4692626,42.7877866],[71.4702608,42.7847302],[71.438214,42.7913347],[71.4286347,42.7952601],[71.4086575,42.7957652],[71.394898,42.797879],[71.3669858,42.7853485],[71.2771306,42.7803987],[71.2691126,42.7726223],[71.2703547,42.7554467],[71.2610786,42.743602],[71.2585077,42.7360376],[71.2445913,42.7131004],[71.2273634,42.6929027],[71.2070312,42.683483],[71.178175,42.6740989],[71.1787369,42.6709409],[71.176834,42.668197],[71.181777,42.663597],[71.180946,42.656917],[71.182785,42.648231],[71.181205,42.638553],[71.182601,42.637439],[71.177703,42.624729],[71.178901,42.620468],[71.18206,42.617549],[71.17974,42.610397],[71.169128,42.602058],[71.159889,42.589805],[71.1587296,42.5895188],[71.160316,42.593334],[71.156677,42.605194],[71.101333,42.599731],[71.052207,42.599552],[71.002555,42.587646],[71.0003748,42.5583251],[71.0439775,42.5340403],[71.0889746,42.4843773],[71.080863,42.475654],[71.075477,42.472625],[71.0116854,42.4905013],[70.9801217,42.4975601],[70.978942,42.487552],[70.966316,42.471519],[70.963592,42.461494],[70.95919,42.457042],[70.959953,42.452327],[70.95346,42.43288],[70.932899,42.41798],[70.93605,42.411693],[70.955307,42.402057],[70.955726,42.400127],[70.945869,42.395095],[70.937736,42.394615],[70.932868,42.391559],[70.930465,42.380645],[70.920791,42.371528],[70.914268,42.369133],[70.90998,42.365707],[70.907028,42.364856],[70.897941,42.366428],[70.894027,42.363689],[70.889099,42.357532],[70.887001,42.351387],[70.882408,42.348281],[70.881309,42.343032],[70.886611,42.335418],[70.881324,42.327548],[70.872291,42.326255],[70.8655832,42.3201236],[70.868942,42.318496],[70.867828,42.315395],[70.870162,42.310249],[70.86927,42.305019],[70.865203,42.299819],[70.872177,42.291584],[70.882331,42.287853],[70.891685,42.281467],[70.894599,42.276641],[70.89521,42.272708],[70.890678,42.266483],[70.890861,42.263248],[70.912269,42.261226],[70.917991,42.26271],[70.922668,42.267398],[70.9282191,42.2665897],[70.93357,42.269744],[70.943305,42.263467],[70.9455707,42.2642591],[70.9628576,42.2563446],[70.984587,42.2543628],[70.988482,42.2527095],[70.9963216,42.256134],[71.0004982,42.2560755],[71.0043889,42.260083],[71.0048106,42.2643558],[71.0078862,42.2654249],[71.0044525,42.2707749],[71.0077002,42.2733194],[71.0085936,42.2777084],[71.0177423,42.2809074],[71.0219582,42.2889611],[71.0250738,42.2924065],[71.0284826,42.2935681],[71.0356991,42.2914718],[71.0401805,42.2944212],[71.0397714,42.290506],[71.0491956,42.2905548],[71.0583922,42.2950775],[71.0636935,42.2949036],[71.0677883,42.2892467],[71.0763735,42.2834543],[71.0815166,42.284324],[71.0920274,42.2825241],[71.106577,42.2739363],[71.1130958,42.2746584],[71.1215963,42.27779],[71.1245352,42.2834652],[71.1334657,42.2821769],[71.1403747,42.2768008],[71.1402694,42.2726604],[71.1475757,42.2682903],[71.1517576,42.2635562],[71.1655886,42.2588056],[71.1713355,42.2521724],[71.174038,42.2510091],[71.1783902,42.2515823],[71.1911758,42.2412076],[71.1933138,42.2406127],[71.2001716,42.2435934],[71.2089637,42.237095],[71.2051477,42.2276473],[71.2094719,42.2242748],[71.2150806,42.2225296],[71.2271157,42.223676],[71.2332805,42.2293774],[71.2383869,42.2272541],[71.2450159,42.2277866],[71.2453514,42.2191581],[71.2512437,42.2134664],[71.250527,42.2110015],[71.2671899,42.2053285],[71.2654488,42.2002015],[71.2690927,42.1963697],[71.2585389,42.1895835],[71.2562006,42.1835196],[71.2504953,42.1818215],[71.2543943,42.1753099],[71.25921,42.1726247],[71.2583621,42.1679359],[71.2536388,42.1651456],[71.247215,42.1660205],[71.2377535,42.1531779],[71.2202102,42.1487689],[71.2217081,42.1460581],[71.2265943,42.1436794],[71.2178708,42.1372099],[71.2101756,42.13604],[71.1995186,42.1376394],[71.1953726,42.1435494],[71.1831911,42.1416626],[71.1755491,42.144058],[71.1647013,42.1390998],[71.1527121,42.1302841],[71.1411237,42.1339664],[71.1360661,42.1234173],[71.1298427,42.1165025],[71.117081,42.1127097],[71.113591,42.1127664],[71.1076323,42.1158185],[71.1035554,42.1128948],[71.0996664,42.0946194],[71.0845694,42.0943605],[71.0758804,42.0906972],[71.0681608,42.0852068],[71.0563691,42.0852393],[71.0564517,42.0828266],[71.0494282,42.0810627],[71.0460831,42.0751218],[71.0467266,42.0712031],[71.0401427,42.0636521],[71.0344148,42.0647209],[71.0289571,42.0677232],[71.0252977,42.0642165],[71.0246665,42.0611812],[71.0153554,42.0611149],[71.0064468,42.0569845],[71.012257,42.0544425],[71.0134782,42.0523595],[71.0105963,42.0488214],[71.0020894,42.044104],[71.0021605,42.0410171],[70.9927462,42.0304072],[70.9792372,42.0329253],[70.9610916,42.0308015],[70.9422029,42.0311812],[70.9297473,42.0345179],[70.9144519,42.0419139],[70.9103325,42.0402797],[70.9005941,42.0409313],[70.8966992,42.0439978],[70.8961096,42.0481944],[70.8934816,42.0503412],[70.8881354,42.0519242],[70.8853225,42.0473242],[70.8789916,42.0461255],[70.8651702,42.0541323],[70.8607589,42.0482911],[70.8613337,42.042792],[70.8556322,42.0398977],[70.856244,42.0332906],[70.8598318,42.0294801],[70.859114,42.0267999],[70.8469238,42.0185016],[70.8472926,42.0157614],[70.8422799,42.0125681],[70.8422621,42.0056035],[70.8378758,41.9997011],[70.8453239,41.9920861],[70.8520336,41.9889848],[70.8485704,41.9765459],[70.8506652,41.9665024],[70.8530172,41.9631757],[70.8529442,41.9572609],[70.8557755,41.9553271],[70.8554983,41.9505496],[70.8519226,41.9478902],[70.8539149,41.9415169],[70.8458076,41.9388924],[70.8447193,41.9336182],[70.8348048,41.9231054],[70.8261011,41.9264101],[70.8155783,41.9265491],[70.8068604,41.9206212],[70.7900151,41.9291108],[70.7841084,41.9264249],[70.7803316,41.9266271],[70.7732782,41.9283818],[70.766662,41.935587],[70.7572325,41.9364243],[70.7573258,41.9181476],[70.7526847,41.9127357],[70.7384731,41.9138927],[70.7315016,41.917672],[70.730363,41.9205009],[70.7137386,41.9204959],[70.707664,41.9198041],[70.6939052,41.914558],[70.6872449,41.9155668],[70.6830371,41.9132674],[70.6782903,41.9128709],[70.6734235,41.9084155],[70.6649614,41.9069509],[70.6607789,41.9011266],[70.662742,41.8972705],[70.6619818,41.8938965],[70.6543472,41.8843513],[70.6491855,41.882237],[70.6459308,41.8741802],[70.6379668,41.8721357],[70.6397827,41.8681414],[70.6361392,41.8657831],[70.6287543,41.853324],[70.6268591,41.8517558],[70.6191455,41.851287],[70.6141103,41.8531121],[70.6033611,41.8507165],[70.5977481,41.8353067],[70.5966606,41.824367],[70.5993242,41.8198265],[70.5941532,41.8179508],[70.5785299,41.8197525],[70.5691104,41.8106463],[70.5643096,41.8107519],[70.5604646,41.8078541],[70.5542699,41.8077586],[70.5430483,41.8014217],[70.5356944,41.7992559],[70.5275022,41.7985755],[70.5152456,41.7843114],[70.5149265,41.7803268],[70.5086934,41.7720535],[70.5089031,41.7613057],[70.5047453,41.7506422],[70.5088897,41.7467959],[70.5059339,41.742897],[70.5067044,41.7365869],[70.5034335,41.7341613],[70.4966927,41.7196874],[70.4758369,41.7223376],[70.4668041,41.7206278],[70.4648761,41.7169147],[70.4567788,41.7110074],[70.4498127,41.7025461],[70.4363982,41.7004228],[70.421351,41.6927623],[70.4197291,41.6904113],[70.4102839,41.6898414],[70.3965693,41.6841771],[70.3856691,41.6738805],[70.3770526,41.6618033],[70.3758151,41.6572242],[70.3670735,41.6474849],[70.3503868,41.6429284],[70.3418996,41.6381553],[70.3220284,41.63684],[70.3018455,41.6312249],[70.2926142,41.6216872],[70.2789985,41.6198916],[70.2747383,41.6130366],[70.264249,41.6074545],[70.2565509,41.6118774],[70.2418812,41.6166071],[70.230972,41.6124386],[70.2206539,41.6109616],[70.2092461,41.611957],[70.2100597,41.6065637],[70.2082837,41.6041965],[70.2157815,41.5950335],[70.2147129,41.5858411],[70.2101121,41.5790706],[70.2086188,41.5733038],[70.191723,41.5690831],[70.1879518,41.5622489],[70.1792873,41.5574959],[70.184079,41.5524655],[70.1875726,41.5449556],[70.1845308,41.5423512],[70.1813669,41.5273486],[70.174028,41.523407],[70.1692706,41.515337],[70.1756207,41.5143884],[70.1947873,41.5066468],[70.211166,41.5042007],[70.2176513,41.4995564],[70.2192644,41.4958524],[70.2291644,41.4916483],[70.2404393,41.4913852],[70.2527706,41.4955907],[70.2673043,41.4981226],[70.2732101,41.5028653],[70.2763326,41.5117338],[70.2877373,41.5148628],[70.2990338,41.5206512],[70.3031382,41.5206138],[70.3109412,41.5105665],[70.3204878,41.5067585],[70.3250383,41.5004818],[70.335048,41.4994376],[70.3383864,41.5004045],[70.3388914,41.4972793],[70.3480089,41.4929823],[70.3634716,41.492685],[70.3726654,41.482623],[70.3719634,41.4775919],[70.3808817,41.4665986],[70.3925009,41.468351],[70.3961411,41.4710245],[70.4074555,41.4703564],[70.4110252,41.4607122],[70.4165853,41.4576615],[70.4187675,41.454377],[70.4385664,41.4463687],[70.442144,41.4401414],[70.4475686,41.4384182],[70.4520404,41.4335083],[70.4556037,41.4326527],[70.4638759,41.4269068],[70.4701399,41.4161972],[70.4691734,41.4094404],[70.4733677,41.4083981],[70.4880087,41.3981736],[70.4952697,41.3975471],[70.5045567,41.4029475],[70.509838,41.3994729],[70.5137352,41.3988754],[70.5175949,41.4018792],[70.5352278,41.4088561],[70.5410938,41.4102422],[70.5498221,41.4090874],[70.5520372,41.4120968],[70.5529062,41.420907],[70.5602015,41.4254685],[70.5675679,41.4268425],[70.5664192,41.4323664],[70.569552,41.4419861],[70.5740202,41.4437402],[70.5858724,41.4429513],[70.590838,41.445577],[70.5909373,41.4541474],[70.5942632,41.456817],[70.5991985,41.4558521],[70.6036617,41.452905],[70.6081358,41.4524849],[70.6197122,41.4595625],[70.626926,41.4594999],[70.6307758,41.4611191],[70.6382595,41.4571044],[70.6480848,41.4578896],[70.6659962,41.4701753],[70.6781198,41.4698699],[70.6826304,41.4716059],[70.6867995,41.4718716],[70.6897713,41.4685193],[70.701573,41.4656894],[70.7171645,41.4657924],[70.7177652,41.4598655],[70.7153088,41.4535949],[70.7208787,41.4421288],[70.7330701,41.4350553],[70.7344005,41.4272044],[70.7381126,41.4268182],[70.7425419,41.4195883],[70.7499117,41.4161041],[70.7573551,41.4035354],[70.7666501,41.3989713],[70.7713909,41.3926463],[70.7795072,41.3866135],[70.7787526,41.3755547],[70.7750711,41.3708246],[70.7791156,41.366064],[70.7811758,41.3543785],[70.7845605,41.3530547],[70.7870711,41.3487217],[70.7799618,41.3448082],[70.7806981,41.3385968],[70.7770289,41.3316848],[70.7827536,41.3304063],[70.7853132,41.3256582],[70.7838373,41.3204076],[70.7774448,41.3168033],[70.7732097,41.3056495],[70.778446,41.2875764],[70.7771821,41.2801957],[70.770166,41.2710891],[70.7684444,41.2651624],[70.774002,41.2577588],[70.7726819,41.2441547],[70.775962,41.21655],[70.7814179,41.2072402],[70.7825552,41.198377],[70.7863332,41.194854],[70.7876707,41.2004641],[70.7959202,41.2112706],[70.7974896,41.2155858],[70.7962236,41.223317],[70.799571,41.230547],[70.8072495,41.2318074],[70.8146558,41.2384539],[70.8244371,41.2413519],[70.8275163,41.246293],[70.8342252,41.2501996],[70.8408844,41.2509917],[70.850091,41.2486182],[70.855243,41.2502641],[70.8587265,41.2453855],[70.876472,41.2335098],[70.8798489,41.2293908],[70.8805382,41.2232299],[70.8842369,41.2219555],[70.8888745,41.2141105],[70.8967119,41.2085899],[70.9041524,41.2067495],[70.9074676,41.2026893],[70.9205139,41.1948185],[70.9341287,41.1912824],[70.9423255,41.1759084],[70.950644,41.1692785],[70.9626004,41.1657552],[70.9657788,41.1635355],[70.9667444,41.166734],[70.9782886,41.1692861],[70.9908341,41.1782647],[70.9964989,41.1767142],[71.0192874,41.1926662],[71.0320733,41.1932109],[71.0463704,41.1847804],[71.0586777,41.1801332],[71.0760037,41.1769903],[71.0891953,41.1603503],[71.098068,41.1542696],[71.1163507,41.1451054],[71.1271224,41.14358],[71.143906,41.1525192],[71.1617584,41.1669051],[71.1673583,41.1693962],[71.1776736,41.1690817],[71.1878363,41.1808922],[71.195403,41.1857444],[71.202384,41.1855393],[71.2116464,41.1682475],[71.2177659,41.1673199],[71.224503,41.1709984],[71.2243533,41.1863085],[71.2313872,41.1926569],[71.2398986,41.1912303],[71.251843,41.1831544],[71.2574685,41.1863598],[71.2669383,41.1802859],[71.2725153,41.1733892],[71.2781972,41.1500122],[71.2733449,41.1109341],[71.2763739,41.1060066],[71.2846517,41.1042357],[71.2957238,41.1062277],[71.313125,41.1185122],[71.3217469,41.1309426],[71.3266835,41.1540417],[71.334191,41.1607355],[71.3452995,41.1656903],[71.3568638,41.1658066],[71.3652351,41.1626636],[71.3824016,41.149064],[71.3874293,41.1409959],[71.3924936,41.1121033],[71.3957983,41.1074105],[71.4014118,41.10463],[71.4128713,41.1052476],[71.4396409,41.1269915],[71.4398495,41.1368251],[71.4510195,41.1559721],[71.4525872,41.1675372],[71.4398608,41.1778945],[71.4373515,41.1966578],[71.4589506,41.2072329],[71.4625683,41.2177553],[71.459458,41.2312924],[71.4481888,41.2449062],[71.44828,41.253608],[71.4538274,41.2675244],[71.448533,41.2801668],[71.4496543,41.2868423],[71.4570387,41.2953298],[71.4719237,41.3054401],[71.4807736,41.3148917],[71.4876931,41.3160358],[71.5054772,41.307701],[71.5215014,41.3073853],[71.5283658,41.2969583],[71.5446264,41.2994248],[71.5493257,41.2983221],[71.5546736,41.2950422],[71.5549876,41.2906299],[71.5772292,41.2953784],[71.5878451,41.300328],[71.591004,41.3034025],[71.5964967,41.3189166],[71.6001046,41.3194887],[71.600173,41.3236116],[71.6038219,41.3289904],[71.6167286,41.3369605],[71.6236572,41.3486252],[71.6292046,41.3526911],[71.6370243,41.3485955],[71.6418766,41.3487482],[71.6476588,41.3647227],[71.6555263,41.3761867],[71.6617286,41.401218],[71.6804238,41.4217763],[71.6771294,41.4254038],[71.6771186,41.4331537],[71.6716328,41.4344063],[71.6693721,41.4384231],[71.6720295,41.4439174],[71.6660967,41.4496909],[71.6767816,41.4583405],[71.6740352,41.4694672],[71.6699897,41.4764322],[71.6632845,41.4821734],[71.6469078,41.4869513],[71.6431442,41.491214],[71.6505513,41.4940781],[71.6622801,41.4952964],[71.6694341,41.4978325],[71.6784292,41.5090012],[71.677794,41.5149945],[71.6923552,41.5249553],[71.6921664,41.527275],[71.7027192,41.5333807],[71.7082489,41.5344087],[71.709354,41.5401796],[71.7127314,41.5427172],[71.7261424,41.5467739],[71.7324939,41.5438414],[71.7369013,41.5322483],[71.728168,41.5280075],[71.7228019,41.5121873],[71.724534,41.4973638],[71.7280188,41.4892341],[71.726608,41.4816355],[71.7178655,41.475185],[71.7167052,41.4680564],[71.6985314,41.4500923],[71.6964801,41.4431637],[71.6987228,41.4356813],[71.7075727,41.4240577],[71.71663,41.4197615],[71.7225193,41.4231483],[71.7238389,41.4323424],[71.7200828,41.4378842],[71.7269063,41.4435721],[71.7369228,41.4471686],[71.7359443,41.4520708],[71.7421842,41.4521673],[71.7492309,41.4468147],[71.7483054,41.4408846],[71.7529298,41.4341588],[71.7595598,41.4352802],[71.769856,41.4461617],[71.7736197,41.4479631],[71.7920862,41.4394768],[71.7948864,41.4288303],[71.7945838,41.4199907],[71.7927857,41.4171956],[71.7970203,41.4085097],[71.7997133,41.4080591],[71.8062643,41.3988127],[71.8072492,41.4012503],[71.812443,41.3931909],[71.8258348,41.3886578],[71.8306968,41.3824165],[71.8317536,41.380866],[71.8303908,41.3792954],[71.837472,41.3710473],[71.83389,41.3620384],[71.8378382,41.3555831],[71.845829,41.352439],[71.8666741,41.3491547],[71.867541,41.3529803],[71.8726211,41.3556129],[71.8785552,41.3643691],[71.8826193,41.3620001],[71.884374,41.360214],[71.8831257,41.3573218],[71.8920789,41.3504739],[71.8934393,41.3426804],[71.8804145,41.3378473],[71.8874398,41.3258048],[71.9003146,41.3090638],[71.9251902,41.2945633],[71.9142469,41.2853622],[71.9058247,41.2823986],[71.9081205,41.2782315],[71.9007253,41.262991],[71.8964317,41.2591123],[71.8865996,41.2560443],[71.8832345,41.2358499],[71.879382,41.2337039],[71.8776651,41.2298579],[71.8785497,41.2251548],[71.8693185,41.2176095],[71.8620069,41.2008483],[71.8636023,41.1974592],[71.8716431,41.1942684],[71.8838114,41.1932565],[71.8851629,41.1905511],[71.8833533,41.1788295],[71.8863646,41.1678132],[71.8953725,41.1618751],[71.9045713,41.1593343],[71.9137401,41.1605301],[71.9176493,41.1562266],[71.9239938,41.1563885],[71.9304891,41.1524006],[71.9349823,41.1516732],[71.9426252,41.1453575],[71.9516404,41.1461036],[71.9601747,41.1569704],[72.0066045,41.1565212],[72.0062532,41.1520084],[72.0128104,41.1423576],[72.0263871,41.1365276],[72.0308998,41.1366018],[72.0476841,41.1324225],[72.0505366,41.1298127],[72.0539854,41.1294728],[72.0555486,41.1272028],[72.0601899,41.1260253],[72.0642955,41.1212968],[72.0710903,41.117437],[72.0741646,41.1216834],[72.0936972,41.1347655],[72.0954412,41.1410841],[72.1073796,41.1528354],[72.1105583,41.1539851],[72.1203541,41.1533385],[72.1369662,41.16235],[72.1469189,41.1592194],[72.1553792,41.160201],[72.1638402,41.1641074],[72.1664541,41.1621127],[72.1685594,41.1639959],[72.1763569,41.1558369],[72.1648945,41.1446447],[72.1509889,41.1381425],[72.1500316,41.1253403],[72.1632117,41.1225515],[72.1687044,41.1189975],[72.1788734,41.116658],[72.1795416,41.1064281],[72.1903025,41.1022751],[72.1929062,41.0871077],[72.2073834,41.0619172],[72.2101149,41.0508166],[72.2077951,41.0293684],[72.1795429,41.0241081],[72.1761698,41.0187567],[72.1809673,41.0028466],[72.1844968,40.9969193],[72.1959926,40.9974403],[72.2002144,40.9989237],[72.2082931,40.9978062],[72.2199104,41.0009238],[72.2237081,41.0000388],[72.2377207,41.0020465],[72.2420222,41.0050831],[72.2465068,41.003816],[72.2664681,41.011812],[72.2703248,41.0109326],[72.2841619,41.0204686],[72.2890359,41.0248883],[72.2878987,41.0259081],[72.2898513,41.0283848],[72.2944963,41.0298121],[72.3139796,41.0304783],[72.3302884,41.036926],[72.3298375,41.0390364],[72.3325475,41.0416721],[72.3375266,41.0430434],[72.3405749,41.0465174],[72.3476983,41.0600209],[72.3503922,41.0603506],[72.3509435,41.0574158],[72.3607831,41.0442191],[72.3660265,41.0418544],[72.3772094,41.0408256],[72.3816281,41.0316362],[72.3887515,41.0291804],[72.3931451,41.0278289],[72.4162757,41.0266337],[72.4255794,41.0343012],[72.4441808,41.0317566],[72.4534032,41.0277969],[72.4683202,41.0154316],[72.4806605,41.0087685],[72.4882378,41.0008902],[72.4861436,40.9909177],[72.4968341,40.9883004],[72.4982354,40.9863475],[72.501613,40.9869849],[72.4999961,40.9834045],[72.4881646,40.9739595],[72.4905957,40.9704556],[72.4959737,40.9675604],[72.4975523,40.9686078],[72.4994833,40.9674567],[72.5057093,40.971043],[72.5076772,40.9686557],[72.5113739,40.9696725],[72.5179519,40.9688484],[72.5253671,40.9593252],[72.529293,40.9637082],[72.5314489,40.9613883],[72.5375034,40.9616054],[72.5448272,40.9658019],[72.551467,40.9618205],[72.5496979,40.9575427],[72.5565672,40.9545493],[72.5613952,40.9487973],[72.5624462,40.9462394],[72.5606345,40.9434273],[72.5631692,40.9426065],[72.5641057,40.9386436],[72.5693798,40.9344374],[72.5770449,40.9225864],[72.5891585,40.9124102],[72.592935,40.9050516],[72.5817101,40.8858102],[72.5913415,40.8679623],[72.6084623,40.8707958],[72.6283108,40.862455],[72.6597032,40.8548234],[72.6763633,40.851661],[72.6916925,40.8509631],[72.6977214,40.8546152],[72.712603,40.8486927],[72.7722136,40.8531172],[72.8244151,40.8526408],[72.832167,40.8564321],[72.8675225,40.8437189],[72.8806906,40.8374103],[72.892266,40.8298569],[72.8997831,40.8219481],[72.9003122,40.8155444],[72.9160853,40.8066043],[72.9390539,40.8004244],[72.9581335,40.8049997],[72.9570604,40.807771],[72.9587717,40.8158528],[72.9624916,40.8172023],[72.9660324,40.8213966],[72.9692232,40.8220099],[72.9696263,40.8201383],[72.9724413,40.8213119],[72.973567,40.8197591],[72.9761924,40.8197384],[72.9759448,40.822559],[72.9793201,40.82408],[72.9804686,40.826654],[72.9799137,40.8294928],[72.9946883,40.8314328],[72.9977731,40.8339249],[72.9999953,40.8427794],[73.0059579,40.8394754],[73.0139764,40.8452331],[73.0217131,40.8464599],[73.0252127,40.8445489],[73.02616,40.8411],[73.0309636,40.8390316],[73.0394434,40.8447416],[73.0583592,40.8463708],[73.0747205,40.8515439],[73.0803352,40.8492599],[73.0846544,40.8511058],[73.0897355,40.8495176],[73.0931818,40.8391272],[73.1071978,40.833613],[73.1155705,40.8354834],[73.1220929,40.8401257],[73.125683,40.8402999],[73.1354114,40.833371],[73.1375472,40.8276592],[73.1369938,40.8056317],[73.1397362,40.7852523],[73.0648404,40.7691827],[73.0587235,40.7697823],[73.0526846,40.7647592],[73.0359654,40.7687034],[73.0322936,40.7665229],[73.0202045,40.7677243],[73.0045457,40.7637326],[72.9910705,40.7646697],[72.9672948,40.7504412],[72.9463303,40.731978],[72.9339857,40.731177],[72.9168777,40.7233661],[72.8962259,40.7192513],[72.8727484,40.7112494],[72.8534008,40.7123119],[72.8533713,40.7082354],[72.8596868,40.7075677],[72.8584524,40.7009228],[72.8657706,40.700721],[72.8464751,40.6726965],[72.8199452,40.6768708],[72.814786,40.6759356],[72.8126308,40.6770875],[72.809499,40.6761477],[72.8013471,40.6772639],[72.7981129,40.6716974],[72.7855988,40.6666821],[72.7912406,40.6532246],[72.7811018,40.6477625],[72.7779851,40.6410467],[72.7598165,40.6257812],[72.7496057,40.6077482],[72.7490827,40.5963725],[72.7553268,40.5843264],[72.7550957,40.5809094],[72.7607621,40.5771427],[72.7602358,40.5727544],[72.7558668,40.5725073],[72.7534488,40.5741773],[72.7508828,40.5711999],[72.7478059,40.5713329],[72.7476641,40.5738896],[72.7448987,40.5746265],[72.7476718,40.5773428],[72.7471189,40.5805606],[72.739743,40.5840134],[72.7348185,40.5821394],[72.7298828,40.5859668],[72.717964,40.5896936],[72.701073,40.5877373],[72.7019196,40.591815],[72.6937743,40.5953269],[72.6947821,40.5979206],[72.6726851,40.5908275],[72.6665215,40.5868168],[72.6667833,40.5856368],[72.6637385,40.5854034],[72.6648084,40.584297],[72.6619799,40.5825032],[72.6654288,40.5823692],[72.6634968,40.5802782],[72.6679272,40.5786044],[72.6732146,40.5650788],[72.6690218,40.5629336],[72.6664236,40.5645285],[72.6624128,40.5627477],[72.6625598,40.5611242],[72.6574199,40.5613512],[72.6681206,40.5541072],[72.6693504,40.5233831],[72.6553076,40.510487],[72.6329114,40.5109756],[72.6158224,40.5152294],[72.5829773,40.5359811],[72.5706175,40.5377474],[72.5511697,40.5370569],[72.5362322,40.5433313],[72.5164562,40.5577172],[72.5055391,40.5606527],[72.4907452,40.5559509],[72.486228,40.5565252],[72.4759849,40.5512459],[72.4509704,40.5731268],[72.4321058,40.6019073],[72.4156739,40.6101159],[72.4118277,40.6182478],[72.4094157,40.6189631],[72.3957017,40.6169409],[72.3898772,40.6120986],[72.3862746,40.6134059],[72.3838977,40.6113692],[72.3854152,40.6039949],[72.3833489,40.6015158],[72.3808398,40.6034579],[72.3771624,40.6025191],[72.3748155,40.6043329],[72.3668914,40.6029825],[72.3501656,40.6039324],[72.3462362,40.6030024],[72.3444893,40.6010216],[72.3651565,40.5884741],[72.3724971,40.5801345],[72.3798426,40.5768155],[72.3947509,40.5753409],[72.3962567,40.5739861],[72.3916751,40.5711232],[72.3893623,40.5726974],[72.3876338,40.5716668],[72.3898618,40.5658795],[72.4089485,40.5612544],[72.414235,40.5630962],[72.4201809,40.5614933],[72.4156147,40.5563431],[72.4160622,40.551725],[72.4198751,40.5492163],[72.418018,40.5479503],[72.4196445,40.5428474],[72.4257149,40.5413458],[72.4259894,40.539577],[72.4227212,40.5398693],[72.4176963,40.5344925],[72.4087992,40.5333309],[72.4042547,40.5284772],[72.4054481,40.5260884],[72.4031676,40.5252015],[72.3953488,40.5230822],[72.3825831,40.5227396],[72.3839649,40.5185845],[72.3786386,40.5163605],[72.378574,40.5118277],[72.3837955,40.5111458],[72.3936963,40.5069503],[72.40793,40.5092935],[72.4150481,40.5083401],[72.4149476,40.5062221],[72.4195713,40.5037884],[72.4282308,40.4901614],[72.4355993,40.4857717],[72.4409256,40.4733322],[72.4262457,40.4503927],[72.4161765,40.429272],[72.4221569,40.4154786],[72.4208145,40.4049262],[72.417038,40.4023166],[72.4105083,40.4012386],[72.3990169,40.4041491],[72.3864201,40.4049718],[72.3687659,40.4120668],[72.3621974,40.4187583],[72.3353036,40.4384159],[72.3211981,40.4460532],[72.3148415,40.4477147],[72.297707,40.4426961],[72.2906713,40.4461718],[72.2852561,40.4521568],[72.2720863,40.4509695],[72.243501,40.460299],[72.2539499,40.4802367],[72.2430811,40.4866304],[72.2418449,40.4830318],[72.2005182,40.4869306],[72.1986795,40.4812533],[72.1931108,40.481122],[72.1875066,40.4854466],[72.186279,40.4960561],[72.1764959,40.4924813],[72.1761906,40.4951276],[72.173947,40.4958588],[72.1724513,40.4945937],[72.1721017,40.4857463],[72.1592061,40.4831718],[72.1481334,40.4732694],[72.1281072,40.4597464],[72.1301408,40.4567378],[72.119544,40.4584653],[72.1042875,40.4560508],[72.0867767,40.4510961],[72.0927431,40.4309847],[72.0885998,40.414229],[72.0858982,40.411689],[72.0892392,40.4052326],[72.0822199,40.4010606],[72.0768249,40.4007412],[72.0664465,40.3954043],[72.0611541,40.385799],[72.0570613,40.3857184],[72.0551237,40.3809757],[72.0438477,40.3783328],[72.0482885,40.3708084],[72.0264554,40.3602847],[71.9997738,40.3416514],[72.0007471,40.3407506],[71.9984247,40.3378406],[71.9904046,40.3359047],[71.9774038,40.3285657],[71.9663611,40.319449],[71.9700947,40.3140564],[71.9915781,40.3009592],[72.0051823,40.2984455],[72.0151373,40.293927],[72.0432084,40.2903868],[72.0442201,40.2888963],[72.0513448,40.286867],[72.052779,40.2846084],[72.052247,40.2787672],[72.0504195,40.27702],[72.0357872,40.2742479],[72.0244355,40.268507],[72.024367,40.2647329],[72.0123838,40.2727107],[72.0043606,40.2758323],[71.9901532,40.2681887],[71.9849834,40.2612629],[71.9785256,40.2565838],[71.9492476,40.2561837],[71.9394795,40.2501682],[71.9561955,40.2480203],[71.9572653,40.2462381],[71.9667559,40.2446977],[71.963109,40.2408098],[71.9434147,40.2375501],[71.9358942,40.2406118],[71.9338291,40.240025],[71.9314851,40.2421888],[71.9270225,40.2419489],[71.9268647,40.2514669],[71.921415,40.2548124],[71.9177112,40.2547394],[71.9119501,40.257321],[71.9005925,40.2573239],[71.8913762,40.2605546],[71.8864522,40.2600433],[71.8846318,40.2625817],[71.8737525,40.2620393],[71.8654306,40.2577373],[71.8595968,40.2574466],[71.8448645,40.2532855],[71.8411532,40.2537991],[71.8385399,40.2482021],[71.8313124,40.2458084],[71.831505,40.2432468],[71.8285755,40.2411028],[71.8312299,40.2184761],[71.8152898,40.2132281],[71.8147792,40.2143128],[71.8113119,40.2118546],[71.7850955,40.203031],[71.7686432,40.1863692],[71.7569496,40.1798588],[71.7524212,40.1748313],[71.745354,40.172819],[71.7442159,40.1712445],[71.7474165,40.168359],[71.734687,40.1625223],[71.7310269,40.1485307],[71.727513,40.148477],[71.725673,40.151272],[71.72267,40.160246],[71.723937,40.16521],[71.718129,40.175263],[71.712008,40.179814],[71.7102678,40.1774327],[71.6994689,40.179004],[71.6893057,40.1873378],[71.6854881,40.1868884],[71.6849702,40.1891245],[71.6813669,40.1889565],[71.6833969,40.1941652],[71.6769978,40.1958845],[71.6791827,40.1968852],[71.6871879,40.195898],[71.7009899,40.1924606],[71.6951234,40.197102],[71.692787,40.2051796],[71.6997908,40.2075864],[71.7016378,40.2037061],[71.7061605,40.2013828],[71.706558,40.202748],[71.6990055,40.214955],[71.6976829,40.2208589],[71.6942003,40.2247453],[71.700084,40.2333599],[71.699768,40.2415648],[71.694494,40.250385],[71.68254,40.255087],[71.679935,40.25904],[71.6813013,40.2615218],[71.679962,40.270148],[71.6736361,40.268762],[71.6680607,40.2709686],[71.6528349,40.2713058],[71.6451917,40.2697713],[71.643739,40.2671767],[71.6337918,40.2646584],[71.6314738,40.2648652],[71.6292819,40.26785],[71.6200753,40.2671288],[71.6188513,40.2587983],[71.6202418,40.2573396],[71.6199052,40.255732],[71.6181719,40.2556499],[71.6183152,40.2525298],[71.6189944,40.2502574],[71.6223334,40.2489535],[71.6195846,40.2380524],[71.6240339,40.230761],[71.6251475,40.2214178],[71.629009,40.217883],[71.6268494,40.2154158],[71.6153355,40.2180754],[71.6156214,40.2164604],[71.6176534,40.2164377],[71.620996,40.2133121],[71.6191898,40.207446],[71.616273,40.206682],[71.5955548,40.2115001],[71.5925726,40.21795],[71.5802686,40.2186865],[71.5800042,40.2142351],[71.578224,40.2147628],[71.5782274,40.2167394],[71.5754384,40.2169778],[71.569164,40.214398],[71.554124,40.217756],[71.53662,40.224184],[71.518776,40.227087],[71.5129363,40.23099],[71.5175812,40.2387148],[71.5114881,40.2441582],[71.5129223,40.2504426],[71.5109646,40.2572158],[71.512613,40.2635901],[71.5106513,40.2666842],[71.5114935,40.2682472],[71.506406,40.271202],[71.501476,40.277068],[71.49048,40.274182],[71.4851432,40.2766932],[71.4777113,40.2749055],[71.4719304,40.2771078],[71.4596536,40.2771311],[71.4279816,40.2840457],[71.4140797,40.291173],[71.3987509,40.3018569],[71.3970857,40.3063096],[71.3911291,40.3090815],[71.3815045,40.3063607],[71.3765719,40.3075618],[71.3673324,40.3060768],[71.3677264,40.3092487],[71.3767414,40.3141009],[71.3752794,40.3166075],[71.3717055,40.3154178],[71.3689747,40.318918],[71.3582381,40.316575],[71.3575453,40.3184674],[71.3536845,40.3188795],[71.3527104,40.3204426],[71.3461842,40.3186998],[71.3470044,40.3149167],[71.3364608,40.3133684],[71.3342418,40.3140357],[71.3355131,40.3172855],[71.3241066,40.3178244],[71.3182887,40.3112107],[71.309629,40.307405],[71.2985035,40.3147399],[71.2928024,40.3257018],[71.3006665,40.3308024],[71.2850349,40.3404188],[71.2737578,40.3435988],[71.2651393,40.3354827],[71.2547935,40.3312027],[71.2480653,40.3233338],[71.247362,40.324839],[71.2411197,40.3220006],[71.2402647,40.32291],[71.2518693,40.3295069],[71.2524704,40.3326205],[71.2428172,40.3375892],[71.2253007,40.3420885],[71.2035163,40.3450557],[71.1557859,40.3366449],[71.1454145,40.3358841],[71.1311463,40.3380805],[71.125062,40.334655],[71.109198,40.319198],[71.102739,40.315039],[71.096349,40.307457],[71.087717,40.303051],[71.071934,40.289838],[71.055306,40.287524],[71.033574,40.279384],[71.020707,40.283425],[71.0310941,40.2890044],[71.0188146,40.2961317],[70.984599,40.2859861],[70.9723193,40.2885256],[70.9637777,40.2883177],[70.9591548,40.2852112],[70.9608604,40.2676194],[70.9766912,40.2570499],[70.9751021,40.2500715],[70.9803088,40.2432103],[70.9833215,40.2206414],[70.9731399,40.216275],[70.9679314,40.216599],[70.957067,40.2108338],[70.9241137,40.1986945],[70.8829793,40.1865627],[70.8594516,40.1650105],[70.8581359,40.1669894],[70.8504713,40.1635527],[70.8486732,40.16519],[70.8386501,40.164917],[70.8322861,40.1612005],[70.827805,40.166891],[70.826489,40.175015],[70.8316649,40.189343],[70.818451,40.183181],[70.8023225,40.1795465],[70.8037204,40.1727994],[70.799309,40.144676],[70.8009065,40.1422203],[70.7979381,40.1293316],[70.7849964,40.1264401],[70.7776382,40.1199252],[70.7711837,40.1190368],[70.7655931,40.1152531],[70.7599005,40.1163989],[70.7499105,40.115436],[70.7100219,40.1088676],[70.6940586,40.1077654],[70.6699159,40.1029762],[70.6602835,40.0939753],[70.660296,40.075779],[70.657392,40.063357],[70.658057,40.058572],[70.665004,40.047317],[70.664054,40.036396],[70.665503,40.030964],[70.663891,40.023481],[70.667767,40.012769],[70.662725,39.999905],[70.662617,39.990517],[70.660241,39.988564],[70.65039,39.986723],[70.63455,39.987885],[70.631811,39.986825],[70.631006,39.971356],[70.632547,39.967488],[70.621664,39.965402],[70.614788,39.958715],[70.604926,39.957623],[70.570807,39.958169],[70.557523,39.965068],[70.547171,39.965323],[70.521635,39.952125],[70.517069,39.948217],[70.512959,39.949897],[70.5027975,39.9395602],[70.5019907,39.9321334],[70.4976594,39.9299573],[70.495481,39.9319869],[70.4960655,39.9359806],[70.4907932,39.941505],[70.4917444,39.947313],[70.5032908,39.9490238],[70.5149187,39.9580558],[70.5273856,39.9628978],[70.5467241,39.9792091],[70.5728981,39.9911059],[70.5816101,40.0022133],[70.5820292,40.007202],[70.5750702,40.0225798],[70.567255,40.0303432],[70.554315,40.0395558],[70.5491627,40.0400775],[70.5334975,40.0322908],[70.5306447,40.0350372],[70.5304945,40.0401465],[70.5335372,40.0471707],[70.520212,40.0522631],[70.5069456,40.0515711],[70.4828987,40.0562877],[70.4654527,40.0578586],[70.4244042,40.0577287],[70.4188054,40.0601079],[70.4191474,40.0625056],[70.4049303,40.0745945],[70.3977513,40.0785598],[70.3849358,40.0811089],[70.3577889,40.081064],[70.3533476,40.0902678],[70.3516023,40.1021412],[70.3460046,40.105012],[70.3415265,40.1048336],[70.3319172,40.1113626],[70.3242204,40.1130393],[70.3199755,40.1162143],[70.3053488,40.1196539],[70.2919611,40.1293557],[70.2822814,40.1295872],[70.265447,40.123966],[70.2523873,40.1259792],[70.2411622,40.1240056],[70.2283808,40.1272871],[70.2068228,40.1293222],[70.2066831,40.1322367],[70.2003801,40.1342616],[70.1979541,40.1444266],[70.1989984,40.1599288],[70.1934296,40.1698266],[70.1900058,40.1612763],[70.1852449,40.1575031],[70.1852229,40.1534264],[70.1804621,40.152601],[70.1786327,40.1450365],[70.175289,40.1429896],[70.1347461,40.1650542],[70.1010495,40.1881475],[70.0324804,40.2239585],[70.0238884,40.2267872],[70.0209392,40.230342],[70.0070282,40.2326456],[69.9999386,40.2284186],[69.995469,40.2346763],[69.8861277,40.2011255],[69.8337865,40.1918994],[69.8197692,40.1887098],[69.810822,40.1839252],[69.7840413,40.1794219],[69.7732438,40.1695692],[69.742525,40.1527028],[69.7046486,40.1362881],[69.687142,40.1207312],[69.6877212,40.1159854],[69.6766818,40.1082978],[69.6627553,40.109585],[69.662993,40.1174597],[69.6470583,40.1215107],[69.6098479,40.1130692],[69.6045915,40.1101267],[69.5821533,40.1046068],[69.5730655,40.1045988],[69.5559009,40.1222547],[69.5370182,40.1169382],[69.5358165,40.1017743],[69.5383915,40.0890399],[69.5184401,40.080154],[69.5133508,40.0568384],[69.5152197,40.0525855],[69.5107503,40.0459396],[69.5070581,40.0338442],[69.5084529,40.0281897],[69.5309457,39.9943172],[69.5260615,39.9695316],[69.5354374,39.9523565],[69.5386228,39.9370609],[69.5403329,39.9372666],[69.5385557,39.9316616],[69.5340626,39.9297332],[69.5305083,39.9314302],[69.5341996,39.9369583],[69.5265852,39.9440536],[69.5101886,39.944542],[69.498151,39.9417399],[69.4984193,39.9374208],[69.5001964,39.9369323],[69.502443,39.9312502],[69.499727,39.9274705],[69.493792,39.9266476],[69.4801484,39.9298815],[69.4751824,39.9228162],[69.4729693,39.922739],[69.4626565,39.9158175],[69.4595426,39.9186623],[69.4573832,39.9349614],[69.4549862,39.9368568],[69.4478518,39.9365612],[69.4344794,39.9231432],[69.4305049,39.9221861],[69.4270345,39.9294344],[69.4350959,39.9521576],[69.4317456,39.9584636],[69.4312075,39.9641524],[69.4347639,39.9738194],[69.4280303,39.98076],[69.4280777,39.9837031],[69.4319188,39.9882811],[69.4176928,39.9911512],[69.4031823,40.0002332],[69.3946468,40.002558],[69.3875401,39.9937507],[69.378524,39.9937307],[69.3721698,39.995983],[69.3672381,40.0109484],[69.361121,40.0192289],[69.3544348,40.0215167],[69.3509731,40.0210446],[69.3469424,40.0176673],[69.3542128,40.0053387],[69.3556677,39.9961647],[69.3591293,39.990025],[69.3563587,39.9840355],[69.3578016,39.9819227],[69.3576119,39.9716027],[69.356047,39.9690588],[69.3489341,39.9705125],[69.3442395,39.9684046],[69.3439713,39.9562422],[69.3368261,39.9603308],[69.3316895,39.951226],[69.3259043,39.9495538],[69.3201191,39.9514441],[69.3174636,39.9498446],[69.316041,39.938429],[69.3105185,39.9364762],[69.2968843,39.9204575],[69.2991704,39.9164402],[69.2990756,39.9104752],[69.3023787,39.9103474],[69.3128913,39.8916009],[69.3197506,39.8866102],[69.3205093,39.8824621],[69.3249668,39.8786048],[69.3295762,39.8780537],[69.3244111,39.8746487],[69.3188022,39.8751113],[69.3173696,39.870943],[69.307545,39.8736451],[69.3050159,39.8737756],[69.3032531,39.8721525],[69.2999339,39.8625232],[69.3036555,39.8468769],[69.2895791,39.8387131],[69.2822654,39.8361311],[69.2854717,39.830378],[69.2835512,39.825753],[69.281773,39.8264085],[69.277112,39.8233676],[69.2697382,39.8291216],[69.2649523,39.8060382]],[[70.999375,40.183479],[71.000601,40.185134],[71.02095,40.178147],[71.036028,40.180783],[71.039337,40.176982],[71.042402,40.178699],[71.041789,40.181824],[71.045099,40.183602],[71.067374,40.166861],[71.07344,40.160142],[71.081724,40.134801],[71.082442,40.124267],[71.089743,40.114049],[71.09464,40.10222],[71.092422,40.09374],[71.098716,40.090381],[71.102695,40.084836],[71.100021,40.0774],[71.101782,40.074921],[71.10276,40.056168],[71.113001,40.041622],[71.11685,40.029327],[71.114893,40.020651],[71.116067,40.018303],[71.121253,40.015759],[71.129341,40.016151],[71.137364,40.019738],[71.142159,40.026326],[71.155014,40.025425],[71.168739,40.028479],[71.180094,40.027485],[71.185112,40.031936],[71.19253,40.034876],[71.202786,40.037761],[71.207359,40.037628],[71.195815,40.015408],[71.186892,40.010746],[71.185382,40.001378],[71.171908,40.000401],[71.168179,40.001866],[71.165781,40.000579],[71.145026,40.001378],[71.142317,40.000224],[71.152515,39.994187],[71.1629061,39.9909239],[71.1675712,39.9873348],[71.1682119,39.984689],[71.1646195,39.976354],[71.1654799,39.971998],[71.1607038,39.9671239],[71.1397868,39.9589773],[71.1328756,39.9576358],[71.133059,39.954787],[71.141421,39.95154],[71.154518,39.951919],[71.164611,39.949862],[71.179088,39.952406],[71.194382,39.950132],[71.208013,39.953197],[71.215433,39.951826],[71.214304,39.950052],[71.205593,39.947229],[71.190672,39.947068],[71.197931,39.94118],[71.207851,39.939486],[71.22128,39.933598],[71.225179,39.930514],[71.226069,39.925938],[71.222001,39.923015],[71.217617,39.92454],[71.218061,39.922443],[71.213073,39.922189],[71.217585,39.916278],[71.215933,39.912211],[71.209705,39.9138],[71.196582,39.910972],[71.19334,39.906523],[71.199696,39.902011],[71.193849,39.896546],[71.181647,39.894576],[71.174276,39.895148],[71.166078,39.887109],[71.159723,39.889143],[71.15521,39.886473],[71.147267,39.888507],[71.141865,39.886473],[71.130839,39.886283],[71.128233,39.896896],[71.132873,39.903441],[71.134016,39.908208],[71.11994,39.922538],[71.108756,39.916946],[71.105991,39.913101],[71.105546,39.908271],[71.101733,39.907064],[71.09989,39.911004],[71.097602,39.908907],[71.097602,39.902552],[71.094806,39.897595],[71.095378,39.89429],[71.098619,39.892193],[71.099699,39.88927],[71.095569,39.885393],[71.094234,39.885393],[71.092677,39.890922],[71.085687,39.892256],[71.080476,39.896514],[71.064779,39.895752],[71.062491,39.897404],[71.056009,39.897658],[71.050893,39.900454],[71.05693,39.905221],[71.062713,39.906492],[71.065128,39.909034],[71.077838,39.914245],[71.079236,39.918312],[71.076123,39.924603],[71.076123,39.929433],[71.078093,39.935979],[71.082668,39.942525],[71.099731,39.953995],[71.103925,39.953169],[71.111234,39.957745],[71.120067,39.959524],[71.118161,39.968231],[71.1152728,39.9700008],[71.1080136,39.966956],[71.1024674,39.9706832],[71.0999,39.9743829],[71.1013768,39.9783633],[71.0986527,39.9781766],[71.0988104,39.979229],[71.0940382,39.9806175],[71.096522,39.98307],[71.093345,39.984722],[71.0899412,39.990353],[71.093345,39.995652],[71.100526,39.998893],[71.106881,39.990823],[71.11457,39.993937],[71.113106,40.005011],[71.114342,40.014194],[71.110015,40.020699],[71.096682,40.019286],[71.084967,40.023701],[71.072428,40.024761],[71.046556,40.023348],[71.024186,40.036534],[71.010205,40.050986],[71.004907,40.081421],[71.012795,40.087484],[71.015091,40.09237],[71.01933,40.120244],[71.008674,40.166926],[71.000785,40.178086],[70.999375,40.183479]],[[71.714499,39.966072],[71.729986,39.971786],[71.738723,39.977004],[71.762962,39.977357],[71.765816,39.981046],[71.771732,39.983342],[71.776987,39.987832],[71.787705,39.991033],[71.787636,39.993261],[71.783669,39.99333],[71.781581,39.995349],[71.790015,40.004249],[71.780869,40.01662],[71.776313,40.019487],[71.777815,40.021125],[71.78075,40.02075],[71.799929,40.003669],[71.810816,40.003772],[71.816702,40.001621],[71.820418,39.993504],[71.819931,39.989259],[71.822715,39.987727],[71.829118,39.98557],[71.858872,39.984213],[71.854975,39.969318],[71.847945,39.960687],[71.847249,39.950108],[71.844117,39.945445],[71.83065,39.95505],[71.797658,39.95853],[71.79049,39.966256],[71.787183,39.966603],[71.778483,39.962984],[71.777022,39.954771],[71.772428,39.948786],[71.759274,39.940225],[71.753914,39.934865],[71.7451,39.933733],[71.742532,39.938039],[71.747336,39.953608],[71.743195,39.955596],[71.723154,39.958784],[71.720421,39.958039],[71.719344,39.95249],[71.716834,39.952191],[71.714499,39.966072]],[[70.525426,39.876387],[70.531079,39.881383],[70.537274,39.891552],[70.566541,39.877087],[70.6005,39.875026],[70.607006,39.871813],[70.623587,39.874661],[70.660996,39.867445],[70.695153,39.864917],[70.701513,39.868953],[70.705786,39.875131],[70.719887,39.875709],[70.71777,39.864296],[70.719157,39.861025],[70.735598,39.869207],[70.741721,39.870685],[70.743346,39.869791],[70.737128,39.861655],[70.738408,39.846968],[70.735851,39.846139],[70.730279,39.84793],[70.729256,39.840797],[70.727628,39.840324],[70.721448,39.846574],[70.719512,39.846517],[70.711086,39.838724],[70.705086,39.835773],[70.703451,39.831078],[70.691502,39.816703],[70.68554,39.816054],[70.674717,39.817448],[70.662664,39.821243],[70.656699,39.819956],[70.656136,39.817998],[70.662265,39.806877],[70.66278,39.801912],[70.655151,39.788526],[70.647349,39.784464],[70.624282,39.778113],[70.621982,39.790573],[70.608738,39.79245],[70.605336,39.798576],[70.605491,39.800479],[70.613467,39.805472],[70.613706,39.814987],[70.606432,39.820162],[70.595147,39.834548],[70.55673,39.850888],[70.544958,39.849102],[70.537136,39.849694],[70.525426,39.876387]],[[71.0290364,40.2399421],[71.031115,40.251673],[71.037556,40.258287],[71.041851,40.258373],[71.043912,40.251845],[71.039618,40.242998],[71.041765,40.232777],[71.038759,40.227538],[71.03525,40.2283498],[71.0340396,40.2325734],[71.0291996,40.237189],[71.0290364,40.2399421]],[[71.654813,40.20643],[71.659929,40.207341],[71.668059,40.204888],[71.671914,40.201945],[71.671634,40.197529],[71.66028,40.201804],[71.654813,40.20643]]],[[[72.7581056,40.6658117],[72.7675872,40.6600648],[72.7747246,40.6639074],[72.7745841,40.6778526],[72.7602004,40.6761723],[72.7581056,40.6658117]]]]}},{"type":"Feature","properties":{"shapeName":"Tajikistan","shapeISO":"TJK","shapeID":"77803701B1067761429982","shapeGroup":"TJK","shapeType":"ADM0","countryCode":"TJK"},"geometry":{"type":"MultiPolygon","coordinates":[[[[70.607006,39.871813],[70.6005,39.875026],[70.566541,39.877087],[70.537274,39.891552],[70.531079,39.881383],[70.525426,39.876387],[70.537136,39.849694],[70.544958,39.849102],[70.55673,39.850888],[70.595147,39.834548],[70.606432,39.820162],[70.613706,39.814987],[70.613467,39.805472],[70.605491,39.800479],[70.605336,39.798576],[70.608738,39.79245],[70.621982,39.790573],[70.624282,39.778113],[70.647349,39.784464],[70.655151,39.788526],[70.66278,39.801912],[70.662265,39.806877],[70.656136,39.817998],[70.656699,39.819956],[70.662664,39.821243],[70.674717,39.817448],[70.68554,39.816054],[70.691502,39.816703],[70.703451,39.831078],[70.705086,39.835773],[70.711086,39.838724],[70.719512,39.846517],[70.721448,39.846574],[70.727628,39.840324],[70.729256,39.840797],[70.730279,39.84793],[70.735851,39.846139],[70.738408,39.846968],[70.737128,39.861655],[70.743346,39.869791],[70.741721,39.870685],[70.735598,39.869207],[70.719157,39.861025],[70.71777,39.864296],[70.719887,39.875709],[70.705786,39.875131],[70.701513,39.868953],[70.695153,39.864917],[70.660996,39.867445],[70.623587,39.874661],[70.607006,39.871813]]],[[[70.58201679999996,40.993699],[70.5644975,41.0066008],[70.5586214,41.00445779999996],[70.549701,40.995271],[70.544034,40.991909],[70.542867,40.988518],[70.552988,40.988024],[70.568776,40.99089],[70.585555,40.983122],[70.593342,40.976267],[70.602848,40.971949],[70.61008,40.965946],[70.6305683,40.9431116],[70.656662,40.918425],[70.669533,40.9145],[70.669581,40.917899],[70.662406,40.927304],[70.642394,40.943607],[70.616362,40.973124],[70.596849,40.986441],[70.58201679999996,40.993699]]],[[[70.451633,41.03855260000004],[70.44846510000004,41.04324990000003],[70.44494510000001,41.04509349999998],[70.43001729999999,41.037056],[70.4213945,41.034432799999955],[70.41384569999998,41.03446189999997],[70.40075259999996,41.026823900000025],[70.39572049999998,41.026858500000046],[70.39079910000002,41.01499689999996],[70.38553620000003,41.009779899999955],[70.3746187,41.002939700000034],[70.37663630000004,40.996199300000015],[70.38016240000003,40.99256480000003],[70.38311740000002,40.97861190000002],[70.38795350000002,40.974068299999956],[70.388872,40.9671064],[70.38725040000003,40.95145260000003],[70.38162880000003,40.94630059999999],[70.37060230000003,40.94326489999999],[70.375475,40.923108599999985],[70.3792527,40.91814120000003],[70.37182280000003,40.89799680000003],[70.35497859999998,40.888982399999975],[70.3351018,40.88198860000004],[70.32924249999998,40.88650909999997],[70.32636610000002,40.8864945],[70.321551,40.8838],[70.31426110000004,40.883226],[70.302532,40.877028299999964],[70.28635369999996,40.8747347],[70.27841930000001,40.87106529999997],[70.2743734,40.86678170000001],[70.266365,40.850159799999965],[70.24445909999997,40.83986119999997],[70.23762549999998,40.83878219999996],[70.22758960000004,40.83436270000004],[70.2190692,40.82849319999996],[70.21368319999998,40.82810770000004],[70.20126390000001,40.822215799999974],[70.193361,40.82745869999999],[70.18395829999997,40.83095980000004],[70.18117709999999,40.833773],[70.17376689999998,40.8322486],[70.16271329999995,40.83423],[70.15175660000004,40.83072250000003],[70.14235070000002,40.8244211],[70.12738580000003,40.82206229999998],[70.12010169999996,40.8152579],[70.12438530000001,40.807398799999966],[70.12106230000005,40.79888710000003],[70.11571630000003,40.79372490000003],[70.11371149999997,40.78711509999999],[70.09840729999998,40.78158520000003],[70.092349,40.774971],[70.08222690000004,40.7692122],[70.078244,40.762963],[70.0681728,40.755183],[70.05499550000003,40.75547880000003],[70.047157,40.753006],[70.03913689999999,40.75316980000002],[70.035534,40.747087],[70.03213410000002,40.74485749999998],[70.01915449999998,40.7426217],[70.00651430000005,40.7360093],[69.99820550000003,40.7355423],[69.986028,40.7381498],[69.9814872,40.7373682],[69.97392610000003,40.738914799999975],[69.96348729999998,40.732020800000036],[69.961456,40.725829],[69.95099740000005,40.725791],[69.94062350000004,40.71932190000004],[69.931455,40.71658530000001],[69.91736309999997,40.7204313],[69.90702430000003,40.719753500000046],[69.90341379999998,40.7210249],[69.89561470000004,40.71984560000003],[69.89149919999996,40.721667699999976],[69.88991870000001,40.7255604],[69.88192949999997,40.72214720000004],[69.8787309,40.7183553],[69.87267119999998,40.715202],[69.86571609999997,40.71480489999996],[69.84140940000002,40.70660509999998],[69.83508829999997,40.6996686],[69.832539,40.701071900000024],[69.82490830000002,40.70067470000002],[69.82015,40.705779599999985],[69.81595179999997,40.707322],[69.79316440000004,40.7015934],[69.78964369999997,40.6895212],[69.78170110000005,40.68323159999997],[69.77994,40.67861520000002],[69.7748788,40.674966],[69.7739514,40.66958560000004],[69.77024419999996,40.66442410000001],[69.76169070000003,40.65925460000003],[69.7648903,40.65157539999996],[69.75825140000003,40.6452328],[69.7538982,40.64346889999998],[69.74897379999996,40.64517889999998],[69.74233220000004,40.64232750000004],[69.73485179999999,40.63513869999996],[69.7280206,40.6332648],[69.72048740000004,40.628688900000014],[69.71205010000004,40.63048590000002],[69.70897179999999,40.6286287],[69.69842929999997,40.62747669999999],[69.69542139999996,40.63003610000001],[69.6898067,40.630377899999964],[69.685285,40.632711],[69.6692671,40.6341375],[69.66655390000004,40.6388072],[69.66653580000005,40.6489738],[69.66331110000004,40.6513482],[69.66228480000004,40.657646],[69.65320259999997,40.665726400000025],[69.65169410000003,40.671089500000036],[69.643268,40.67482419999996],[69.63658129999997,40.67320349999998],[69.625336,40.67626269999997],[69.6150052,40.6903843],[69.60524160000004,40.6918291],[69.60313320000003,40.69464740000003],[69.593442,40.69726460000004],[69.58313729999998,40.704598500000046],[69.58257479999997,40.71096690000002],[69.5789682,40.71313420000001],[69.57903909999999,40.7151016],[69.57434369999999,40.720316900000036],[69.5733423,40.729542399999964],[69.57551269999998,40.73155749999999],[69.55733330000002,40.7544244],[69.54730730000003,40.762965],[69.53239539999998,40.76795570000004],[69.52809230000001,40.77120329999998],[69.51419780000003,40.7723337],[69.50187540000002,40.77049860000003],[69.4995843,40.77732890000002],[69.49327060000002,40.781935699999984],[69.47953270000004,40.78433850000002],[69.47120580000002,40.789455199999985],[69.46254640000004,40.79175659999998],[69.43476870000003,40.79222290000001],[69.40731710000001,40.788678400000016],[69.39370570000001,40.78989309999998],[69.3889695,40.78868969999997],[69.3853798,40.78600340000002],[69.37561710000003,40.772186499999975],[69.3624242,40.767088200000025],[69.3593842,40.75533270000002],[69.3617391,40.753081],[69.35919970000002,40.75028169999998],[69.36445830000001,40.74430080000001],[69.3596909,40.739659],[69.36292309999999,40.734391],[69.36070270000003,40.732538499999976],[69.35113380000003,40.73211510000002],[69.355893,40.72669330000004],[69.34916940000002,40.72682210000004],[69.34676429999998,40.7243955],[69.34618650000004,40.7122066],[69.33960480000002,40.71251690000001],[69.334445,40.70893749999997],[69.33444979999999,40.70641120000002],[69.328556,40.70406270000004],[69.32988209999998,40.699188599999985],[69.3339518,40.69686339999998],[69.33465029999998,40.69440519999998],[69.33767549999999,40.6934372],[69.33781389999999,40.68979340000004],[69.34253780000004,40.6851351],[69.3394051,40.66752709999998],[69.33899640000004,40.6582956],[69.3414091,40.651728899999966],[69.33958790000004,40.639590399999975],[69.34844610000005,40.613903300000025],[69.34645729999998,40.59131160000004],[69.34763740000001,40.589473800000036],[69.34350810000004,40.57955830000003],[69.32844090000002,40.57918309999999],[69.3248425,40.57743869999998],[69.32281649999997,40.578863900000044],[69.31787740000004,40.576654500000025],[69.30604860000001,40.5785885],[69.28950189999996,40.57703680000004],[69.2846266,40.580062],[69.28163950000003,40.5764888],[69.27603339999997,40.5740006],[69.2629332,40.576131900000036],[69.2504875,40.565302800000026],[69.24106730000003,40.5624493],[69.23353920000002,40.5545293],[69.22621109999996,40.549834899999986],[69.22065690000004,40.54779270000003],[69.21117690000001,40.54685389999998],[69.21184089999997,40.540832500000036],[69.22120119999995,40.536407899999965],[69.22039490000003,40.53119710000003],[69.2286278,40.52587810000003],[69.23087380000003,40.5226758],[69.240464,40.519920400000025],[69.24796819999999,40.51023309999999],[69.25642440000004,40.50704],[69.26279410000004,40.49997910000004],[69.2798596,40.49285540000002],[69.27864619999998,40.48945209999998],[69.27162689999997,40.48790419999998],[69.26974819999997,40.484361599999964],[69.27249380000003,40.47958359999996],[69.26642570000004,40.47594760000003],[69.26861450000004,40.47054820000004],[69.2717881,40.46827430000001],[69.26771959999998,40.45971810000003],[69.27932540000005,40.451884],[69.28393179999998,40.4434292],[69.282756,40.436318299999975],[69.28474869999997,40.43474540000004],[69.2840481,40.42738609999998],[69.2859791,40.4236111],[69.28339690000003,40.420000599999966],[69.28853980000004,40.415353500000045],[69.29486770000003,40.4149558],[69.2984432,40.411835],[69.29776160000002,40.407961],[69.2915978,40.40434830000003],[69.29111549999999,40.40238070000003],[69.29294310000003,40.39495760000002],[69.2974264,40.391465299999986],[69.30403190000004,40.3898702],[69.30650429999997,40.386785400000015],[69.30716620000003,40.3799935],[69.30334920000004,40.37579430000002],[69.30261360000002,40.36813540000003],[69.31618320000003,40.35666450000003],[69.32569190000002,40.351696799999964],[69.33628949999998,40.34875569999998],[69.34050829999998,40.339021599999974],[69.3380353,40.321348399999984],[69.33427320000004,40.317155],[69.33292939999995,40.312561],[69.32771259999997,40.30827489999999],[69.32657249999997,40.30244530000002],[69.32828730000001,40.297211899999986],[69.3227427,40.2927099],[69.31866930000002,40.29301740000003],[69.31163779999999,40.2903322],[69.30729139999998,40.286183600000015],[69.30743,40.28188809999997],[69.26534660000002,40.29737980000002],[69.25986580000004,40.29721479999996],[69.24919960000001,40.303492599999984],[69.24661180000003,40.295443300000024],[69.25252230000004,40.291329],[69.2546688,40.28370930000002],[69.24905949999996,40.28102509999997],[69.24778459999999,40.2748134],[69.25130319999998,40.27066329999999],[69.25489990000003,40.26957779999997],[69.25656319999999,40.26558420000003],[69.26117029999997,40.26382470000002],[69.2626938,40.2582801],[69.2676972,40.25857130000003],[69.2772165,40.25354459999996],[69.28573360000001,40.251040199999956],[69.28970980000003,40.24783250000003],[69.30145489999998,40.244813399999984],[69.2971302,40.2338033],[69.28863730000002,40.22568520000004],[69.29048170000003,40.217441],[69.2958025,40.2133056],[69.29897929999996,40.2072579],[69.29881280000004,40.19975380000004],[69.300419,40.19665260000004],[69.30550680000003,40.1950935],[69.30430059999998,40.18781189999997],[69.29965369999998,40.18844959999998],[69.27545110000003,40.201110700000044],[69.26179939999997,40.199988800000035],[69.2462507,40.20737129999998],[69.22989109999997,40.207425],[69.19773660000004,40.21507280000002],[69.16978150000003,40.212125399999955],[69.16528070000004,40.210576599999975],[69.14918940000001,40.21600480000004],[69.1246318,40.2192902],[69.07820359999997,40.2228571],[69.0756867,40.22145010000001],[69.06119950000001,40.22277419999997],[69.0521159,40.2266111],[69.03574959999997,40.22873389999996],[68.86276159999996,40.2100349],[68.85161719999998,40.203195],[68.85195949999996,40.197777500000036],[68.8472014,40.19517779999996],[68.84073019999997,40.194008],[68.84346759999998,40.1833704],[68.823662,40.17902970000004],[68.8106052,40.177932],[68.7972997,40.1726025],[68.7795653,40.2039258],[68.71197560000003,40.18696570000004],[68.69400490000002,40.18138949999998],[68.68843969999999,40.178306300000045],[68.68112609999997,40.178600599999974],[68.65364530000002,40.17295170000003],[68.60670530000002,40.1611251],[68.59794519999996,40.15713069999999],[68.58149330000003,40.153787300000026],[68.5547714,40.15100649999998],[68.53286060000003,40.14382089999999],[68.531026,40.117770199999974],[68.63323639999999,40.076677299999965],[68.6544039,40.08193939999997],[68.69409539999997,40.095042900000045],[68.70203750000002,40.0944327],[68.72282520000005,40.09930029999997],[68.73638810000003,40.09905210000004],[68.7503405,40.10133549999996],[68.7658304,40.09796780000003],[68.77313550000002,40.09937930000002],[68.782419,40.1071691],[68.81122380000002,40.1166294],[68.8306196,40.11799689999999],[68.847767,40.12137880000003],[68.8523441,40.12397860000002],[68.8590747,40.12452050000001],[68.88164330000002,40.13307490000001],[68.8971814,40.137091],[68.91466260000001,40.13949059999999],[68.92645,40.14343940000004],[68.94100210000003,40.1453056],[68.98214760000003,40.14216730000003],[68.99681229999997,40.1497692],[69.00441009999996,40.151966700000024],[69.01516309999998,40.15347969999998],[69.022835,40.1525837],[69.02522239999998,40.14665320000003],[69.0256939,40.127703400000016],[69.02544879999998,40.1180368],[69.00845340000002,40.09913270000004],[68.99551710000001,40.0902182],[68.98124590000003,40.09356230000002],[68.9710992,40.092577900000016],[68.9604763,40.08803740000003],[68.957292,40.08370370000002],[68.96807780000003,40.06579379999999],[68.94462429999997,40.0615689],[68.926467,40.0624876],[68.9158045,40.06117090000002],[68.9120796,40.0654119],[68.90483679999997,40.06794120000003],[68.90124650000001,40.066495],[68.89722509999999,40.04978519999997],[68.8933371,40.04821420000001],[68.88856930000003,40.054979400000036],[68.87717159999995,40.0556746],[68.865522,40.0547341],[68.84631510000004,40.04782380000004],[68.85620079999997,40.0341496],[68.87490530000002,40.002170600000014],[68.889442,39.988935],[68.91120129999997,39.95413710000003],[68.916553,39.933597700000036],[68.93037619999996,39.92662990000004],[68.93455830000005,39.921490699999985],[68.9346415,39.91546390000004],[68.9235163,39.91146989999998],[68.90953939999996,39.88045610000001],[68.89414150000002,39.86834250000003],[68.87114839999995,39.86399549999999],[68.8489189,39.8694059],[68.85006760000002,39.88753050000004],[68.84867960000001,39.917271],[68.84479109999998,39.941577],[68.82809669999997,39.971016900000016],[68.82353869999996,39.98642919999999],[68.81973459999998,39.985843],[68.8210422,39.979015],[68.81118019999997,39.9744003],[68.81264319999997,39.968645299999984],[68.81657749999997,39.96805],[68.8230659,39.94835660000004],[68.82848509999995,39.946001500000044],[68.8358249,39.93713880000002],[68.83901240000004,39.91935160000001],[68.84183430000002,39.912894100000045],[68.84044479999999,39.889265],[68.8273769,39.87286830000004],[68.80934860000004,39.8635062],[68.7893218,39.860108],[68.78286049999998,39.853539500000025],[68.7770168,39.8297043],[68.7719115,39.82598019999998],[68.7619015,39.82428],[68.7497104,39.831249599999964],[68.743012,39.852475199999986],[68.73421870000003,39.85712969999999],[68.7213905,39.85812410000002],[68.71591549999997,39.85392910000002],[68.70480740000005,39.85068],[68.68145659999996,39.835006],[68.66859019999997,39.83666070000004],[68.66938740000002,39.84303260000003],[68.66731340000001,39.8455881],[68.6530438,39.84678630000002],[68.64009569999999,39.85403780000004],[68.6358288,39.8548918],[68.6329842,39.8523724],[68.62953850000001,39.8396992],[68.635227,39.82930620000002],[68.6337968,39.76301750000003],[68.61465440000003,39.74016529999999],[68.60560979999997,39.73823739999999],[68.59306659999999,39.72974590000004],[68.58852430000003,39.72486829999996],[68.59634650000002,39.7193308],[68.60528889999998,39.71664149999997],[68.6064991,39.69238120000004],[68.62992359999998,39.68196980000004],[68.62111240000004,39.6673703],[68.61756750000002,39.6372633],[68.61177950000003,39.63814519999997],[68.60568210000001,39.6303458],[68.59932039999997,39.6252845],[68.5798278,39.6259437],[68.57188,39.60341440000003],[68.56365690000004,39.59871219999999],[68.55076670000003,39.59949569999998],[68.54502639999998,39.5882162],[68.53812890000002,39.58465309999998],[68.53658789999997,39.571310099999984],[68.54627340000005,39.55989289999999],[68.54158919999998,39.54969450000002],[68.54840659999998,39.54442270000002],[68.54793940000005,39.53872339999999],[68.52523690000004,39.53429419999998],[68.524261,39.532359699999965],[68.51203179999999,39.530641299999985],[68.51020010000005,39.5346015],[68.5064381,39.5355386],[68.50176919999996,39.53992720000003],[68.49056479999999,39.542567099999964],[68.48872430000002,39.53980959999998],[68.48146169999997,39.538993],[68.47961859999997,39.536186],[68.46477260000005,39.538088899999984],[68.4604,39.5343375],[68.45588760000004,39.533649099999984],[68.45135640000002,39.536231],[68.44780130000004,39.53646310000002],[68.44352250000004,39.540019600000036],[68.42402989999997,39.53785640000002],[68.41532949999996,39.5422927],[68.40841190000003,39.54076440000002],[68.39128639999997,39.54442080000004],[68.3772365,39.538038499999985],[68.3694592,39.529854],[68.35294320000001,39.53361620000001],[68.34878869999999,39.538716],[68.33821690000005,39.54427],[68.317106,39.55021149999999],[68.30957629999997,39.5541255],[68.2989914,39.549433],[68.28525230000001,39.5593756],[68.27878649999997,39.56032849999997],[68.27094189999998,39.55831259999997],[68.25849670000002,39.559176799999975],[68.25068869999996,39.56223450000002],[68.24070469999997,39.55604],[68.23563889999996,39.5567768],[68.212908,39.5515523],[68.194913,39.553949800000034],[68.18698509999999,39.56038490000002],[68.17410449999997,39.566393],[68.1602315,39.56210629999998],[68.14432530000002,39.56392940000001],[68.13357829999995,39.55989340000003],[68.11481950000002,39.560256200000026],[68.11117769999997,39.56331069999998],[68.08041510000001,39.575280599999964],[68.06471840000005,39.57104560000003],[68.03553870000003,39.576583500000034],[68.02088849999997,39.5846683],[67.99911110000004,39.59055589999997],[67.9761408,39.6047946],[67.94907280000001,39.60353079999998],[67.93892040000003,39.598839200000015],[67.91210379999997,39.60906830000003],[67.89990280000005,39.610734100000016],[67.87507949999998,39.627375],[67.8619105,39.623838199999966],[67.83587479999998,39.630676700000016],[67.82901480000001,39.639240800000024],[67.8171669,39.64371329999997],[67.8057368,39.6530837],[67.7931366,39.656958599999975],[67.78184469999998,39.646826099999956],[67.76592830000004,39.64052089999998],[67.76078889999998,39.63991749999997],[67.73545180000004,39.6506577],[67.707976,39.65965770000001],[67.68368909999997,39.6387253],[67.67993869999998,39.63812159999997],[67.664609,39.641642400000045],[67.65978440000005,39.63671989999999],[67.651498,39.6353773],[67.6478,39.63019920000003],[67.64733359999998,39.62513770000002],[67.63450750000003,39.61992830000002],[67.628974,39.61336750000003],[67.6283017,39.610052500000016],[67.63045320000003,39.604302599999976],[67.6275609,39.600810599999974],[67.6185525,39.60021010000003],[67.61400360000003,39.598118100000036],[67.59200090000002,39.597331200000035],[67.58243450000003,39.599957],[67.5757174,39.594708800000035],[67.5655186,39.59454340000003],[67.557467,39.58842140000002],[67.54861019999997,39.58854549999999],[67.546141,39.590282900000034],[67.53476130000003,39.58957970000002],[67.5307892,39.58515339999999],[67.52418690000005,39.58411920000004],[67.5195706,39.58010630000001],[67.50899610000002,39.57919610000002],[67.49858260000002,39.583746899999966],[67.4837676,39.57679649999998],[67.47045549999997,39.5773344],[67.46337010000002,39.5751416],[67.4537486,39.578848],[67.45209780000002,39.578286],[67.45073660000001,39.576794],[67.45626390000002,39.57372150000002],[67.45003089999997,39.56719349999999],[67.44392839999998,39.5502319],[67.445812,39.548318600000044],[67.45132510000003,39.5487539],[67.45579439999999,39.546895399999975],[67.46051050000003,39.5421027],[67.46414940000001,39.54329169999996],[67.47058050000001,39.54163019999998],[67.471463,39.536173],[67.46906519999996,39.53279149999999],[67.46630109999997,39.53134380000002],[67.4390539,39.536846599999954],[67.42280609999999,39.53628439999998],[67.41353329999995,39.5351253],[67.4100043,39.53273080000003],[67.40192250000001,39.533434900000024],[67.39672749999997,39.52805390000004],[67.39455890000004,39.52314109999998],[67.39813120000002,39.52164830000002],[67.3974998,39.519359299999984],[67.40267449999997,39.514591799999955],[67.40275929999997,39.509867],[67.40909890000005,39.506507699999965],[67.43639210000002,39.4986332],[67.4472606,39.489307699999955],[67.45150909999998,39.47991780000001],[67.45815039999997,39.47382639999996],[67.46454309999999,39.46272120000002],[67.46354469999999,39.45167780000004],[67.4613164,39.45048529999996],[67.45570480000003,39.4410598],[67.46211650000004,39.43778620000004],[67.46018449999995,39.42301239999996],[67.48078109999999,39.41007209999997],[67.48301010000003,39.405254],[67.4876085,39.37823],[67.4740346,39.35558450000004],[67.47029249999999,39.3438135],[67.47439130000002,39.33377840000004],[67.47467590000004,39.32348219999999],[67.44917649999998,39.31255270000002],[67.38675270000003,39.314406800000036],[67.365866,39.309875],[67.34323959999998,39.30917460000002],[67.33692009999997,39.30554459999997],[67.33861350000002,39.2964206],[67.358028,39.28517159999997],[67.3308737,39.23723310000004],[67.3556266,39.227956],[67.4007018,39.226376299999956],[67.40230839999997,39.22129489999998],[67.4412997,39.21205170000001],[67.4620968,39.20319040000001],[67.50020619999998,39.197002599999976],[67.50260419999996,39.18328450000003],[67.53425470000003,39.18009720000001],[67.54998510000004,39.180284399999955],[67.56881149999997,39.18346140000001],[67.58418239999997,39.188338599999966],[67.60936429999995,39.1779264],[67.62487350000005,39.166984699999986],[67.62472239999998,39.1524578],[67.63014539999998,39.14651540000002],[67.64255889999998,39.144001],[67.662635,39.14356150000004],[67.67524669999999,39.1451432],[67.67759969999999,39.1291521],[67.67443020000002,39.098979199999974],[67.66809069999995,39.08465560000002],[67.673454,39.07187510000002],[67.67164939999998,39.06354679999998],[67.68093029999996,39.057656200000025],[67.6835822,39.05382290000003],[67.683452,39.0433606],[67.678636,39.03926619999997],[67.68590149999996,39.02490649999996],[67.68143450000002,39.01848729999996],[67.693631,39.01302469999998],[67.693886,39.008015],[67.698553,39.003204],[67.7038,39.00056],[67.709354,39.000517],[67.714956,39.004599],[67.722136,39.00107],[67.727413,39.001029],[67.740245,39.005704],[67.749638,39.001505],[67.756914,39.006006],[67.767871,39.01612],[67.79476,39.011557],[67.810597,39.011857],[67.815084,39.015075],[67.820101,39.016335],[67.82616,39.012375],[67.83144,39.012547],[67.834467,39.010349],[67.843071,39.00984],[67.857987,39.003629],[67.869066,39.001359],[67.878843,39.005396],[67.883125,39.013606],[67.888719,39.016377],[67.890704,39.019181],[67.894886,39.020228],[67.904022,39.017973],[67.921648,39.026491],[67.924669,39.024075],[67.94023,39.024143],[67.946031,39.021916],[67.955506,39.023778],[67.966608,39.023018],[67.973596,39.025772],[67.981475,39.032207],[67.985666,39.033684],[67.989813,39.03234],[67.992812,39.028619],[67.993311,39.024924],[67.999887,39.018996],[68.020247,39.013963],[68.027756,39.010077],[68.047743,39.016811],[68.060243,39.017258],[68.06607,39.02116],[68.068009,39.024841],[68.074678,39.023765],[68.078842,39.026366],[68.086626,39.022693],[68.094405,39.022916],[68.100525,39.016426],[68.10386,39.01513],[68.114973,39.014054],[68.11831,39.010809],[68.11915,39.003883],[68.129987,38.997395],[68.134998,38.982028],[68.138887,38.978999],[68.139723,38.97532],[68.134729,38.96969],[68.134457,38.962763],[68.136124,38.960383],[68.140565,38.959952],[68.150006,38.954543],[68.152783,38.951297],[68.158612,38.949133],[68.173045,38.947836],[68.188587,38.940476],[68.196079,38.938527],[68.203291,38.925322],[68.207174,38.921641],[68.207728,38.918178],[68.196908,38.915366],[68.195241,38.898266],[68.179988,38.893938],[68.178879,38.890691],[68.181097,38.886794],[68.179989,38.880084],[68.185257,38.874239],[68.201336,38.866877],[68.201333,38.856704],[68.187474,38.852593],[68.176388,38.845667],[68.171955,38.839173],[68.171402,38.831163],[68.161151,38.83008],[68.154225,38.827049],[68.133445,38.827692],[68.131506,38.826609],[68.133727,38.819899],[68.123479,38.817731],[68.114613,38.818592],[68.099379,38.816202],[68.095227,38.813818],[68.069735,38.818343],[68.067813,38.807735],[68.069204,38.80384],[68.066719,38.798859],[68.0706,38.796698],[68.076692,38.79692],[68.077803,38.794756],[68.091376,38.792602],[68.099973,38.782218],[68.101645,38.772478],[68.121319,38.752141],[68.127976,38.733095],[68.103355,38.72897],[68.082881,38.728522],[68.060485,38.719411],[68.057724,38.716378],[68.056901,38.712264],[68.063558,38.701664],[68.064394,38.697552],[68.074085,38.690201],[68.073543,38.682841],[68.079638,38.674404],[68.077437,38.666825],[68.080414,38.662041],[68.081235,38.65257],[68.092832,38.642455],[68.090893,38.639011],[68.081491,38.631692],[68.077599,38.605002],[68.07952,38.592303],[68.07703,38.586921],[68.067639,38.583691],[68.065701,38.577449],[68.060727,38.571421],[68.061271,38.559367],[68.067888,38.549683],[68.070911,38.533756],[68.084155,38.533327],[68.08608,38.527515],[68.084419,38.522134],[68.085242,38.517183],[68.091586,38.516322],[68.098503,38.518656],[68.10123419999996,38.515802],[68.1050916,38.5048934],[68.09694870000003,38.49281149999998],[68.10908549999998,38.4829498],[68.11642410000002,38.46811210000004],[68.08160849999999,38.4260515],[68.07044180000003,38.41988959999997],[68.06488489999997,38.41021039999998],[68.06191450000004,38.392725500000026],[68.07949640000002,38.39011470000001],[68.08023019999999,38.388234400000044],[68.08913539999998,38.3917848],[68.09268490000002,38.389307500000015],[68.10983970000002,38.40210449999996],[68.13113629999997,38.40976760000002],[68.1375302,38.4102204],[68.14102089999999,38.399709600000044],[68.1459008,38.3971585],[68.15275850000003,38.389407300000016],[68.15721330000002,38.374270199999984],[68.16554550000004,38.368557800000026],[68.17007420000002,38.3675056],[68.18172059999996,38.368679],[68.18462969999997,38.36516809999996],[68.1917739,38.36322219999998],[68.2068495,38.354925],[68.207546,38.350519],[68.213858,38.344055],[68.209714,38.338678],[68.212735,38.336307],[68.223747,38.338017],[68.226214,38.33457],[68.226193,38.327897],[68.232778,38.321862],[68.24955,38.318395],[68.255054,38.319033],[68.255893,38.322907],[68.263588,38.320312],[68.269091,38.320519],[68.282312,38.324372],[68.289185,38.323069],[68.293013,38.31682],[68.296858,38.315306],[68.290725,38.294652],[68.302392,38.255669],[68.305133,38.253727],[68.31694,38.25069],[68.319404,38.248533],[68.319096,38.240784],[68.329239,38.234951],[68.333358,38.234297],[68.344643,38.238147],[68.348486,38.237277],[68.361686,38.238969],[68.37079,38.245836],[68.373794,38.241953],[68.373978,38.224086],[68.378612,38.216971],[68.379917,38.203621],[68.387063,38.204248],[68.395293,38.20229],[68.4039525,38.198909500000035],[68.40465319999998,38.19657829999998],[68.40209260000003,38.192855],[68.405344,38.18074250000004],[68.4035639,38.17337469999999],[68.39649140000004,38.16359920000002],[68.39948740000004,38.1578625],[68.39458619999996,38.15408549999996],[68.395139,38.1441028],[68.39383740000001,38.1428673],[68.38721580000005,38.14345529999998],[68.3877271,38.132885500000015],[68.37774220000001,38.118356899999974],[68.37645229999997,38.11034320000003],[68.38067229999999,38.10464860000004],[68.374137,38.0983116],[68.37302680000005,38.09265219999999],[68.37707040000004,38.08451519999997],[68.37270589999996,38.08104220000003],[68.3687292,38.07182650000002],[68.3651084,38.0685319],[68.36130709999998,38.0685319],[68.35760789999996,38.06429549999996],[68.34730130000003,38.06242889999997],[68.34324089999997,38.06000130000002],[68.3427635,38.056072800000045],[68.33480520000002,38.05075360000002],[68.33256539999998,38.043173],[68.324152,38.038499100000024],[68.3222466,38.032549299999964],[68.31623919999997,38.03249860000003],[68.30749650000001,38.02920930000001],[68.3009493,38.01723029999999],[68.29984449999998,38.010144],[68.2888332,37.99928690000002],[68.28562209999996,37.988409800000035],[68.2876365,37.98268260000001],[68.28438889999998,37.97911590000004],[68.28735430000002,37.97334050000002],[68.287025,37.970316099999984],[68.279777,37.9648341],[68.28451659999998,37.9551827],[68.2811623,37.950609],[68.28239449999998,37.946496],[68.28130860000002,37.94368980000004],[68.2744115,37.937998200000024],[68.27592660000005,37.9312105],[68.28483309999996,37.92671129999997],[68.27851279999997,37.9118508],[68.26428859999999,37.89891329999998],[68.262779,37.90945],[68.255749,37.91816],[68.225511,37.932167],[68.202577,37.933829],[68.193488,37.933098],[68.191232,37.934953],[68.187366,37.935425],[68.175925,37.93262],[68.163699,37.934915],[68.152767,37.930932],[68.136671,37.934089],[68.129847,37.930615],[68.125292,37.923914],[68.123592,37.888161],[68.104595,37.852313],[68.083888,37.829415],[68.082787,37.812911],[68.080717,37.807891],[68.071362,37.796839],[68.062469,37.79011],[68.038023,37.744694],[68.023098,37.733014],[68.01909,37.723268],[68.010552,37.719777],[68.012386,37.709969],[67.994469,37.687529],[67.990619,37.68339],[67.982672,37.679455],[67.966904,37.675434],[67.962808,37.672873],[67.924351,37.623375],[67.87869670000005,37.6375557],[67.8634692,37.63685060000001],[67.86746619999995,37.6312685],[67.86736759999997,37.619263],[67.851836,37.61243960000004],[67.86082809999996,37.5968794],[67.862878,37.5962151],[67.8621982,37.5916313],[67.85205709999998,37.58419590000003],[67.85223690000002,37.580388599999964],[67.84156,37.5687025],[67.83798470000002,37.55409009999996],[67.83038949999998,37.54431549999998],[67.83137550000004,37.5339892],[67.8353877,37.52325639999997],[67.8334759,37.50712210000004],[67.8276921,37.501999],[67.82031509999997,37.48560619999998],[67.81468030000005,37.48001559999997],[67.80875289999997,37.4667845],[67.8055682,37.4337437],[67.78985120000003,37.418626400000015],[67.79148610000004,37.41161189999997],[67.8004834,37.39973329999999],[67.79921820000004,37.397038],[67.80044959999996,37.38829080000003],[67.81487530000001,37.376735200000034],[67.821161,37.35767380000003],[67.83122310000003,37.34822630000002],[67.84200240000001,37.32856419999996],[67.8406916,37.30803869999996],[67.83742530000002,37.30148739999996],[67.82948439999997,37.291046],[67.825283,37.28831939999996],[67.82632690000001,37.2843899],[67.82287380000004,37.2762446],[67.815582,37.26974449999997],[67.81193420000002,37.2683869],[67.81319809999998,37.26626989999998],[67.8105652,37.262914199999976],[67.81492209999998,37.24606859999999],[67.7962379,37.20212239999997],[67.7934908,37.2016943],[67.788453,37.189087],[67.7913095,37.1382276],[67.78685129999998,37.12113139999997],[67.778889,37.101667],[67.79054450000002,37.08576229999997],[67.8031433,37.0778503],[67.827183,37.073853599999985],[67.8364933,37.068760400000016],[67.85406539999997,37.066224900000016],[67.861389,37.066944],[67.88,37.063611],[67.885556,37.061389],[67.889444,37.056667],[67.899722,37.031389],[67.910556,37.014444],[67.91913279999997,37.008512299999964],[67.93385480000003,37.002241199999965],[67.950833,36.99],[67.961944,36.986111],[67.976944,36.976389],[67.99683779999997,36.94910270000002],[68.001389,36.936111],[68.015556,36.925278],[68.01975040000004,36.924420800000014],[68.043056,36.926111],[68.057222,36.931944],[68.077778,36.946111],[68.090556,36.952222],[68.112222,36.966111],[68.174167,37.014444],[68.187222,37.020556],[68.194444,37.021111],[68.212778,37.017778],[68.240833,37.0075],[68.253056,37.005],[68.275,37.012222],[68.283333,37.02],[68.284167,37.030556],[68.281667,37.047778],[68.277778,37.06],[68.278333,37.086944],[68.286111,37.100556],[68.294722,37.108333],[68.301667,37.111111],[68.315556,37.111389],[68.334444,37.108889],[68.350833,37.101667],[68.349167,37.102778],[68.376667,37.098333],[68.39,37.097778],[68.3975,37.099167],[68.413056,37.104444],[68.415556,37.108889],[68.415,37.12],[68.406111,37.145],[68.412222,37.148056],[68.425833,37.148611],[68.43205289999997,37.13765360000002],[68.4392873,37.13306260000004],[68.44927539999998,37.1341334],[68.4557723,37.140872100000045],[68.459722,37.148056],[68.4975,37.159167],[68.518056,37.159167],[68.5390056,37.16488769999999],[68.5574271,37.1793043],[68.56905209999995,37.183390699999975],[68.57241029999999,37.18770960000001],[68.61700420000004,37.19844650000003],[68.6277823,37.206944],[68.63216230000003,37.214684700000035],[68.6484409,37.2202468],[68.65123689999997,37.23056960000003],[68.645166,37.239616700000035],[68.64620249999999,37.24389230000004],[68.65579540000003,37.247122400000045],[68.66294150000003,37.244462699999985],[68.66965529999999,37.23928920000003],[68.6751957,37.24506379999998],[68.66170429999998,37.261999499999966],[68.666878,37.27217320000002],[68.671389,37.275556],[68.68781279999999,37.27773759999999],[68.70447640000002,37.27045619999997],[68.71565679999996,37.270213400000046],[68.723056,37.270556],[68.745,37.277778],[68.758333,37.277222],[68.770556,37.274722],[68.801111,37.245],[68.813889,37.243611],[68.821667,37.245],[68.825833,37.247778],[68.828889,37.2575],[68.828056,37.263333],[68.810278,37.300278],[68.806667,37.318056],[68.809444,37.3225],[68.831389,37.327222],[68.850278,37.324722],[68.861111,37.319722],[68.865556,37.315833],[68.882778,37.286667],[68.889167,37.280278],[68.905,37.272222],[68.912222,37.272778],[68.919444,37.275556],[68.924444,37.284722],[68.923889,37.290278],[68.919722,37.295],[68.903889,37.303056],[68.895278,37.311667],[68.887778,37.322222],[68.883889,37.334444],[68.887778,37.338611],[68.894444,37.338333],[68.920556,37.324167],[68.955278,37.325556],[68.973889,37.321944],[68.999722,37.307778],[69.011944,37.293611],[69.033333,37.250833],[69.042778,37.243889],[69.059167,37.236667],[69.063333,37.231944],[69.07319059999998,37.228959],[69.07455619999999,37.22578930000002],[69.083005,37.22233610000002],[69.0941833,37.212044],[69.100833,37.202778],[69.10631140000001,37.193296399999966],[69.10873740000001,37.18503580000002],[69.116958,37.18172889999997],[69.1271941,37.17369429999999],[69.12889849999998,37.17031990000003],[69.13290190000002,37.169988400000044],[69.13500309999996,37.16733250000003],[69.14939939999998,37.15946420000004],[69.15818080000003,37.156839400000024],[69.1676632,37.14761149999998],[69.1753191,37.147875599999985],[69.17979020000001,37.144022899999975],[69.18754480000001,37.1416755],[69.1940981,37.138185599999986],[69.19631869999996,37.135169],[69.19998349999997,37.13447249999999],[69.2026214,37.131355],[69.21026919999996,37.1297485],[69.21790789999996,37.124237500000014],[69.22159109999997,37.110979],[69.2278667,37.10435459999998],[69.24248210000002,37.09719530000003],[69.25620869999996,37.09341020000002],[69.2609645,37.10345550000002],[69.2767099,37.105413099999986],[69.2857656,37.11404019999997],[69.30696179999998,37.1144313],[69.32258310000002,37.11777279999998],[69.32846189999998,37.124134099999985],[69.33334269999996,37.1363995],[69.34675410000003,37.14740729999996],[69.35726809999998,37.15283130000004],[69.37011489999996,37.1657961],[69.37815639999998,37.16731530000003],[69.39591410000004,37.16380960000004],[69.4037306,37.168048899999974],[69.4240112,37.19640179999996],[69.43674419999998,37.20611549999996],[69.45260769999997,37.231503],[69.47042709999998,37.25071720000003],[69.47134450000004,37.254922299999976],[69.46944650000003,37.25989510000002],[69.46560289999998,37.26233730000003],[69.46041479999997,37.26272749999998],[69.45674530000002,37.26085180000004],[69.44538850000005,37.247771],[69.43787530000003,37.24331370000004],[69.43135869999998,37.242646399999984],[69.42515830000005,37.24585719999999],[69.41934730000001,37.262416700000024],[69.41358610000002,37.2722052],[69.4235357,37.287813600000035],[69.4242602,37.29210180000001],[69.41017519999997,37.2994538],[69.40600469999997,37.31278029999997],[69.3973983,37.31515560000004],[69.402912,37.32512],[69.40218749999997,37.330544300000014],[69.38728970000001,37.33553270000002],[69.38099830000003,37.33939669999999],[69.385169,37.34646380000003],[69.39494870000001,37.35116210000002],[69.396663,37.3563317],[69.3928811,37.36022269999998],[69.381341,37.36082670000004],[69.38204090000005,37.36846009999996],[69.37663360000002,37.37134210000003],[69.3769125,37.375502900000036],[69.37041090000002,37.380021499999984],[69.37575379999997,37.38425],[69.37377969999997,37.3883077],[69.37813559999995,37.3920755],[69.37841460000003,37.39444510000004],[69.37431620000004,37.39749660000002],[69.36650560000002,37.396780600000014],[69.36440270000003,37.39981489999999],[69.36835090000002,37.403121800000044],[69.3730931,37.40448539999998],[69.37229270000003,37.4092915],[69.37564009999997,37.4138933],[69.37433120000003,37.42290850000002],[69.38130489999999,37.4236243],[69.38422319999995,37.42994620000003],[69.39001669999996,37.4312071],[69.38503860000002,37.44096989999998],[69.38887950000002,37.44950489999998],[69.39291350000002,37.44814210000002],[69.3974196,37.44962419999999],[69.40271970000003,37.448346499999964],[69.410659,37.45381469999997],[69.41816919999998,37.454870800000045],[69.4179117,37.459384600000035],[69.4215166,37.46355749999998],[69.4195146,37.466913800000036],[69.42326970000002,37.4700134],[69.421596,37.47529259999999],[69.42271180000004,37.47755749999998],[69.43642319999996,37.47874950000002],[69.4397921,37.48268290000004],[69.44747390000002,37.485764799999956],[69.44861119999997,37.49340950000001],[69.45773070000001,37.494465],[69.4579228,37.50871810000002],[69.46053839999998,37.51349840000004],[69.46218189999998,37.514255300000045],[69.46599909999998,37.5121947],[69.46955119999998,37.515545],[69.4797835,37.515657100000034],[69.4841309,37.52492210000004],[69.49033390000004,37.527585],[69.49902870000003,37.546166900000046],[69.49575929999996,37.54797440000003],[69.4984455,37.551253],[69.5047865,37.553338599999954],[69.50276950000001,37.56112940000002],[69.51156709999998,37.58113],[69.51603029999995,37.58055179999997],[69.523798,37.5880847],[69.53285310000003,37.59029510000002],[69.54051350000005,37.585500100000026],[69.54907510000002,37.5827454],[69.54738,37.5784602],[69.54892490000003,37.57546709999998],[69.55454679999995,37.57585830000002],[69.5576797,37.57342629999997],[69.56019019999998,37.57502489999999],[69.56263639999996,37.573120199999956],[69.57066159999997,37.57204880000004],[69.57922320000003,37.57495689999996],[69.58856980000004,37.5712411],[69.60290360000003,37.57115609999998],[69.60481330000005,37.57219350000002],[69.609255,37.570339800000035],[69.61249519999997,37.57171729999997],[69.62839529999998,37.569710500000014],[69.63633459999998,37.573316],[69.64178490000002,37.57392820000002],[69.64528249999995,37.5785879],[69.66131139999996,37.578928],[69.66427250000001,37.58255010000001],[69.6682851,37.583774399999974],[69.67532319999997,37.582057],[69.68319819999998,37.583264300000046],[69.6986207,37.57781139999997],[69.71371639999998,37.5747008],[69.724107,37.5786328],[69.7322444,37.587115600000025],[69.73796630000002,37.58968320000002],[69.755342,37.59227480000004],[69.76226080000004,37.59134280000002],[69.774167,37.585833],[69.786389,37.583333],[69.80222510000002,37.569085399999985],[69.814215,37.56850779999998],[69.82374270000003,37.57092460000001],[69.82790379999997,37.57409169999996],[69.828056,37.590556],[69.8328162,37.59795540000003],[69.84143039999998,37.60355460000004],[69.8536906,37.60664969999998],[69.860278,37.605556],[69.87286380000002,37.6077664],[69.899167,37.615],[69.92460560000005,37.6113388],[69.934968,37.61185420000001],[69.94072320000002,37.608060800000025],[69.950008,37.59085609999998],[69.95,37.573611],[69.958611,37.565],[69.964722,37.563889],[69.984722,37.567222],[69.99781030000001,37.566751300000035],[69.999444,37.557222],[70.00232430000003,37.5547283],[70.02081040000004,37.5476079],[70.02821749999997,37.54848669999996],[70.03103309999997,37.55172229999998],[70.03456929999999,37.55244210000003],[70.04336059999997,37.54896820000001],[70.04712470000001,37.543585],[70.05024559999995,37.54391069999998],[70.05354119999997,37.54854789999997],[70.056191,37.5490024],[70.06078240000002,37.545467],[70.07349550000005,37.54196930000001],[70.0815972,37.533173099999985],[70.08786079999999,37.53482540000001],[70.101389,37.530833],[70.11225440000003,37.5244548],[70.1173422,37.5236862],[70.12537049999999,37.525938],[70.13088229999995,37.52303949999997],[70.1451339,37.524784400000016],[70.15190140000003,37.53494910000003],[70.155833,37.536389],[70.17115920000003,37.528260600000046],[70.17499120000002,37.538984],[70.1731661,37.54563049999999],[70.1780472,37.550861800000014],[70.18222620000002,37.56021089999996],[70.178629,37.56947729999999],[70.1797838,37.57200670000002],[70.19551189999999,37.56286469999998],[70.20269810000002,37.5688345],[70.20966529999997,37.56695139999999],[70.21309130000003,37.56752280000001],[70.21343519999996,37.57151930000001],[70.20828220000003,37.57784630000002],[70.2031411,37.5790763],[70.202462,37.582381900000044],[70.20391709999998,37.584688],[70.20915519999996,37.585533599999955],[70.22186250000003,37.58330429999998],[70.2231235,37.587070899999965],[70.21551610000002,37.59566780000002],[70.21406659999998,37.60579289999996],[70.22635360000001,37.607404099999954],[70.23409279999997,37.6120247],[70.24025129999998,37.610887],[70.2482841,37.61637280000004],[70.2506574,37.613750499999966],[70.2511321,37.609257600000014],[70.2595178,37.60903579999996],[70.265853,37.61140020000001],[70.2690136,37.62102170000003],[70.26283380000001,37.62821739999997],[70.26330290000001,37.63000359999997],[70.2662903,37.631119900000044],[70.2663545,37.63442409999997],[70.2642401,37.63769509999998],[70.26086879999995,37.6393335],[70.2615295,37.6422896],[70.26532289999999,37.649735799999966],[70.27251550000003,37.64976980000002],[70.2774937,37.6570035],[70.276129,37.66656009999997],[70.2793133,37.67503880000002],[70.2855317,37.675911700000036],[70.28790919999997,37.67830630000001],[70.28634710000004,37.68377120000001],[70.2937844,37.68811829999998],[70.30260350000005,37.690848700000025],[70.3034017,37.69872020000002],[70.30071950000004,37.70373880000003],[70.29439379999997,37.70503579999997],[70.29086180000002,37.707830099999974],[70.28705950000001,37.715754099999955],[70.2892868,37.71872789999998],[70.2955353,37.721392700000024],[70.29988689999998,37.73009930000001],[70.298578,37.7358217],[70.28647590000004,37.748968600000026],[70.2873213,37.75388190000003],[70.29794289999998,37.767924600000015],[70.27956649999999,37.7789187],[70.27622340000005,37.78779149999997],[70.27759669999999,37.79306859999997],[70.27425359999995,37.79937949999998],[70.2790429,37.80515410000002],[70.28059220000003,37.81009430000003],[70.2794721,37.8159935],[70.27064870000002,37.81728520000002],[70.26043480000003,37.82806519999996],[70.25271870000002,37.83152939999998],[70.24027750000002,37.833030899999954],[70.22184970000004,37.83214969999997],[70.21407340000002,37.836928699999966],[70.20404410000002,37.84118890000003],[70.19240109999998,37.843859500000015],[70.1880624,37.8467705],[70.18541880000002,37.85006779999997],[70.1842086,37.85858640000003],[70.17894289999995,37.865965799999984],[70.1801831,37.87002439999997],[70.17726920000003,37.87948240000004],[70.18241469999998,37.88615179999996],[70.18247479999998,37.889135700000026],[70.1777756,37.898276300000035],[70.1801016,37.90071109999997],[70.1802733,37.9039382],[70.17725850000004,37.9172008],[70.17105510000005,37.93024089999998],[70.17291760000005,37.932321800000025],[70.1778249,37.93331780000001],[70.18220659999999,37.942244800000026],[70.1863351,37.94464769999998],[70.1925106,37.94329910000004],[70.20170520000002,37.92892579999997],[70.21133109999995,37.92109580000004],[70.2144983,37.9215139],[70.21319149999997,37.931308899999976],[70.23630140000002,37.93959640000001],[70.24365069999996,37.94380670000003],[70.252959,37.9439438],[70.26186609999996,37.937621500000034],[70.26936769999999,37.93772479999996],[70.27594229999997,37.94293859999997],[70.27554529999998,37.945943900000024],[70.26909520000001,37.94946009999999],[70.266679,37.96222209999997],[70.2609069,37.96832909999998],[70.26069880000001,37.9742698],[70.2629282,37.978916200000036],[70.2693076,37.97417],[70.27810739999997,37.97291330000002],[70.28274440000003,37.96925610000003],[70.28754659999998,37.96970949999997],[70.290967,37.986582800000036],[70.29832269999997,37.987003899999976],[70.3074786,37.99389009999997],[70.31549310000001,37.997649099999954],[70.32947060000002,37.99873129999997],[70.33435649999998,38.004416],[70.336734,38.01340869999998],[70.34588140000001,38.018654400000045],[70.34726970000003,38.0222854],[70.35075229999997,38.0247973],[70.3582539,38.026518],[70.36376640000002,38.032442199999984],[70.3641612,38.03635130000004],[70.36728979999997,38.038626099999966],[70.36742490000003,38.04652129999996],[70.36349820000004,38.049676199999965],[70.3642771,38.05479759999996],[70.37724829999996,38.05468949999999],[70.3804025,38.0561206],[70.382102,38.06087149999998],[70.39906,38.067580200000044],[70.40799710000003,38.07542839999997],[70.417947,38.075781399999954],[70.41969369999997,38.0880891],[70.42979169999997,38.096901],[70.436111,38.100278],[70.4413659,38.1009587],[70.444252,38.09889189999997],[70.4533157,38.10232980000003],[70.46585129999998,38.10384780000004],[70.47828389999998,38.10963069999997],[70.48428129999998,38.11654579999996],[70.49267119999996,38.12072059999997],[70.50120710000003,38.11915070000002],[70.50670029999998,38.12196980000004],[70.50536560000003,38.12993030000002],[70.50168560000002,38.13500230000001],[70.5000763,38.145924700000016],[70.50300950000005,38.153141800000036],[70.50450939999998,38.164814],[70.5099382,38.17343110000004],[70.51067849999997,38.178881199999964],[70.51763080000002,38.186795],[70.517502,38.193568],[70.52761930000003,38.199082400000044],[70.53747480000004,38.211118099999965],[70.53763790000004,38.222411800000046],[70.54557079999995,38.24355980000004],[70.5563919,38.25221470000001],[70.5584433,38.258536799999966],[70.56412530000003,38.26319879999997],[70.56640840000001,38.2674747],[70.57144659999997,38.26952660000004],[70.573333,38.271944],[70.60201519999997,38.279738300000034],[70.60494210000002,38.282755],[70.60966269999999,38.29720689999997],[70.6055965,38.304220500000035],[70.60799329999996,38.31355520000003],[70.6151666,38.320617699999964],[70.61095450000002,38.34639879999996],[70.61881020000003,38.35054190000002],[70.62814209999998,38.35248209999997],[70.63672950000004,38.35216410000003],[70.64258529999996,38.34856629999998],[70.65213389999998,38.34856629999998],[70.65969529999998,38.35063010000003],[70.66348070000002,38.35303140000003],[70.66376469999999,38.35770940000002],[70.67531450000003,38.3622584],[70.68440049999997,38.36379969999998],[70.69354160000002,38.37221209999996],[70.69385249999998,38.38268220000002],[70.68901409999995,38.388906699999986],[70.68597629999996,38.3896174],[70.68227140000002,38.38653070000004],[70.67315170000005,38.389008200000035],[70.67655919999999,38.39684369999998],[70.67408570000005,38.4046169],[70.67845130000003,38.4091437],[70.69891809999999,38.4203548],[70.70271579999996,38.41665280000003],[70.71421740000002,38.413953],[70.72725289999998,38.414686],[70.7407517,38.4190377],[70.75658990000002,38.42789969999997],[70.76070330000002,38.4332618],[70.7630572,38.44149580000004],[70.7675,38.445278],[70.768162,38.451711800000034],[70.77170249999999,38.4559043],[70.78591819999998,38.45551620000004],[70.786901,38.450832899999966],[70.79784390000005,38.44930539999997],[70.80548230000002,38.44428110000001],[70.815398,38.44478519999998],[70.81939310000001,38.44654759999996],[70.8229148,38.45244170000003],[70.8253293,38.4536747],[70.8426385,38.447422499999966],[70.84330040000005,38.43910190000003],[70.85096230000002,38.4385895],[70.85588660000005,38.441579599999955],[70.85701130000002,38.44632429999996],[70.86125450000002,38.4513388],[70.857083,38.454984500000016],[70.85766989999998,38.459181],[70.864161,38.459515],[70.87099579999999,38.4682349],[70.88021080000003,38.4696562],[70.89492220000001,38.4651822],[70.90114310000003,38.45246850000003],[70.8998728,38.4483514],[70.9057093,38.442808899999974],[70.9080267,38.437703],[70.91869540000005,38.43555830000002],[70.92211149999999,38.433242100000044],[70.9225,38.430278],[70.93,38.430833],[70.93490459999997,38.433938],[70.93480159999997,38.43990470000002],[70.94127750000004,38.44231140000002],[70.94888639999998,38.43772990000002],[70.95706609999998,38.43786769999996],[70.96298839999997,38.45589309999996],[70.96065809999999,38.45972410000004],[70.94492529999997,38.46599449999998],[70.94681359999997,38.4755602],[70.9521522,38.47717959999996],[70.96528429999996,38.4747841],[70.96854180000001,38.47545440000003],[70.98110169999997,38.48165570000003],[70.98429810000003,38.48626559999998],[70.99035120000002,38.489921699999975],[70.997694,38.48688159999997],[71.00145339999997,38.48180570000001],[71.000299,38.47859740000003],[71.007822,38.47198539999998],[71.01584289999997,38.467856],[71.02250340000003,38.46777529999998],[71.03040840000004,38.46135049999996],[71.0293999,38.45234080000003],[71.037498,38.44233490000001],[71.03779409999999,38.43160830000004],[71.03980679999998,38.42653859999997],[71.045579,38.4225747],[71.04648880000005,38.4105],[71.05453970000005,38.4029368],[71.05689140000003,38.39807689999996],[71.0638351,38.3980634],[71.06946130000001,38.402600399999955],[71.06544020000001,38.41257480000004],[71.07525060000002,38.413748399999974],[71.08535290000003,38.42031860000003],[71.09888409999996,38.42356309999998],[71.10696509999997,38.4207153],[71.1061969,38.409844299999975],[71.11058709999999,38.40526059999997],[71.1205649,38.40580540000002],[71.12739279999997,38.4018303],[71.130178,38.39739410000004],[71.13579990000004,38.39736050000001],[71.13970519999995,38.40178660000004],[71.1446576,38.40178320000002],[71.14910789999998,38.39821820000002],[71.14912079999998,38.39018609999997],[71.15336939999997,38.38819469999996],[71.16342019999998,38.3869737],[71.175076,38.3702803],[71.18418690000004,38.34515230000003],[71.18834110000003,38.343223599999966],[71.196907,38.3429308],[71.20230580000005,38.34044669999998],[71.2075973,38.33338449999998],[71.22526550000002,38.32164839999998],[71.24263759999997,38.31897170000002],[71.24648279999997,38.316934600000046],[71.24741410000003,38.312594300000015],[71.2517099,38.31022369999998],[71.257967,38.3095637],[71.26757570000002,38.312486599999986],[71.271348,38.31141570000002],[71.2761073,38.3121229],[71.28011130000002,38.31415339999997],[71.28994320000002,38.312503399999954],[71.2984962,38.312941100000025],[71.31005330000002,38.306415],[71.31192450000005,38.30298],[71.32424970000002,38.30655979999997],[71.3327856,38.30510170000002],[71.3314061,38.298708],[71.33430040000002,38.293199599999966],[71.327459,38.286668699999964],[71.327459,38.28450139999996],[71.33413359999999,38.279325399999976],[71.33243509999997,38.2748526],[71.33456579999995,38.27039180000004],[71.3393541,38.27190430000004],[71.35574370000002,38.27109380000004],[71.36595169999998,38.266285099999976],[71.37349740000002,38.256597],[71.37320159999996,38.2441595],[71.36967930000003,38.23659850000004],[71.3703799,38.23071040000003],[71.36636860000002,38.22506850000004],[71.36870810000005,38.2206916],[71.37505610000002,38.218554700000034],[71.379639,38.21228670000002],[71.3793067,38.2098057],[71.36506040000005,38.19956190000001],[71.36453410000001,38.195977],[71.3667785,38.177059599999964],[71.37293969999996,38.16722],[71.3733233,38.16391930000004],[71.37654860000005,38.160915899999964],[71.36717050000001,38.15089390000003],[71.3602541,38.1487703],[71.353184,38.14998680000003],[71.3483453,38.147382],[71.3386207,38.12911010000001],[71.33778810000003,38.11388130000003],[71.32761089999995,38.11012879999997],[71.32602239999997,38.10735140000003],[71.32715269999997,38.10219460000003],[71.31995790000002,38.10060160000003],[71.31804730000003,38.0987432],[71.32259589999997,38.09257770000004],[71.32053819999997,38.076937599999965],[71.32134629999996,38.06744060000004],[71.31176890000005,38.06069930000004],[71.3112542,38.053503],[71.3072556,38.0467793],[71.30110769999999,38.04288540000004],[71.29830640000002,38.04288540000004],[71.29395890000002,38.045457],[71.28408579999997,38.04205240000004],[71.2873215,38.032474399999984],[71.296117,38.03209790000001],[71.29384320000004,38.025123],[71.29494369999996,38.0182759],[71.29116710000004,38.01457060000001],[71.27555709999996,38.00600150000003],[71.27529930000003,38.002907600000015],[71.27939179999998,37.998626299999984],[71.2791956,37.99541710000002],[71.27649959999997,37.993650500000044],[71.26958320000004,37.99440409999996],[71.26704760000003,37.983841499999976],[71.27380490000002,37.97754239999997],[71.2747589,37.96505260000004],[71.26311780000003,37.95348810000002],[71.26414649999998,37.9469686],[71.266724,37.943827599999985],[71.26651510000002,37.93855259999998],[71.25911580000002,37.93756110000001],[71.25260809999999,37.933182600000016],[71.25206149999997,37.93142750000002],[71.257472,37.9231467],[71.26075009999998,37.92165329999998],[71.28200620000003,37.91993510000002],[71.28737430000001,37.925932899999964],[71.28907619999997,37.93259809999997],[71.29529980000002,37.933423400000045],[71.2987602,37.931963699999976],[71.30674739999996,37.923473799999975],[71.31365020000001,37.91895549999997],[71.3150038,37.91306830000002],[71.32330539999997,37.9004679],[71.32728369999997,37.8872333],[71.32932070000003,37.885428],[71.34775249999998,37.8914617],[71.37845849999998,37.905406],[71.4054377,37.908633100000046],[71.42997290000002,37.91903480000004],[71.45079739999998,37.92276280000004],[71.45217679999999,37.925619],[71.46890580000002,37.9330494],[71.47803880000002,37.936226399999974],[71.49111890000002,37.9384627],[71.49679220000003,37.949031400000045],[71.50273959999998,37.952386],[71.52421690000004,37.95317680000002],[71.5529506,37.941446699999986],[71.55612119999998,37.93668589999998],[71.5618507,37.93627510000001],[71.5711896,37.93161110000002],[71.57555159999995,37.9314154],[71.59097160000003,37.92338510000001],[71.59131180000003,37.909866100000016],[71.58841049999997,37.90373309999998],[71.5873698,37.8943675],[71.58992959999998,37.89019239999997],[71.58930279999998,37.885424700000016],[71.598313,37.87415389999997],[71.59715709999998,37.869899699999955],[71.59132580000004,37.8635518],[71.58930030000005,37.8538908],[71.58469530000005,37.8465258],[71.5884594,37.831839],[71.58718560000004,37.82551550000003],[71.59082039999996,37.82182409999996],[71.595603,37.80507910000003],[71.5905052,37.797269900000046],[71.569455,37.788776600000034],[71.55550619999998,37.786626300000016],[71.54488989999999,37.7716321],[71.53113930000002,37.76552609999998],[71.53187770000001,37.7615878],[71.55131649999998,37.7364862],[71.55140789999999,37.728028299999984],[71.547617,37.719747],[71.5491719,37.7140671],[71.5455749,37.70962919999997],[71.54023419999999,37.688923],[71.53705280000001,37.68321],[71.52936959999997,37.6756913],[71.5261152,37.63135680000002],[71.517914,37.61813190000002],[71.507741,37.61458960000003],[71.50555209999999,37.61244580000002],[71.50435570000003,37.60696629999997],[71.50526419999997,37.60233270000001],[71.50936679999995,37.598256],[71.51084929999996,37.58836720000002],[71.50652750000005,37.582905899999965],[71.5021181,37.56145639999998],[71.49496290000002,37.5386038],[71.49528190000004,37.533435400000016],[71.50422739999998,37.52695229999998],[71.50654819999998,37.50942790000004],[71.51013759999996,37.50209620000004],[71.52672190000001,37.47987980000002],[71.52265380000003,37.47354340000003],[71.52004119999995,37.4638862],[71.5043092,37.45329580000002],[71.5037015,37.44450889999997],[71.500885,37.4380975],[71.5016374,37.433959099999974],[71.4963258,37.4279858],[71.49523240000002,37.421949],[71.496528,37.41937490000004],[71.4953287,37.41570890000003],[71.4992898,37.41096430000003],[71.49800180000001,37.40774490000002],[71.49264190000001,37.40564330000004],[71.48386809999997,37.407426399999956],[71.4796455,37.406709699999986],[71.4766099,37.40142369999996],[71.47803440000001,37.39815470000002],[71.47487,37.387917],[71.47904409999997,37.3831122],[71.48724429999999,37.38210010000002],[71.4918174,37.37828889999998],[71.4931818,37.371685099999986],[71.49569329999997,37.36935339999997],[71.4905635,37.358983500000036],[71.49217979999996,37.3527913],[71.48662789999996,37.335765600000016],[71.48820919999997,37.33049920000001],[71.49386739999997,37.326825499999984],[71.49867439999998,37.319470700000025],[71.5058175,37.316655100000034],[71.50660040000004,37.31342720000003],[71.50232169999995,37.3061531],[71.49359440000003,37.300495],[71.49225670000001,37.2967292],[71.49179850000003,37.292721300000025],[71.494666,37.288334],[71.4948499,37.284235],[71.48838150000002,37.275278700000015],[71.49114270000004,37.26496119999997],[71.48505490000002,37.260164899999964],[71.48254310000003,37.249138],[71.485341,37.24527729999997],[71.47875209999997,37.2339451],[71.4810368,37.2313946],[71.4760934,37.22765920000001],[71.46690740000004,37.22540630000003],[71.46382970000003,37.21973769999997],[71.458614,37.21973139999998],[71.460276,37.21641390000003],[71.45542440000001,37.2141079],[71.45400120000004,37.20583219999997],[71.45709639999998,37.1994219],[71.46120009999997,37.19648349999997],[71.46323639999997,37.19063339999999],[71.46248829999998,37.186223300000044],[71.45740390000002,37.182306399999966],[71.449995,37.181414299999965],[71.44559629999996,37.17092090000002],[71.45182679999998,37.15241470000003],[71.44853439999997,37.14960780000004],[71.44723290000002,37.14438530000003],[71.44477749999999,37.143780900000024],[71.44589540000003,37.1337845],[71.4418912,37.13063889999996],[71.44442429999998,37.124179],[71.44120069999998,37.118041199999986],[71.44430389999997,37.1136671],[71.44320860000002,37.1047959],[71.44459059999997,37.09918709999999],[71.44255229999999,37.09445380000004],[71.4347333,37.08816489999999],[71.43230189999998,37.07658190000004],[71.42895359999997,37.07160620000002],[71.430522,37.0703082],[71.42963470000002,37.06427240000002],[71.4315087,37.056938600000024],[71.44132570000002,37.04711330000003],[71.4438008,37.040656500000026],[71.44738540000003,37.039224500000024],[71.45862650000002,37.02935259999999],[71.4622072,37.02429580000001],[71.4603074,37.017673399999985],[71.4611564,37.01343519999997],[71.46648210000002,37.0065278],[71.4696936,36.998858300000016],[71.468192,36.99488609999998],[71.46943659999997,36.9872003],[71.47174459999997,36.984986],[71.47053809999997,36.97945389999996],[71.46772620000002,36.9774814],[71.46749540000002,36.97356140000002],[71.4630221,36.96829820000002],[71.46818570000002,36.95125659999997],[71.47476510000004,36.940925],[71.48463110000003,36.93329630000003],[71.48837210000003,36.92832659999998],[71.49089480000005,36.924359],[71.49172240000004,36.9161431],[71.5014152,36.911257],[71.5130182,36.897921],[71.51367760000004,36.89241839999996],[71.51911230000002,36.8799249],[71.52641710000002,36.8713716],[71.5288581,36.859499],[71.533788,36.85221080000002],[71.54228429999996,36.8462239],[71.54290960000002,36.824901],[71.54400580000002,36.8217267],[71.55341490000005,36.81568660000002],[71.5541271,36.81058240000003],[71.55092669999996,36.80620790000001],[71.554691,36.79981],[71.55504710000001,36.794898599999975],[71.56273320000003,36.7839185],[71.5630946,36.763797],[71.58790890000003,36.73494820000004],[71.59333740000002,36.73216580000004],[71.60119950000004,36.72432429999996],[71.60606750000004,36.72295169999999],[71.6130553,36.7167785],[71.61974110000003,36.713309600000045],[71.62758470000001,36.700812],[71.62914379999997,36.695332],[71.63393970000003,36.69073819999996],[71.6482291,36.6893839],[71.65439840000002,36.686897299999956],[71.67527720000002,36.671238500000015],[71.68234749999998,36.67563049999997],[71.68793960000002,36.67690220000003],[71.712792,36.67194],[71.72829439999998,36.67648660000002],[71.7488866,36.6751275],[71.75926630000004,36.6787998],[71.78034250000003,36.6755365],[71.7939803,36.676176799999965],[71.81881580000001,36.6829303],[71.82758659999998,36.68026110000004],[71.83795509999997,36.68159520000002],[71.8436383,36.6806171],[71.84558079999996,36.68527989999998],[71.85035879999998,36.68569570000001],[71.855975,36.690957099999956],[71.86452739999999,36.6949197],[71.87191640000002,36.704549100000044],[71.87764110000002,36.70622],[71.89854670000003,36.723381],[71.89756330000002,36.72535169999997],[71.89893870000004,36.72873309999997],[71.9028659,36.733959],[71.90993339999999,36.73553940000002],[71.92062960000001,36.741833],[71.94056720000005,36.74677950000002],[71.94350869999998,36.75020920000002],[71.95058909999997,36.7540401],[71.95816659999997,36.7562386],[71.97945859999997,36.7780641],[71.9823549,36.780240399999954],[71.98682679999997,36.779268],[71.98906689999995,36.780387799999986],[71.995503,36.78730260000004],[71.99591960000004,36.79036050000001],[72.00740149999996,36.79428650000004],[72.01848760000001,36.810933],[72.02952879999998,36.81694609999996],[72.03798219999997,36.816126900000036],[72.04197559999999,36.8202473],[72.04750129999995,36.82035449999998],[72.05052390000003,36.8303658],[72.054405,36.8298344],[72.06918189999996,36.840233],[72.07501590000004,36.83880350000003],[72.08263679999999,36.84100820000002],[72.087008,36.838413900000035],[72.11226340000002,36.84702280000002],[72.11811190000005,36.854767299999985],[72.11798319999997,36.8580736],[72.1222151,36.867787],[72.12536380000002,36.868778500000026],[72.13682029999998,36.878325],[72.19296389999997,36.90616839999998],[72.20075189999997,36.9119138],[72.20897830000003,36.924738],[72.22595339999998,36.9278771],[72.2340173,36.93291149999999],[72.24101169999997,36.9422206],[72.24477160000004,36.94437],[72.265564,36.94932170000002],[72.28494870000003,36.956652300000016],[72.2970762,36.96283140000004],[72.32570579999995,36.98130159999999],[72.34876970000002,36.987300500000025],[72.35650740000004,36.98732540000004],[72.3664351,36.99088429999998],[72.39964930000004,36.993671],[72.4175,37.003333],[72.4274459,37.006277499999975],[72.4440984,37.006290499999984],[72.451046,37.00253429999997],[72.4611051,37.002147899999976],[72.46796209999998,36.99581950000003],[72.4735229,36.9942691],[72.481667,36.99687790000003],[72.4951206,36.9972233],[72.50517730000004,36.99960360000004],[72.51370279999996,36.997061700000046],[72.52793650000002,36.997913],[72.53577930000004,37.00483779999996],[72.54251520000004,37.00180559999998],[72.54768250000002,37.0024509],[72.56120639999997,37.006755],[72.56655940000003,37.006062799999974],[72.57240850000002,37.0112919],[72.5780729,37.0102817],[72.5798591,37.008268300000026],[72.5884713,37.00762459999997],[72.59194520000001,37.01075069999999],[72.59226779999997,37.016594],[72.59428359999995,37.01911530000001],[72.5999959,37.02133530000002],[72.6058021,37.0212579],[72.60854220000004,37.02418010000003],[72.614649,37.02448720000004],[72.6219534,37.02900110000004],[72.62819270000003,37.028250800000045],[72.63692950000004,37.024548799999984],[72.64136629999996,37.02485469999998],[72.64400870000001,37.01900769999999],[72.66251960000004,37.01768690000004],[72.66748239999997,37.02203520000002],[72.67744419999998,37.03636429999998],[72.69026730000004,37.0584571],[72.70306209999998,37.06908729999997],[72.7041166,37.0741231],[72.6999944,37.074354],[72.70194979999997,37.0804642],[72.71670950000002,37.089952600000025],[72.71924610000003,37.09711250000002],[72.72264680000004,37.100001],[72.72705220000003,37.10832280000004],[72.7318212,37.110799299999954],[72.73259970000002,37.1136251],[72.739308,37.11897010000002],[72.74151790000002,37.12642540000003],[72.74669660000005,37.135586],[72.75065259999998,37.13896840000001],[72.75227459999998,37.14553429999997],[72.75469130000002,37.14636570000002],[72.758619,37.1541447],[72.76837649999999,37.17818930000002],[72.77131969999998,37.178705],[72.7720564,37.187982400000024],[72.77450459999997,37.1901784],[72.77619409999997,37.19576610000003],[72.78175010000004,37.1987972],[72.78257990000004,37.20208240000004],[72.78876429999997,37.20540980000001],[72.78968480000002,37.20893239999997],[72.79552389999998,37.21335220000001],[72.79665040000002,37.216261699999954],[72.81526139999997,37.231167799999966],[72.82423239999999,37.23374820000004],[72.83031469999999,37.233018299999955],[72.836032,37.23476189999998],[72.84603959999998,37.230816],[72.85161509999999,37.23105929999996],[72.85378439999997,37.22876830000003],[72.86457039999996,37.23089710000004],[72.87227469999998,37.23712129999998],[72.88014309999998,37.2378022],[72.88649410000002,37.242109699999986],[72.89135170000003,37.2429247],[72.89232750000004,37.2452434],[72.89526520000001,37.2456211],[72.8987591,37.249177900000035],[72.90620969999998,37.25294829999998],[72.9095334,37.258008],[72.91567639999997,37.2588686],[72.91664080000001,37.26199939999996],[72.92146320000005,37.26400259999997],[72.9223386,37.267875300000036],[72.92945620000005,37.27274679999996],[72.9334736,37.273483900000016],[72.93538770000002,37.27923240000003],[72.93907449999998,37.283337300000035],[72.944116,37.28638560000001],[72.94734590000002,37.285946299999985],[72.9510577,37.2876532],[72.9522857,37.290670900000016],[72.97056930000004,37.29117179999998],[72.977363,37.29727959999997],[73.01124460000004,37.303118],[73.02004760000001,37.30632510000002],[73.02864820000002,37.30729760000001],[73.038351,37.305108],[73.04501430000003,37.30881919999997],[73.05113449999999,37.3084203],[73.0533869,37.31035629999996],[73.06013849999998,37.3120088],[73.06171229999998,37.3112219],[73.0700198,37.316332],[73.07507779999999,37.316361100000044],[73.08094240000001,37.32008680000002],[73.09417559999999,37.32481560000004],[73.10746689999996,37.340667],[73.10188150000003,37.34431829999997],[73.10402190000003,37.34892950000003],[73.10192870000003,37.353236499999966],[73.10689479999998,37.36273759999997],[73.11523449999997,37.367612399999985],[73.13189529999995,37.370972299999984],[73.14141159999997,37.38658859999996],[73.14704050000003,37.401774],[73.1495583,37.404311599999986],[73.1662926,37.40964810000002],[73.16974889999999,37.4081387],[73.19380020000004,37.4085713],[73.20371330000002,37.4040295],[73.20976049999997,37.40410009999999],[73.236259,37.416126600000034],[73.24869220000004,37.42752049999997],[73.2494067,37.43151760000002],[73.2547995,37.43657580000003],[73.28779340000001,37.456273500000016],[73.30664719999999,37.46361080000004],[73.33474320000002,37.46652390000002],[73.33869360000003,37.46496789999997],[73.34465960000001,37.46498709999996],[73.35318640000004,37.4597706],[73.35746959999996,37.459339400000026],[73.36096250000004,37.46186110000004],[73.36427270000001,37.46195029999996],[73.36809740000001,37.458278099999966],[73.36869110000002,37.45450550000002],[73.36531750000005,37.446824100000036],[73.36822689999998,37.444267499999974],[73.37196630000003,37.4440445],[73.3833327,37.44660749999996],[73.39952119999998,37.454575300000016],[73.4030584,37.45480090000003],[73.414174,37.46499269999998],[73.42812720000003,37.46885040000004],[73.45209139999999,37.47386679999997],[73.48834790000004,37.4733786],[73.49448949999997,37.47441510000004],[73.49886069999998,37.4717944],[73.51247160000004,37.474529900000036],[73.524556,37.471294400000026],[73.53232639999996,37.4720391],[73.53597890000002,37.46872709999997],[73.54348780000002,37.46701809999996],[73.563897,37.4542939],[73.573697,37.45065530000004],[73.58267730000001,37.443910600000024],[73.61469310000003,37.44283659999998],[73.64040289999998,37.433525],[73.66612530000002,37.44093019999998],[73.719561,37.447008],[73.77589340000002,37.440093799999964],[73.77048469999997,37.4093107],[73.77242,37.397720100000036],[73.7669631,37.3916815],[73.767164,37.387863799999955],[73.77059050000001,37.38245980000003],[73.76960689999999,37.370107700000034],[73.77134129999996,37.358548900000045],[73.77000040000004,37.346031599999975],[73.77429830000003,37.3395847],[73.75092019999998,37.3315499],[73.75398709999999,37.32314249999999],[73.74575950000002,37.32044579999997],[73.739171,37.32028709999999],[73.731673,37.31540130000003],[73.72639589999997,37.31529549999998],[73.722409,37.31695589999996],[73.7118125,37.31579259999999],[73.70498079999999,37.3070785],[73.7009833,37.30783990000003],[73.69696460000002,37.311319199999964],[73.6828571,37.31117109999997],[73.67902879999997,37.30795619999997],[73.6703147,37.3100819],[73.666571,37.315940599999976],[73.65671469999995,37.31483020000003],[73.65338350000002,37.31120290000002],[73.65250570000005,37.30418079999997],[73.64771509999997,37.29992950000002],[73.65416610000003,37.29307670000003],[73.6502532,37.2836751],[73.6424803,37.280534300000014],[73.6326346,37.283273299999976],[73.62353979999996,37.277287599999966],[73.61723679999999,37.27051939999996],[73.61932019999998,37.266024799999954],[73.6257923,37.26691320000001],[73.63069930000002,37.26530569999996],[73.62789680000004,37.26040930000002],[73.63053009999996,37.249410900000036],[73.6373512,37.24728530000002],[73.65234709999997,37.237217500000035],[73.65949609999996,37.23798949999996],[73.65999309999997,37.24441930000003],[73.6642444,37.249410900000036],[73.6741535,37.250193500000044],[73.68246580000005,37.24910419999998],[73.68657959999999,37.251705800000025],[73.68737279999998,37.253979500000035],[73.690355,37.251758600000045],[73.7020514,37.25120870000002],[73.71212969999996,37.24575179999997],[73.71724819999999,37.2472324],[73.72411159999997,37.24685170000003],[73.73052029999998,37.24364730000002],[73.73112310000003,37.237936600000026],[73.73753179999996,37.23236340000004],[73.7385788,37.22720259999998],[73.75024340000003,37.22682190000001],[73.75908440000003,37.22188320000003],[73.7636001,37.224579900000045],[73.76438270000001,37.227192],[73.762183,37.2325432],[73.7642558,37.235113],[73.77818359999998,37.2363926],[73.78192730000002,37.238867300000024],[73.78726780000002,37.23416120000002],[73.796976,37.2326066],[73.8023483,37.2262614],[73.807636,37.22700169999997],[73.81491189999998,37.23221530000004],[73.82082349999999,37.2283236],[73.82919920000005,37.226800700000034],[73.84295779999997,37.23404489999999],[73.8450623,37.23772510000002],[73.84212230000003,37.241764899999964],[73.84376150000003,37.249114799999965],[73.84808689999998,37.251758600000045],[73.85193629999998,37.25749050000002],[73.8824881,37.2653244],[73.88545059999998,37.267263699999965],[73.8847724,37.27308150000003],[73.89008459999998,37.27669819999996],[73.90553320000002,37.27984510000001],[73.90826359999998,37.28320009999996],[73.9158541,37.283146599999974],[73.92414060000004,37.28542490000001],[73.93847090000001,37.281826],[73.94300970000003,37.2776917],[73.95267629999996,37.27505049999996],[73.9554602,37.28643019999997],[73.96508520000003,37.2990414],[73.97168820000005,37.299428],[73.97893959999998,37.29684040000004],[73.9869822,37.297697],[73.99117,37.29575180000003],[73.9962502,37.290511],[74.00127680000004,37.28902980000003],[74.01660640000001,37.2916948],[74.01771880000004,37.29682249999998],[74.0267965,37.30722079999997],[74.03454759999997,37.3091125],[74.04140640000001,37.299957500000026],[74.05285749999997,37.3069055],[74.0567598,37.31140270000003],[74.0626907,37.3110696],[74.06089420000005,37.323704500000034],[74.06590890000001,37.326298100000045],[74.0686215,37.32597690000003],[74.07605130000005,37.320730199999964],[74.09882870000003,37.318083],[74.11174919999998,37.32105730000003],[74.1138074,37.3280173],[74.1249433,37.32833850000003],[74.12762610000001,37.32466219999996],[74.1354427,37.32685730000004],[74.14163519999997,37.334983100000024],[74.15180150000003,37.33642270000003],[74.15458539999997,37.34168130000001],[74.17651220000002,37.34068789999997],[74.18515560000002,37.334733300000046],[74.19696959999997,37.335833799999975],[74.2082958,37.3410746],[74.2119423,37.3508066],[74.2216624,37.34914689999999],[74.22816429999999,37.35494090000004],[74.238973,37.37423229999998],[74.24857410000001,37.3731021],[74.25179829999998,37.37451190000002],[74.25134030000001,37.37854510000004],[74.24322039999998,37.38285189999996],[74.23721219999997,37.39170350000004],[74.229479,37.3952787],[74.23145390000003,37.40367819999998],[74.23946080000005,37.414314400000016],[74.24478490000003,37.41561120000002],[74.25555190000004,37.40826460000003],[74.26719340000004,37.4102812],[74.27597359999999,37.4021851],[74.28481930000002,37.40383880000004],[74.29584209999999,37.401060800000046],[74.30671030000003,37.40154260000003],[74.31599020000002,37.39911560000004],[74.32148679999997,37.4004302],[74.3237532,37.407342500000034],[74.33734589999997,37.405784],[74.34274730000004,37.406825],[74.34500179999998,37.416099],[74.34841629999995,37.422119],[74.3561853,37.42232719999998],[74.362586,37.4242962],[74.37557789999997,37.4242189],[74.3780763,37.41975140000002],[74.39032460000001,37.41216689999997],[74.38641039999999,37.40723549999997],[74.3857858,37.403160599999964],[74.39046139999996,37.39714660000001],[74.396874,37.395385799999985],[74.40163890000002,37.3920367],[74.4180988,37.389223],[74.42830079999999,37.39467189999998],[74.4331013,37.4102276],[74.43945450000002,37.4163667],[74.44145919999998,37.41608709999996],[74.44701519999997,37.410364499999964],[74.4479194,37.40726520000003],[74.4523571,37.40501659999997],[74.46782959999999,37.4069202],[74.4660747,37.4267233],[74.46881709999998,37.42368939999997],[74.47180920000001,37.4231541],[74.47572340000005,37.4171459],[74.4835043,37.411572],[74.48343290000004,37.402774],[74.49519929999998,37.396182900000035],[74.5059426,37.4012749],[74.5219683,37.4013285],[74.52847610000005,37.409371],[74.55500720000002,37.39920819999997],[74.557928,37.3954827],[74.55560239999997,37.39131629999998],[74.5559934,37.388371],[74.56046619999996,37.3786123],[74.5662278,37.37245730000002],[74.5744503,37.37740629999996],[74.59005780000004,37.3770095],[74.5959657,37.380161800000046],[74.60039659999998,37.37897139999996],[74.60549989999998,37.38200250000003],[74.60897190000003,37.38062469999998],[74.61504509999999,37.383699900000046],[74.62157029999997,37.38152859999998],[74.62533980000002,37.38180410000004],[74.63210749999999,37.377196800000036],[74.6378721,37.3768],[74.64059460000001,37.37821090000001],[74.6426888,37.383523600000025],[74.64801249999995,37.3836338],[74.65376610000004,37.38613579999998],[74.662639,37.38582720000002],[74.66593460000003,37.389178],[74.67389269999998,37.3892],[74.68310719999998,37.395152],[74.68713029999996,37.40398079999997],[74.69030469999998,37.4058876],[74.6990556,37.399272300000035],[74.70228329999998,37.392119],[74.7086126,37.3888142],[74.70866770000002,37.38615790000003],[74.70660660000001,37.384251],[74.72780229999996,37.37686620000004],[74.73067910000005,37.37871790000004],[74.73842769999999,37.377759],[74.77164859999996,37.36346319999996],[74.7943053,37.356251700000044],[74.80380040000004,37.355417],[74.82078560000004,37.33651390000003],[74.8248418,37.33519120000001],[74.829438,37.335984800000034],[74.8321164,37.333890599999954],[74.83884,37.32045449999998],[74.84887020000002,37.308473399999954],[74.85052350000004,37.30143020000002],[74.85471190000003,37.29494909999997],[74.86158980000005,37.2871123],[74.87212640000001,37.27864930000001],[74.87247,37.27641589999996],[74.87675420000002,37.274869800000026],[74.8779798,37.269234300000036],[74.87650280000001,37.26450580000004],[74.87851990000001,37.26109989999996],[74.8880541,37.257132],[74.88934370000003,37.248093700000034],[74.8872385,37.2364763],[74.8926077,37.23268689999998],[74.90674929999999,37.2332797],[74.9153585,37.237344299999954],[74.917165,37.243159],[74.91188659999997,37.247562400000035],[74.91521729999995,37.256538500000026],[74.918915,37.26029259999996],[74.91051459999996,37.27497730000004],[74.926784,37.284078100000045],[74.93098429999996,37.283126],[74.93524069999998,37.284078100000045],[74.94433819999998,37.2897712],[74.95195119999998,37.292089499999975],[74.95320440000002,37.29039779999998],[74.9629478,37.2877348],[74.97093680000003,37.290679700000034],[74.97873770000004,37.28541640000002],[74.98381310000005,37.28607430000001],[74.99120680000003,37.2901158],[74.99697130000003,37.2896145],[75.00301790000002,37.29215220000001],[75.01561219999998,37.29318610000002],[75.02087549999999,37.29722750000001],[75.0266401,37.29785409999999],[75.03086960000002,37.30180160000002],[75.037668,37.30286679999996],[75.04255540000003,37.306062400000044],[75.04644020000002,37.30587440000003],[75.05170350000004,37.30308609999999],[75.05436650000001,37.303838],[75.06138419999998,37.30672030000003],[75.06163490000003,37.30922660000002],[75.06504970000003,37.311263],[75.0739472,37.3120776],[75.07739349999996,37.3157744],[75.08165419999997,37.314646600000025],[75.09597170000005,37.31828079999998],[75.1087227,37.31414530000003],[75.12513920000002,37.31571179999997],[75.12861669999998,37.322917500000024],[75.121599,37.331188400000016],[75.121693,37.34083780000003],[75.11401730000003,37.3458505],[75.10477519999996,37.35825690000004],[75.10443059999997,37.3618911],[75.09993770000001,37.36433289999998],[75.09404150000003,37.3714447],[75.1004184,37.37265830000004],[75.1022982,37.37556119999998],[75.1088655,37.378059600000014],[75.11169709999999,37.3770127],[75.112744,37.3841749],[75.1185737,37.386007],[75.12280909999996,37.38562630000001],[75.12621180000004,37.387506100000024],[75.128615,37.39093250000002],[75.12951920000005,37.399355800000016],[75.13382609999998,37.40114039999997],[75.138347,37.4006169],[75.14336770000004,37.404138499999966],[75.14943529999998,37.40542339999996],[75.15395630000005,37.409563699999964],[75.14610409999996,37.4162024],[75.14867390000005,37.42084230000004],[75.14155929999998,37.43095510000002],[75.14160690000001,37.435452199999965],[75.13508720000004,37.438141],[75.1341592,37.4429],[75.12818670000001,37.443423400000036],[75.12540279999997,37.4480872],[75.1264497,37.451846700000026],[75.1245937,37.458913699999975],[75.12661630000002,37.4626495],[75.1252838,37.466028299999955],[75.1180264,37.46864569999998],[75.11550420000005,37.47190559999997],[75.10936519999996,37.47345220000004],[75.10389240000002,37.47200080000003],[75.09451739999997,37.48532570000004],[75.08890180000003,37.484374],[75.08219170000004,37.4932731],[75.08385740000001,37.4979607],[75.0795354,37.5056413],[75.07337579999998,37.50789490000003],[75.0643815,37.5171272],[75.06202580000004,37.520601300000024],[75.06185930000002,37.52547910000003],[75.0573621,37.52447980000004],[75.05491119999996,37.52191],[75.05158,37.51229690000001],[75.0467973,37.50718110000003],[75.03777909999998,37.5037071],[75.03444789999996,37.5005424],[75.03128320000003,37.5009707],[75.02628630000004,37.5082756],[75.01941920000002,37.509236899999955],[75.01836129999998,37.51701490000003],[75.01209280000002,37.521731500000016],[75.01159309999997,37.52496759999998],[75.01037960000002,37.52565759999997],[75.0072149,37.52380159999996],[75.00186109999996,37.52492],[74.9881792,37.5350089],[74.98042219999996,37.535698899999986],[74.97354559999997,37.5401723],[74.9696119,37.5382787],[74.96378010000002,37.5382926],[74.955624,37.547520499999955],[74.95519980000002,37.55453349999997],[74.94784179999996,37.55329550000003],[74.94398760000001,37.55408970000002],[74.9320979,37.56850210000004],[74.93475950000004,37.57708359999997],[74.93317050000002,37.57974989999996],[74.93404130000003,37.58258680000003],[74.93078320000002,37.586928800000024],[74.939428,37.6032182],[74.93476829999997,37.60447469999996],[74.92586929999996,37.6129287],[74.92642549999998,37.6237929],[74.92334789999998,37.62939189999998],[74.91092640000002,37.634768300000026],[74.90766349999996,37.643964],[74.90262069999999,37.647189799999985],[74.90035889999999,37.657979899999965],[74.8970217,37.6618361],[74.8996914,37.67370140000003],[74.90265780000003,37.678113799999984],[74.9235704,37.6858634],[74.9332851,37.69168480000002],[74.9332851,37.69387250000002],[74.9229401,37.704180499999985],[74.93057840000004,37.71070640000002],[74.9341009,37.717529],[74.94570669999996,37.71853009999996],[74.95156520000002,37.72583470000003],[74.95950010000001,37.7281336],[74.965099,37.74085179999999],[74.96710130000002,37.752198],[74.98408360000005,37.751938399999986],[74.99005329999997,37.762061],[74.99706130000001,37.7626914],[75.00065789999998,37.76921730000004],[75.00985360000001,37.77010720000004],[75.01063220000005,37.776039900000015],[75.0062198,37.779377],[75.00158490000003,37.78605120000004],[75.0013624,37.788906300000015],[74.99279719999998,37.797137900000045],[74.98686450000001,37.8085212],[74.9787071,37.80618519999998],[74.96383839999997,37.81096839999997],[74.95909220000001,37.80878069999997],[74.95201009999997,37.80881780000002],[74.94515050000004,37.81526959999996],[74.9443718,37.824168599999965],[74.928057,37.82650459999998],[74.92442320000004,37.82913720000002],[74.92512769999998,37.83447660000002],[74.92075239999998,37.8395193],[74.91964,37.846045300000036],[74.91504220000003,37.8501981],[74.9129658,37.856501600000016],[74.92297710000003,37.8656601],[74.92742660000003,37.866661299999976],[74.93202449999997,37.879231100000034],[74.93745409999997,37.8804717],[74.93595559999997,37.893007800000035],[74.93796580000003,37.89457940000004],[74.93760029999999,37.8965165],[74.929523,37.8996596],[74.91793720000003,37.8996231],[74.91293,37.907079],[74.9200204,37.91734910000001],[74.91662139999995,37.92703449999998],[74.92140929999998,37.936610200000025],[74.91742549999996,37.94234829999998],[74.91881430000004,37.95144889999997],[74.91369749999997,37.955652],[74.914063,37.960915],[74.90876350000002,37.965044900000024],[74.90788630000002,37.97045410000003],[74.91501330000004,37.97469369999999],[74.91753509999997,37.980431900000035],[74.91658490000005,37.98887460000004],[74.91340510000002,37.99680559999997],[74.918193,38.006344800000015],[74.9153788,38.0154453],[74.91647520000002,38.0245825],[74.90594919999997,38.03368309999998],[74.89809130000003,38.032879],[74.89264560000002,38.0361684],[74.8862861,38.024509399999985],[74.8832526,38.02286469999997],[74.86834079999996,38.02571550000004],[74.8663672,38.03053989999997],[74.86779259999999,38.03525459999998],[74.8657093,38.03934810000002],[74.85606049999996,38.043185700000016],[74.85277120000003,38.04892379999997],[74.8517843,38.05802439999996],[74.85627979999998,38.06127719999998],[74.85419650000001,38.069062],[74.84681370000004,38.07399610000003],[74.84217210000004,38.074690500000024],[74.83771319999997,38.0722052],[74.83365630000003,38.072753399999975],[74.82762580000005,38.08320630000003],[74.8202795,38.08528960000001],[74.82097389999998,38.090187100000044],[74.8172825,38.0998724],[74.81921959999995,38.10776690000003],[74.81699019999998,38.1173792],[74.81852519999997,38.1281244],[74.81735560000001,38.13039039999998],[74.80592770000001,38.13713880000004],[74.80643440000001,38.14550039999999],[74.8030399,38.15263490000002],[74.79900610000001,38.15616919999997],[74.80164890000002,38.16089019999997],[74.8053951,38.17751980000003],[74.8024034,38.1906134],[74.80430749999998,38.1988285],[74.7998722,38.202520899999975],[74.7959208,38.20028650000002],[74.7710221,38.19689049999996],[74.76185669999998,38.203103699999964],[74.75927870000001,38.209831099999974],[74.75326779999996,38.21525610000004],[74.73791739999996,38.215484500000024],[74.7110451,38.2129369],[74.70639290000001,38.2217123],[74.69793870000004,38.22816420000003],[74.69548690000003,38.2644938],[74.70579960000003,38.28248659999997],[74.70451120000001,38.294530600000044],[74.69731429999997,38.30578220000002],[74.69319620000005,38.30895249999996],[74.68771170000002,38.33299809999998],[74.66553110000004,38.380595799999966],[74.69541830000004,38.425102],[74.66590819999998,38.43510909999998],[74.65073780000003,38.4459372],[74.61481250000003,38.449024],[74.50668460000001,38.471504299999964],[74.28444419999998,38.59842289999997],[74.25690760000003,38.60234160000002],[74.237789,38.61483890000003],[74.18688859999996,38.64027970000003],[74.12131950000001,38.64164390000001],[74.11913960000004,38.636742199999986],[74.12029010000002,38.63172909999998],[74.1175785,38.62954730000003],[74.1193551,38.6197604],[74.11514740000003,38.61545920000002],[74.11542789999997,38.61044110000004],[74.1105656,38.61009830000001],[74.10336569999998,38.6134644],[74.095984,38.614324],[74.09325550000004,38.613682],[74.09020609999997,38.61031159999998],[74.07463779999998,38.61079310000003],[74.07608230000002,38.60036069999998],[74.0731933,38.5913728],[74.07511930000003,38.587841899999965],[74.0678969,38.580459],[74.062119,38.578372500000015],[74.0622795,38.575644],[74.07335380000005,38.562964699999974],[74.07736629999995,38.55253240000002],[74.08747759999999,38.55012490000004],[74.0884406,38.54161850000001],[74.08619359999997,38.53664310000001],[74.07527979999998,38.53214909999997],[74.06629189999998,38.5360011],[74.05553860000003,38.53680359999997],[74.0467112,38.542421],[74.03932830000002,38.54418650000004],[74.03338990000002,38.541779],[74.02809340000002,38.542742],[74.02359949999997,38.53872949999998],[74.00947570000004,38.534877600000044],[74.00706819999996,38.53214909999997],[74.00851270000003,38.524926700000044],[73.99824080000002,38.52187729999998],[73.9894135,38.5244452],[73.98524050000005,38.530865199999965],[73.97657359999997,38.53664310000001],[73.96662279999998,38.53391460000003],[73.95602989999998,38.535840599999965],[73.951215,38.53455660000004],[73.94688160000003,38.53728510000002],[73.93917769999996,38.53776659999998],[73.93693070000003,38.54193950000001],[73.92890579999997,38.5409765],[73.92360939999996,38.54258150000002],[73.91927589999996,38.55381630000002],[73.90467059999997,38.5652117],[73.89873219999997,38.58094050000004],[73.89359630000001,38.58398990000002],[73.88348489999997,38.5854344],[73.87658349999995,38.58447139999998],[73.8605337,38.578533],[73.85924979999999,38.581743],[73.85539780000003,38.58447139999998],[73.85106439999996,38.5870394],[73.84608889999996,38.5873604],[73.83950850000004,38.5929778],[73.83549609999996,38.59442229999998],[73.8293972,38.6016447],[73.82169330000002,38.602768199999964],[73.81527339999997,38.60838559999996],[73.80371750000003,38.611756],[73.80147050000002,38.61384250000001],[73.80002609999997,38.621706900000035],[73.807409,38.6324603],[73.80879270000003,38.631919600000025],[73.80933490000004,38.636954200000034],[73.80965589999995,38.64176909999998],[73.80066809999997,38.648831],[73.803557,38.65813990000004],[73.80596449999997,38.658781900000044],[73.805162,38.6639178],[73.7962114,38.66705060000003],[73.79537159999997,38.67322669999999],[73.78879120000005,38.674671199999956],[73.78713690000004,38.676976099999976],[73.78000509999997,38.68016969999998],[73.78081540000004,38.690082500000024],[73.77242210000004,38.69410260000003],[73.77472980000002,38.7015252],[73.76586510000001,38.70505],[73.76977869999999,38.7172479],[73.766161,38.71864759999998],[73.76440850000002,38.723160100000044],[73.75460519999997,38.72474650000003],[73.747243,38.728113800000024],[73.74385180000002,38.7318084],[73.7472223,38.74191979999996],[73.75260620000005,38.746298],[73.75267920000005,38.761982],[73.7554332,38.7636511],[73.75581929999997,38.76937080000002],[73.756698,38.77080630000004],[73.76761840000005,38.770719],[73.766179,38.77493189999998],[73.76781619999997,38.77821129999998],[73.7525187,38.79664950000003],[73.75034110000003,38.80395459999996],[73.74706180000004,38.80595840000002],[73.74351009999998,38.81591509999997],[73.735506,38.827465100000026],[73.72974060000004,38.8299111],[73.72981220000001,38.8438058],[73.724049,38.8456974],[73.70709629999998,38.8461342],[73.70253920000003,38.85016550000004],[73.69455680000002,38.85289019999997],[73.70418609999996,38.86102860000002],[73.7021224,38.8647006],[73.703451,38.871471499999956],[73.69922130000005,38.8777721],[73.69993270000002,38.8798202],[73.7059501,38.882207900000026],[73.71195120000003,38.8884862],[73.7090246,38.8954636],[73.71077790000002,38.9002653],[73.71701140000003,38.9074315],[73.73397520000003,38.91056440000004],[73.7376846,38.91784440000003],[73.73908150000003,38.926242],[73.74477490000001,38.932928899999965],[73.74950429999998,38.933861699999966],[73.75546490000005,38.941908],[73.757371,38.9424584],[73.76720820000003,38.937294699999974],[73.7735519,38.94110019999998],[73.78044529999997,38.94206050000003],[73.78445779999997,38.93548010000002],[73.79487789999997,38.92886790000004],[73.80387639999995,38.93247430000001],[73.80945409999995,38.93313790000003],[73.8128532,38.930898900000045],[73.81438029999997,38.9257823],[73.82144689999997,38.91818160000004],[73.8241244,38.91742279999996],[73.83540719999998,38.92152229999996],[73.83868339999998,38.93388080000003],[73.84585069999997,38.94029880000002],[73.84696939999998,38.94859240000003],[73.8540169,38.952357],[73.8489973,38.96215909999997],[73.8488224,38.970423],[73.84336049999999,38.98411090000004],[73.84417250000003,38.99963769999998],[73.82815289999998,39.01997859999999],[73.82085119999998,39.02255479999998],[73.82161869999997,39.0282025],[73.81242359999999,39.0428208],[73.80773,39.04145570000003],[73.7904738,39.041888100000016],[73.78712810000002,39.03108539999997],[73.77878640000003,39.02789460000002],[73.77158839999998,39.027877799999956],[73.76526530000004,39.0318523],[73.75482849999997,39.02536079999998],[73.75123469999998,39.0253589],[73.7425346,39.03115360000002],[73.73675589999998,39.036535],[73.73864590000004,39.053116400000015],[73.73337070000002,39.060313],[73.73221250000002,39.067319300000015],[73.72077419999997,39.06875020000002],[73.71046829999999,39.07591570000003],[73.71720919999996,39.09549640000002],[73.7141835,39.10264050000004],[73.71666470000002,39.1085676],[73.72073979999996,39.111942],[73.70656,39.121638799999985],[73.7082013,39.12925579999997],[73.70501140000003,39.13257140000003],[73.7065352,39.136654600000014],[73.7008384,39.137065299999975],[73.69222039999997,39.14111869999998],[73.68380879999997,39.142552],[73.67814219999998,39.14660880000002],[73.68390390000002,39.15132660000002],[73.68575160000005,39.15760909999998],[73.68905770000003,39.1600407],[73.684001,39.1640178],[73.67989690000003,39.16406430000003],[73.67347340000003,39.167251400000026],[73.67013050000003,39.16465570000002],[73.66182349999997,39.16497],[73.65962450000002,39.170895],[73.661356,39.17718979999997],[73.65734350000002,39.18489370000004],[73.65837449999998,39.19085389999998],[73.66071320000003,39.1926457],[73.65538279999997,39.196628500000024],[73.65301010000003,39.20174590000004],[73.64370120000004,39.202066899999956],[73.6409388,39.20361450000002],[73.64355029999999,39.2123007],[73.6342318,39.218758700000016],[73.63396649999999,39.22610010000002],[73.63179359999997,39.23028330000002],[73.62204960000004,39.234224],[73.61960369999998,39.24042589999998],[73.614146,39.241072700000025],[73.61318820000002,39.246771500000015],[73.58473530000003,39.23923930000003],[73.56907040000003,39.243868],[73.56509039999997,39.25005579999998],[73.55928490000004,39.24938760000002],[73.56378839999998,39.2537701],[73.56216829999995,39.25874849999997],[73.5645262,39.26135360000004],[73.5624457,39.2671788],[73.5630092,39.27134439999997],[73.55504150000003,39.2700673],[73.53794279999997,39.27779560000003],[73.5417613,39.2834189],[73.55061250000004,39.28825430000004],[73.5603923,39.30080510000004],[73.56191519999997,39.30768069999996],[73.55296090000002,39.31393340000004],[73.5507871,39.33636830000002],[73.5537336,39.33935580000002],[73.5538668,39.34341020000002],[73.5607335,39.342752500000046],[73.56613230000002,39.345873],[73.56425480000003,39.3500459],[73.55856860000002,39.35476750000004],[73.553341,39.356465800000045],[73.5508835,39.35585710000004],[73.54874570000004,39.35743150000001],[73.545112,39.35616080000003],[73.54531089999996,39.358567899999976],[73.53985909999999,39.36609570000004],[73.53247620000002,39.36609570000004],[73.5239603,39.37417049999998],[73.5111056,39.37464929999998],[73.50519160000005,39.3762071],[73.50077530000004,39.3787931],[73.4997347,39.38174020000004],[73.507449,39.382304199999986],[73.5106441,39.3847025],[73.52070590000002,39.386021],[73.52316740000003,39.39049139999999],[73.5262168,39.391454299999985],[73.5414641,39.39097290000004],[73.55189649999997,39.394503799999974],[73.55831640000002,39.39370130000001],[73.57083520000003,39.3977138],[73.57147720000005,39.4023682],[73.57484770000003,39.40493620000002],[73.5921814,39.411356099999985],[73.59137890000004,39.4188995],[73.59667540000004,39.42564039999998],[73.59041590000002,39.434628299999964],[73.59330490000005,39.440887699999976],[73.5968359,39.44265310000003],[73.59507040000003,39.453085499999986],[73.59989909999996,39.45999179999996],[73.59448960000002,39.463388],[73.59356929999998,39.46722230000003],[73.5900409,39.468497500000026],[73.57851350000003,39.4651814],[73.5701961,39.45670489999996],[73.56706329999996,39.455522600000016],[73.55443759999999,39.45735510000003],[73.55195960000003,39.4600051],[73.5441036,39.46242319999997],[73.54014610000002,39.4615723],[73.53169089999996,39.46821540000004],[73.52667760000003,39.470063800000034],[73.52114060000002,39.46821540000004],[73.51402070000005,39.4745183],[73.5052415,39.47397139999997],[73.4929558,39.467675599999964],[73.48546489999997,39.47010670000003],[73.47638550000005,39.4708952],[73.469576,39.46765360000001],[73.46673859999997,39.4635356],[73.44914740000002,39.46336029999996],[73.4450616,39.46011830000004],[73.44140719999997,39.451558899999974],[73.4322972,39.44852109999998],[73.41291459999998,39.45234010000004],[73.3932836,39.45273],[73.3912247,39.44653069999996],[73.37946320000002,39.44075080000002],[73.3708378,39.432599100000026],[73.36482270000005,39.4324238],[73.3571052,39.4349658],[73.35154409999996,39.430933599999975],[73.3530195,39.42523540000004],[73.360283,39.421728599999966],[73.36085050000001,39.41164559999996],[73.3632668,39.40838659999996],[73.35744570000003,39.39980720000002],[73.35336,39.397965499999955],[73.3532063,39.3933427],[73.3261219,39.3904228],[73.319919,39.3822314],[73.295479,39.386914200000035],[73.28844249999997,39.382616],[73.27187259999997,39.38130019999996],[73.2639282,39.383756399999974],[73.2589345,39.383493199999954],[73.252579,39.381037],[73.24951469999996,39.376826199999975],[73.2436131,39.361296599999974],[73.23066159999996,39.35771029999999],[73.217003,39.3628061],[73.2072083,39.36058650000002],[73.20070670000004,39.353209],[73.1844,39.35355],[73.17740210000004,39.356538800000045],[73.1606836,39.35249080000004],[73.14573820000001,39.35901969999997],[73.14221510000002,39.36384010000002],[73.13635210000002,39.36534759999996],[73.12771209999995,39.37096990000001],[73.12553649999998,39.37188289999997],[73.1215584,39.36986469999996],[73.11813970000001,39.370537500000026],[73.106516,39.37639960000003],[73.1018542,39.372795900000014],[73.09110070000003,39.370056899999966],[73.0868118,39.372267299999976],[73.07612060000002,39.3697686],[73.05983169999999,39.3601484],[73.0351498,39.35481059999996],[73.01678609999998,39.35671450000002],[73.00666180000002,39.36272810000003],[72.99936880000003,39.36083150000004],[72.99549709999995,39.36170039999999],[72.99013830000004,39.35857019999999],[72.9841608,39.35751530000002],[72.973914,39.35815779999997],[72.95886860000003,39.346646],[72.94369960000003,39.3588354],[72.9393014,39.37077509999997],[72.93233280000003,39.37180989999997],[72.92669410000003,39.36879520000002],[72.90714239999997,39.3676485],[72.8987902,39.36150240000004],[72.88828460000002,39.357685499999974],[72.8791794,39.346984099999965],[72.874445,39.3481202],[72.86792289999998,39.34680379999997],[72.85734050000003,39.351917500000035],[72.84738070000002,39.35219039999997],[72.84199860000003,39.35397459999998],[72.84149149999999,39.3560143],[72.8329984,39.363067400000034],[72.82856239999995,39.36257030000002],[72.82420730000004,39.36431370000003],[72.81564569999998,39.36117820000004],[72.81412220000004,39.358274799999975],[72.80588249999995,39.35391119999997],[72.79772859999996,39.35172110000004],[72.79062610000001,39.34661040000004],[72.78427470000003,39.34661660000002],[72.78267660000004,39.36201840000001],[72.7677184,39.36459810000003],[72.75284009999997,39.37299440000001],[72.74540419999995,39.37271269999997],[72.74139470000003,39.37485409999996],[72.7306,39.37655],[72.72696039999998,39.38161609999999],[72.72229480000004,39.38088360000004],[72.71996190000002,39.381897900000034],[72.71953710000004,39.38553089999998],[72.7109952,39.38505329999999],[72.70495870000005,39.3874999],[72.69732290000002,39.39556],[72.6898773,39.3950903],[72.670343,39.388402800000016],[72.65997919999998,39.39400689999998],[72.653411,39.39211370000001],[72.6462747,39.39356789999999],[72.63583470000005,39.39288470000003],[72.62694080000001,39.39789870000003],[72.6211602,39.39915619999998],[72.61877950000003,39.3956968],[72.61523070000003,39.396028600000015],[72.6136781,39.394798799999954],[72.60978439999997,39.3837116],[72.60353450000004,39.380158199999975],[72.60172990000002,39.36994830000004],[72.59923860000005,39.3661189],[72.59321940000001,39.36459959999998],[72.587474,39.359200099999974],[72.57848469999998,39.3599088],[72.5665375,39.35163310000004],[72.5630874,39.35271119999998],[72.56188450000003,39.3579274],[72.55402240000002,39.363833600000014],[72.5554057,39.36730139999997],[72.5502146,39.373375199999984],[72.5495833,39.378255500000016],[72.54425190000003,39.380858199999984],[72.52306659999996,39.381292],[72.51394710000001,39.37803860000001],[72.50189230000002,39.37661220000003],[72.49285759999998,39.38007539999996],[72.4790834,39.37466590000002],[72.47918220000001,39.36887790000002],[72.4749407,39.3665299],[72.4734745,39.363007799999984],[72.468238,39.359202],[72.4686032,39.35763379999996],[72.46382670000003,39.357004],[72.4624567,39.35018969999999],[72.45494009999999,39.34795630000002],[72.43792919999999,39.34677049999996],[72.43385619999997,39.343334300000045],[72.43037560000002,39.3427616],[72.42658320000002,39.34344690000004],[72.42265980000003,39.34191959999997],[72.4149756,39.34378690000001],[72.4005432,39.3417804],[72.3913,39.33458970000002],[72.38519190000002,39.33304280000002],[72.37940810000002,39.32944709999996],[72.367014,39.33280890000003],[72.35975179999998,39.33156719999997],[72.34786480000002,39.3332819],[72.34243730000001,39.33209940000003],[72.33735380000005,39.3277237],[72.33571030000004,39.323880099999954],[72.3312001,39.3212485],[72.3305121,39.31781849999997],[72.31625539999997,39.311224],[72.31155139999997,39.30039949999996],[72.30826430000005,39.296791],[72.299779,39.292354],[72.29954970000001,39.28981],[72.30329539999997,39.28413],[72.30146080000004,39.27501750000003],[72.28861829999998,39.260281],[72.28647779999997,39.253533200000014],[72.28785379999997,39.252112499999974],[72.2822734,39.2426998],[72.2818912,39.23778570000002],[72.2765379,39.22669219999998],[72.27157130000002,39.225351],[72.27126550000003,39.21883669999998],[72.2657764,39.21532810000003],[72.2613981,39.18356250000003],[72.25700389999997,39.17513649999999],[72.24507950000002,39.1728437],[72.232934,39.17536450000002],[72.22003180000003,39.1836856],[72.21596579999996,39.1944545],[72.21678169999997,39.20450320000001],[72.2146758,39.21661449999997],[72.208611,39.22556010000002],[72.19026849999997,39.2355838],[72.18416929999998,39.24140909999997],[72.18082370000002,39.25367019999998],[72.18214310000002,39.25855949999996],[72.1801311,39.26328450000002],[72.17394410000003,39.26950430000004],[72.16150410000004,39.267753300000024],[72.15524040000004,39.27071219999997],[72.15346839999997,39.273400900000034],[72.13822930000003,39.27202919999996],[72.13574850000002,39.269340399999976],[72.11653360000001,39.2694974],[72.10565769999995,39.26643210000004],[72.096726,39.271354800000026],[72.0854807,39.28534420000004],[72.077759,39.304924199999974],[72.065536,39.32231859999999],[72.05860969999998,39.3519451],[72.05058940000002,39.36001320000001],[72.04291559999996,39.36470139999996],[72.03562919999997,39.36649050000002],[72.01210849999995,39.3507986],[71.99516309999997,39.3477628],[71.97122079999997,39.334486900000044],[71.95798590000003,39.331271],[71.94457320000004,39.3179745],[71.93152510000002,39.30130039999999],[71.918762,39.280289],[71.91111089999998,39.27728279999997],[71.89984059999998,39.27540940000004],[71.87926450000005,39.28116879999998],[71.84603929999999,39.2831881],[71.8360362,39.281731700000016],[71.81820650000004,39.274867],[71.80204059999998,39.273688700000044],[71.7906267,39.27805320000003],[71.7801199,39.286217099999966],[71.76094090000004,39.31061979999996],[71.75266990000003,39.32395950000004],[71.75715529999998,39.35064369999998],[71.77322320000002,39.366718400000046],[71.79615130000003,39.3752743],[71.80029250000003,39.3808445],[71.80381829999999,39.40277210000002],[71.79772160000003,39.42849440000004],[71.78646950000001,39.44341359999998],[71.760827,39.45658020000004],[71.7490917,39.4571112],[71.73031620000002,39.45460190000004],[71.70688669999998,39.456138],[71.6748967,39.45085039999997],[71.6406322,39.439899199999985],[71.62639670000004,39.4400519],[71.61312760000003,39.44495890000003],[71.5768734,39.44895870000004],[71.56243959999998,39.454873100000015],[71.5525823,39.47258430000004],[71.54379169999999,39.505128],[71.54349539999998,39.51810090000004],[71.54766850000003,39.53279449999997],[71.55788359999995,39.54531150000002],[71.56126360000002,39.55763930000004],[71.56001229999995,39.57449350000003],[71.55102569999998,39.5873638],[71.52604639999998,39.602371900000016],[71.49893150000003,39.61362170000002],[71.48768620000004,39.612666799999964],[71.47864489999998,39.607780300000044],[71.46008359999996,39.59129989999998],[71.43551679999999,39.577476899999965],[71.41458979999997,39.57117059999999],[71.3923181,39.5721164],[71.3609777,39.57632140000002],[71.3547215,39.57562629999997],[71.33562459999999,39.56874779999998],[71.33445769999999,39.552003],[71.32890339999996,39.54359759999996],[71.30764819999997,39.523368],[71.29550270000003,39.51811910000004],[71.2868192,39.5179983],[71.27787809999998,39.52316970000004],[71.25857610000004,39.548923900000034],[71.25320420000001,39.5520258],[71.24405569999998,39.54520440000004],[71.23968440000004,39.53578470000002],[71.20551330000005,39.5165556],[71.19337460000004,39.51129539999997],[71.1695554,39.50746639999997],[71.12762379999998,39.51060480000003],[71.11272510000005,39.510242399999974],[71.099456,39.50645910000003],[71.08967619999999,39.499172700000045],[71.0809107,39.480853],[71.07784290000002,39.4703758],[71.08087880000004,39.432339300000024],[71.07261,39.419712899999986],[71.06605530000002,39.41421559999997],[71.03134169999998,39.4040803],[71.00834750000001,39.402587400000016],[70.99353090000002,39.40317089999998],[70.97449550000005,39.414954],[70.95940309999997,39.430424799999976],[70.95100449999998,39.434588799999986],[70.9410333,39.43353579999999],[70.9356317,39.426548],[70.93497530000005,39.406899600000024],[70.92213470000004,39.39012060000004],[70.91241420000001,39.383301399999986],[70.89189970000004,39.38169009999998],[70.87998210000002,39.388869299999975],[70.86788210000002,39.393172300000025],[70.86047269999999,39.393455],[70.83798210000002,39.389995199999966],[70.81560559999998,39.3884477],[70.78844509999998,39.389473300000034],[70.77328430000003,39.39436429999998],[70.76802860000002,39.39935789999997],[70.766137,39.4186257],[70.76290969999997,39.42642260000004],[70.76144420000004,39.46246260000003],[70.75433330000001,39.477602899999965],[70.74562929999998,39.487040799999974],[70.71311290000003,39.50237939999998],[70.70290670000004,39.5157],[70.69436310000005,39.51978510000004],[70.69403709999997,39.523652099999985],[70.68549889999998,39.53068539999999],[70.68641080000003,39.5410422],[70.67303030000004,39.560624],[70.6569046,39.57254180000002],[70.65013,39.58220669999998],[70.62818409999998,39.58579920000004],[70.62438829999998,39.59114680000001],[70.61536169999998,39.590058600000035],[70.60580239999997,39.58579920000004],[70.58770839999998,39.58960350000004],[70.57418570000003,39.596618],[70.5608756,39.59640189999997],[70.5555877,39.60191670000001],[70.55092590000001,39.610646],[70.54545859999999,39.610524800000015],[70.53442979999998,39.62162929999999],[70.52490330000002,39.6220846],[70.51794909999998,39.60712019999996],[70.49779450000003,39.607778299999964],[70.4918096,39.60640649999997],[70.47110430000004,39.59062940000001],[70.46439869999998,39.58228260000004],[70.44145359999996,39.6010438],[70.4347632,39.595045],[70.430885,39.58292540000003],[70.42452109999998,39.574250099999965],[70.40947129999998,39.57637569999998],[70.38965329999998,39.582198900000044],[70.3829755,39.586504],[70.37552190000004,39.5973308],[70.36136569999998,39.588924],[70.357545,39.574157500000034],[70.35472380000003,39.571855],[70.3481688,39.57089559999997],[70.33970530000005,39.56360369999997],[70.33240350000004,39.56334790000004],[70.3294994,39.561940600000035],[70.33080959999997,39.5558268],[70.32785749999995,39.55096179999999],[70.32059130000005,39.54658739999998],[70.30906890000004,39.530032],[70.3035112,39.526888100000036],[70.3008199,39.527926],[70.27412929999997,39.5281329],[70.25087660000001,39.536071799999974],[70.23544910000003,39.53849420000003],[70.2415718,39.5453295],[70.2419732,39.5498284],[70.2399949,39.5525948],[70.2433837,39.56009679999998],[70.2210271,39.566458600000026],[70.21814969999996,39.57381109999997],[70.21259789999996,39.57750330000002],[70.206628,39.5784316],[70.19845390000005,39.57245830000004],[70.19270660000004,39.5655105],[70.18626389999996,39.56323520000004],[70.17814850000005,39.55671739999997],[70.16809020000004,39.55408380000002],[70.14877640000002,39.56075359999997],[70.14461859999999,39.571403299999965],[70.14038029999996,39.57350719999996],[70.13574710000005,39.57243929999998],[70.13509579999997,39.57776120000004],[70.12999210000002,39.583856200000035],[70.12301209999998,39.588845799999966],[70.11734170000004,39.59022490000003],[70.104668,39.5873927],[70.0926851,39.57886049999996],[70.079318,39.57658509999999],[70.07168589999998,39.57143620000002],[70.06822050000004,39.56415739999996],[70.05812680000004,39.56685309999998],[70.0540696,39.5705589],[70.04465360000002,39.57010359999999],[70.03966860000003,39.57128639999998],[70.03766150000004,39.56229089999998],[70.03133640000001,39.55147909999998],[70.02664389999998,39.550343800000014],[70.0143766,39.542539],[69.99599610000001,39.536808700000016],[69.98745280000003,39.546616100000044],[69.99038349999996,39.55729509999998],[69.97949469999999,39.55826419999996],[69.97790589999998,39.561338100000015],[69.97824260000003,39.567935800000036],[69.95909029999997,39.56880510000002],[69.94097650000002,39.56416389999996],[69.93378330000003,39.56790890000003],[69.92162259999998,39.579704100000036],[69.90163819999998,39.57618930000001],[69.89406020000003,39.569882900000025],[69.89808389999997,39.562800400000036],[69.89772270000002,39.55792509999997],[69.89251780000004,39.55561370000004],[69.88433629999997,39.548219500000016],[69.8879326,39.542349499999986],[69.87385990000001,39.53182419999998],[69.86722180000002,39.52948709999996],[69.85564729999999,39.5365917],[69.85236129999997,39.545176599999955],[69.83886840000001,39.5486722],[69.82686440000003,39.561236699999974],[69.8201582,39.558082899999974],[69.81406279999999,39.55882349999997],[69.80755060000001,39.56935319999998],[69.80124679999997,39.56816430000002],[69.797238,39.5697559],[69.78397570000004,39.5801031],[69.775504,39.57943179999998],[69.75543919999997,39.586987],[69.74467430000003,39.58716289999999],[69.73759509999995,39.5950497],[69.71635020000002,39.59355450000001],[69.6983781,39.60053349999996],[69.69472679999996,39.596368100000014],[69.68231620000002,39.59158940000004],[69.67780560000001,39.580282400000016],[69.6687542,39.58143],[69.66099860000001,39.578250500000024],[69.65182529999997,39.58143],[69.64294450000004,39.580295799999966],[69.63860249999996,39.5881957],[69.63622179999999,39.5882473],[69.62941509999999,39.5929759],[69.61992869999996,39.58918460000002],[69.61120780000003,39.59206629999998],[69.60202030000005,39.59201459999996],[69.59853990000003,39.586658199999974],[69.6016783,39.58535809999996],[69.60243369999998,39.58314259999997],[69.58569859999997,39.57684230000004],[69.5855207,39.570926300000025],[69.580324,39.567237299999974],[69.58052520000003,39.5611887],[69.57397310000005,39.55311790000004],[69.5557258,39.558223699999985],[69.55201130000005,39.55537239999997],[69.54375530000004,39.541573199999974],[69.53775990000003,39.53810059999997],[69.53486,39.53919219999997],[69.53199259999997,39.5435048],[69.52729829999996,39.54505630000004],[69.5198545,39.5416949],[69.51405930000004,39.53637219999996],[69.49602750000004,39.539522799999965],[69.49247330000004,39.53869529999997],[69.49071009999999,39.53135189999998],[69.48561849999997,39.52635760000002],[69.4814366,39.52793069999997],[69.47189029999998,39.53938439999997],[69.44778019999995,39.52830610000004],[69.445202,39.5287136],[69.43494150000004,39.5363685],[69.4211087,39.54143269999998],[69.41538239999997,39.54569429999998],[69.41133579999999,39.54634960000002],[69.4078762,39.549281],[69.40978329999997,39.56059960000002],[69.407302,39.56323639999996],[69.40357940000003,39.56304639999996],[69.39646670000002,39.55695950000001],[69.3884789,39.54253370000004],[69.38240919999997,39.53697520000003],[69.37704570000001,39.52310180000002],[69.37300240000005,39.520877],[69.36168160000003,39.52110720000001],[69.35115440000004,39.5290484],[69.34395939999999,39.54001420000003],[69.33969449999998,39.54168990000004],[69.33770290000004,39.5464437],[69.34011070000004,39.55306449999997],[69.34769790000004,39.5570131],[69.349405,39.56227760000003],[69.35575920000002,39.5688576],[69.35452629999997,39.5790189],[69.35604370000001,39.5796768],[69.3561454,39.58661260000002],[69.35988780000002,39.5956949],[69.33966720000002,39.6013219],[69.34067969999995,39.61192],[69.3446207,39.618907600000036],[69.34492390000003,39.62408050000003],[69.34331160000004,39.626199],[69.3330008,39.6298327],[69.3290299,39.63627649999998],[69.33135889999996,39.643532600000036],[69.3297116,39.6545307],[69.32799760000002,39.659302],[69.32139180000004,39.66328659999997],[69.3183781,39.670895900000026],[69.320254,39.68431359999999],[69.32731409999995,39.6921316],[69.336937,39.6971952],[69.33705479999998,39.70065850000003],[69.33423780000004,39.7026258],[69.32835359999999,39.71721909999998],[69.3211444,39.72673580000003],[69.3103671,39.732696199999985],[69.28908520000005,39.755031],[69.29097240000004,39.76660260000001],[69.285614,39.772252],[69.29467120000002,39.7804885],[69.28314819999997,39.78125379999999],[69.28229460000004,39.78916120000002],[69.27918289999998,39.78986],[69.27997289999998,39.8029924],[69.2649523,39.80603820000003],[69.26973820000002,39.82912160000002],[69.277112,39.8233676],[69.281773,39.82640849999998],[69.2835512,39.825753],[69.28547170000002,39.830378],[69.28226540000003,39.83613110000001],[69.28957909999995,39.838713100000035],[69.30365549999998,39.84687689999996],[69.29993389999998,39.86252320000003],[69.3012748,39.86834379999996],[69.3050159,39.87377559999997],[69.31736960000003,39.870943],[69.3188022,39.8751113],[69.3244111,39.8746487],[69.33001069999996,39.877942500000046],[69.32496679999998,39.87860480000004],[69.32050930000003,39.882462099999984],[69.31975060000005,39.8866102],[69.31289129999996,39.89160090000003],[69.30237870000003,39.9103474],[69.29907560000002,39.9104752],[69.29917039999997,39.9164402],[69.29688429999999,39.92045750000003],[69.31051850000001,39.9364762],[69.316041,39.938429],[69.3174636,39.94984459999996],[69.32011909999999,39.95144409999997],[69.32590430000002,39.949553799999975],[69.33168949999995,39.951226],[69.33682609999997,39.96033080000002],[69.3439713,39.95624220000004],[69.34423949999997,39.968404599999964],[69.3489341,39.97051250000003],[69.356047,39.9690588],[69.3576119,39.9716027],[69.35780159999999,39.98192269999998],[69.35635869999997,39.9840355],[69.35912929999998,39.990025],[69.3556677,39.996164700000016],[69.35421279999997,40.00533870000004],[69.34694239999997,40.01766730000004],[69.35097309999996,40.02104459999997],[69.35443480000004,40.02151670000004],[69.361121,40.019228900000016],[69.36723809999997,40.010948400000025],[69.3721698,39.995983],[69.378524,39.99373069999998],[69.38754010000004,39.993750700000035],[69.3946468,40.002558],[69.40318230000003,40.000233200000025],[69.4176928,39.991151199999976],[69.43191880000005,39.9882811],[69.42807770000002,39.98370310000003],[69.4280303,39.98076],[69.4347639,39.97381939999999],[69.43120749999999,39.96415240000003],[69.43174560000001,39.95846359999999],[69.43509590000002,39.95215760000003],[69.42703450000003,39.9294344],[69.43050490000003,39.92218609999997],[69.43447939999999,39.92314320000003],[69.44785180000002,39.936561200000014],[69.45498619999995,39.936856800000044],[69.45738320000004,39.934961399999985],[69.4595426,39.9186623],[69.4626565,39.91581749999999],[69.4729693,39.922739],[69.47518239999998,39.92281619999997],[69.4801484,39.92988150000004],[69.493792,39.92664759999999],[69.499727,39.92747050000004],[69.502443,39.93125019999996],[69.5001964,39.93693229999999],[69.49841929999997,39.9374208],[69.498151,39.941739900000044],[69.51018860000005,39.944542],[69.52658520000001,39.9440536],[69.53419959999997,39.9369583],[69.53084360000003,39.932792899999974],[69.53154570000002,39.93003529999998],[69.53855569999996,39.931661599999984],[69.54033290000002,39.93726660000002],[69.53862280000001,39.93706089999997],[69.53543739999998,39.952356499999965],[69.52606150000003,39.969531600000046],[69.53094570000003,39.99431720000001],[69.50845289999997,40.028189699999984],[69.50705810000002,40.03384420000004],[69.51075029999998,40.04593960000002],[69.51521970000003,40.05258550000003],[69.51335080000004,40.05683840000002],[69.51844010000003,40.080154],[69.53839149999997,40.089039900000024],[69.53581649999998,40.10177430000003],[69.53701820000003,40.116938199999964],[69.5559009,40.12225470000003],[69.5730655,40.10459879999996],[69.5821533,40.1046068],[69.61232569999999,40.11365679999998],[69.64705829999998,40.12151070000002],[69.662993,40.11745970000004],[69.66275529999997,40.109585],[69.67668180000003,40.10829780000004],[69.68772120000003,40.1159854],[69.687142,40.1207312],[69.70464860000004,40.136288100000044],[69.742525,40.1527028],[69.77324379999999,40.169569200000026],[69.78404129999996,40.17942189999998],[69.810822,40.1839252],[69.81976919999998,40.18870980000001],[69.83378649999999,40.191899399999954],[69.88612769999996,40.201125500000025],[69.995469,40.23467630000003],[69.99993859999998,40.22841859999998],[70.00702820000002,40.23264559999996],[70.0186157,40.230856],[70.02093920000004,40.230342],[70.0238884,40.2267872],[70.0324804,40.2239585],[70.1010495,40.18814750000003],[70.1347461,40.16505420000002],[70.175289,40.142989600000035],[70.17863269999997,40.145036500000025],[70.18046209999999,40.152601],[70.18522289999999,40.1534264],[70.18524490000003,40.157503099999985],[70.19000580000004,40.16127629999998],[70.1934296,40.1698266],[70.19899839999998,40.159928800000046],[70.1979541,40.14442660000001],[70.2003801,40.13426159999997],[70.20668310000005,40.13223670000003],[70.20682279999997,40.12932220000002],[70.22838079999997,40.12728710000003],[70.24116220000003,40.12400560000004],[70.25238730000004,40.1259792],[70.265447,40.123966],[70.2822814,40.12958720000001],[70.29196110000002,40.12935570000004],[70.3053488,40.119653900000046],[70.31997549999998,40.116214300000024],[70.32422040000002,40.113039299999954],[70.33191720000003,40.11136259999996],[70.34152650000001,40.10483360000003],[70.34600459999999,40.105012],[70.35160229999995,40.10214120000001],[70.35334760000003,40.090267800000014],[70.35778889999997,40.081064],[70.3849358,40.0811089],[70.39775129999997,40.07855980000003],[70.40493030000005,40.07459450000003],[70.41914739999997,40.062505599999966],[70.41880540000001,40.0601079],[70.42440419999998,40.05772869999996],[70.46545269999996,40.05785859999997],[70.48289869999998,40.05628770000002],[70.50694560000002,40.05157110000003],[70.520212,40.0522631],[70.53353720000003,40.0471707],[70.53049449999997,40.04014650000004],[70.53064469999997,40.035037199999984],[70.53349750000002,40.03229080000003],[70.54916269999997,40.04007750000002],[70.554315,40.03955580000002],[70.567255,40.0303432],[70.57507020000003,40.02257979999998],[70.5820292,40.007202],[70.58161009999998,40.0022133],[70.57289809999999,39.99110589999996],[70.5467241,39.979209099999984],[70.52738559999996,39.962897799999965],[70.51491869999998,39.9580558],[70.50329080000004,39.9490238],[70.49174440000002,39.947313],[70.49079320000001,39.941505],[70.49606549999997,39.93598060000002],[70.49620460000001,39.93073069999996],[70.49940819999996,39.930047],[70.50199070000004,39.932133400000026],[70.5027975,39.9395602],[70.512959,39.949897],[70.517069,39.948217],[70.521635,39.952125],[70.547171,39.965323],[70.557523,39.965068],[70.570807,39.958169],[70.604926,39.957623],[70.614788,39.958715],[70.621664,39.965402],[70.632547,39.967488],[70.631006,39.971356],[70.631811,39.986825],[70.63455,39.987885],[70.65039,39.986723],[70.660241,39.988564],[70.662617,39.990517],[70.662725,39.999905],[70.667767,40.012769],[70.663891,40.023481],[70.665503,40.030964],[70.664054,40.036396],[70.665004,40.047317],[70.658057,40.058572],[70.657392,40.063357],[70.660296,40.075779],[70.66028349999998,40.0939753],[70.6699159,40.1029762],[70.69405859999998,40.10776540000004],[70.71002189999999,40.108867600000025],[70.7499105,40.115436],[70.75990050000003,40.11639890000002],[70.76559310000005,40.11525309999998],[70.77118369999995,40.11903679999997],[70.77763820000003,40.11992520000002],[70.78499640000001,40.12644010000003],[70.79793810000002,40.1293316],[70.80090649999995,40.14222029999998],[70.799309,40.144676],[70.80372039999999,40.17279940000004],[70.80232249999996,40.17954649999999],[70.818451,40.183181],[70.83166490000002,40.189343],[70.826489,40.175015],[70.827805,40.166891],[70.8322861,40.16120050000002],[70.83865010000004,40.164917],[70.84867319999998,40.16519],[70.85047129999998,40.16355270000004],[70.8581359,40.1669894],[70.85945159999996,40.165010500000044],[70.88297930000003,40.1865627],[70.9241137,40.19869449999997],[70.957067,40.210833800000024],[70.96793139999996,40.216599],[70.97313989999996,40.216275],[70.98332150000005,40.220641399999984],[70.98250960000001,40.225643400000045],[70.971944,40.221274],[70.920296,40.220248],[70.865329,40.221256],[70.849982,40.217488],[70.835953,40.210648],[70.78861,40.20214],[70.759905,40.188189],[70.744251,40.187728],[70.713954,40.189862],[70.691624,40.184815],[70.63233,40.177295],[70.627344,40.181136],[70.611733,40.20109],[70.5951,40.213126],[70.585122,40.223871],[70.579474,40.234353],[70.57282,40.242026],[70.575883,40.283398],[70.569894,40.292858],[70.566131,40.30452849999998],[70.56300250000004,40.30592750000001],[70.55979730000004,40.31205920000002],[70.562572,40.320900300000034],[70.577972,40.338307],[70.57197,40.342404],[70.561627,40.345996],[70.559969,40.354172],[70.483848,40.350945],[70.473165,40.353764],[70.454213,40.3621152],[70.4560369,40.36455139999996],[70.452462,40.367315],[70.432759,40.36937],[70.427078,40.375757],[70.422067,40.378314],[70.403696,40.380107],[70.37895260000003,40.38652],[70.36903529999996,40.39329869999998],[70.359765,40.403743299999974],[70.3504713,40.4086976],[70.34802269999999,40.425529700000034],[70.3448251,40.4295044],[70.33755510000005,40.43404310000002],[70.32831629999998,40.445188],[70.33150580000002,40.459267699999984],[70.3342065,40.46258840000002],[70.35179919999999,40.466187199999986],[70.385464,40.4767771],[70.39556090000002,40.482665300000036],[70.41378029999998,40.48834720000004],[70.43095080000005,40.49064740000003],[70.46733090000002,40.5045997],[70.48465,40.50451989999996],[70.49482630000001,40.511382400000045],[70.49732210000002,40.524708499999974],[70.50687390000004,40.53199489999996],[70.50985040000002,40.5467113],[70.51409189999995,40.55328650000002],[70.5227595,40.5568876],[70.5355454,40.55824370000002],[70.55223780000003,40.557097300000024],[70.56250760000003,40.563045799999976],[70.57801709999997,40.563323899999986],[70.587357,40.56603610000004],[70.60848260000004,40.5834041],[70.62452220000004,40.61003179999997],[70.63660670000002,40.6242716],[70.6428638,40.62849480000003],[70.65421509999997,40.6277924],[70.65859030000004,40.62902979999998],[70.67524680000002,40.64561679999998],[70.6867466,40.6524808],[70.69373109999998,40.65309710000002],[70.70297,40.6623587],[70.71439489999996,40.66351630000004],[70.71930729999998,40.661570100000034],[70.72392250000001,40.65606970000003],[70.7274132,40.655084300000034],[70.73211740000004,40.65599809999997],[70.73753339999998,40.661514],[70.729467,40.681394400000016],[70.73083079999998,40.68674330000001],[70.7380618,40.68774090000004],[70.7537502,40.68255429999998],[70.7609488,40.683589900000044],[70.76666229999995,40.68798279999998],[70.76928250000003,40.70037840000002],[70.77285519999997,40.704933],[70.77679950000001,40.71645470000004],[70.78823090000002,40.719813899999984],[70.797439,40.71990409999999],[70.79464859999999,40.734526399999964],[70.786659,40.74203190000004],[70.78041349999998,40.7450993],[70.77458259999999,40.7516001],[70.76387359999997,40.75843969999996],[70.7509506,40.76349589999998],[70.74181319999998,40.76491069999998],[70.74015540000003,40.766405600000034],[70.7463629,40.767854],[70.7436856,40.773925],[70.70433090000002,40.8004088],[70.7129902,40.80014119999996],[70.71645279999997,40.802161699999985],[70.71941280000001,40.80035609999998],[70.72371130000005,40.80264359999998],[70.72786789999996,40.80914840000004],[70.7133391,40.8250887],[70.70616650000002,40.83069770000002],[70.69247260000003,40.83834830000003],[70.6793923,40.8422713],[70.67014070000005,40.852543899999965],[70.665651,40.852334],[70.6531871,40.86223480000003],[70.645457,40.864868],[70.642601,40.873553],[70.643237,40.878232],[70.639397,40.883944],[70.632762,40.890534],[70.630772,40.894952],[70.614581,40.901199],[70.607757,40.90793],[70.603971,40.917474],[70.599903,40.920916],[70.595965,40.932874],[70.586354,40.941473],[70.57977,40.952176],[70.570509,40.959493],[70.564485,40.970332],[70.550198,40.980245],[70.532385,40.979964],[70.524756,40.984],[70.5218245,40.98776750000003],[70.52030820000004,40.99787280000002],[70.5130512,41.0072921],[70.51445479999997,41.010482],[70.49705729999997,41.018822500000034],[70.49434330000003,41.022689599999985],[70.48895690000003,41.023749400000014],[70.48341970000001,41.03373180000004],[70.47631189999997,41.035950500000034],[70.47254040000003,41.041309699999985],[70.46794859999997,41.04164390000002],[70.45865760000004,41.03678550000002],[70.451633,41.03855260000004]]]]}},{"type":"Feature","properties":{"shapeName":"Turkmenistan","shapeISO":"TKM","shapeID":"79246564B80552927420979","shapeGroup":"TKM","shapeType":"ADM0","countryCode":"TKM"},"geometry":{"type":"Polygon","coordinates":[[[58.79547925056704,42.61332345921045],[58.72362609277002,42.6565735498296],[58.677901356562415,42.69019172686677],[58.645240829800514,42.71899283285313],[58.612580303938046,42.72379171781364],[58.57665372458996,42.658975451955655],[58.566855567730386,42.62534038834826],[58.53746109355461,42.60851603968365],[58.4819381995884,42.60851603968365],[58.419883199550156,42.6109197953125],[58.34476399006627,42.632549433009956],[58.308837410717956,42.64456265064592],[58.28597504171489,42.64456265064592],[58.20105767357285,42.606112189625776],[58.16186504253773,42.59890008457131],[58.148800832192705,42.5724485554565],[58.171663201196,42.55320403044186],[58.22718609516221,42.54357954256176],[58.31863556847691,42.5146971738356],[58.35129609523875,42.49784295868568],[58.38069056761577,42.47616657602691],[58.406818989205135,42.44966301933306],[58.42641530472264,42.41832617051659],[58.43621346248136,42.37491082137734],[58.49826846251966,42.30248516775646],[58.50480056769214,42.26382404594301],[58.462341884070725,42.26624106027691],[58.429681358208256,42.285573845656586],[58.416617146963915,42.31939194738055],[58.416617146963915,42.353191884597834],[58.41335109527682,42.37249797719994],[58.3904887262737,42.39179813787382],[58.33823188399441,42.41591499458144],[58.308837410717956,42.42073725382119],[58.23371820033492,42.43761223971319],[58.11940635891648,42.452072897546316],[58.057351358878236,42.452072897546316],[57.97896609590873,42.41832617051659],[57.96590188556371,42.40385772545375],[57.97243399073619,42.38456127268478],[57.98223214849497,42.336294187227054],[57.97243399073619,42.29523801432299],[57.95936977949185,42.25173758032531],[57.92344320194229,42.21304532488199],[57.887516622594205,42.18401056783341],[57.845057938972786,42.164646651521934],[57.743810307899366,42.1404334198665],[57.66542504492986,42.13316764327226],[57.59683793971931,42.13316764327226],[57.47926004481525,42.14527680687917],[57.41720504567638,42.14527680687917],[57.36494820429624,42.130745533379695],[57.322489519775615,42.108942370594036],[57.25390241456489,42.07743567042007],[57.217975836116125,42.04833867129281],[57.19184741452659,42.01922833971628],[57.159186888664124,41.973109714841655],[57.13959057314645,41.922097618810085],[57.061205310176945,41.890498248895256],[56.982532634673476,41.86370529486351],[56.983870409491885,41.70909432804092],[56.994572610737464,41.65014445500259],[57.01062591305549,41.60214540348767],[57.0280169901921,41.55811488569361],[57.04942139178388,41.45793389823092],[57.06681246892049,41.429855446971374],[57.086879096593066,41.41079529196918],[57.11497237497525,41.39373672746814],[57.13236345211169,41.35960616529235],[57.13236345211169,41.333494241766005],[57.12166125086611,41.31340101934177],[57.086879096593066,41.289280976336215],[57.0520969432194,41.27219054885484],[56.99992371180991,41.26213526592994],[56.92634607790933,41.27721760980489],[56.872835071681266,41.29330160328652],[56.80862186510723,41.29732198292339],[56.732368680670106,41.28324957141069],[56.602604490904696,41.282244284046556],[56.525993694653266,41.26515537372171],[56.47815112787231,41.283133698261736],[56.358544707772296,41.307097095554695],[56.2087655770697,41.32639560597249],[56.032398734713865,41.32394288495635],[55.94748136657182,41.32884823435859],[55.90828873553687,41.360724005508644],[55.859297945843764,41.31413107728741],[55.78091268287409,41.277323645270144],[55.68946320955956,41.26995966630574],[55.5980137371443,41.26504988594371],[55.50983031551664,41.27241441889038],[55.47063768448169,41.287140991863396],[55.43144505254713,41.30431779383122],[55.41511478961593,41.33375321503888],[55.37918821116716,41.3803321084402],[55.343261631819075,41.39503430798692],[55.297536895611415,41.41708137140819],[55.251812158504436,41.451361934206034],[55.206087422296946,41.49296399199477],[55.17669294902055,41.52964951551297],[55.059115055015866,41.68837982067231],[54.993794001492006,41.74201544595621],[54.954601370457,41.78099505817562],[54.954601370457,41.84428642098163],[54.938271107525566,41.88806687958299],[54.882748212659976,41.91723719593989],[54.71291347727538,42.04833867129281],[54.585537424612596,42.10651933439999],[54.42876689867359,42.17190881464023],[54.32751926760017,42.217883153185085],[54.216473478768194,42.27349155019505],[54.13155611062598,42.297653824464646],[54.03030847955273,42.297653824464646],[53.922528743307,42.2807412055422],[53.801684795816755,42.26624106027691],[53.62531795525962,42.23964879895294],[53.54693269229011,42.23964879895294],[53.44895111290373,42.229976104713614],[53.31177690248222,42.193690301966],[53.239923745584576,42.16706746459192],[53.14520821968364,42.13801158696532],[53.073355061886616,42.11863359176698],[52.99170374723025,42.094402761278616],[52.91658453594761,42.06531354128691],[52.83493322129124,42.01437532186378],[52.7924745367705,41.977965880321165],[52.658566378935404,41.87834047962963],[52.59324532721024,41.83211986174223],[52.50832795906808,41.78099505817562],[52.452805064202494,41.75419911839464],[52.41687848575373,41.734704132190075],[52.41687848575373,41.72251676083994],[52.505061905582636,41.69081877486667],[52.550786642689445,41.66886486052488],[52.56711690562088,41.63225836043523],[52.54425453751696,41.56631424760462],[52.51812611682698,41.51742331773204],[52.51812611682698,41.48807101726379],[52.557318747861984,41.470942699546015],[52.616107695313985,41.463600605583565],[52.658566378935404,41.44401762341471],[52.69122690569725,41.421979703400666],[52.78267637901189,41.30922461992026],[52.828401116118755,41.21838855618705],[52.83493322129124,41.152023049823924],[52.83819927387748,41.08805196502635],[52.84473137905002,41.065893601508606],[52.88719006267138,41.026482514356644],[52.90352032560264,41.009232741397966],[52.92638269370639,40.95992278860592],[52.90352032560264,40.89329587450504],[52.87085979974,40.868602194435766],[52.795740588457534,40.77468220342098],[52.78920848418443,40.752418518499894],[52.795740588457534,40.73509716220434],[52.818602957460655,40.717771296708065],[52.8414653255644,40.69548855515285],[52.83166716780562,40.678152380727965],[52.78920848418443,40.64842273192369],[52.77941032552627,40.62363790286702],[52.75641731560677,40.58852684763616],[52.71252156931507,40.55041942491653],[52.69788965268549,40.50911189779595],[52.69579937913818,40.41209816070176],[52.66235500058292,40.34999958041652],[52.66026472703555,40.31016269485269],[52.67489664276599,40.27987093649466],[52.699979927132176,40.249565599273126],[52.710431294868386,40.21126577019919],[52.71461184196306,40.17773565567609],[52.708341021321075,40.128208522005764],[52.708341021321075,40.077045859678776],[52.71461184196306,40.04824995537132],[52.73342430478789,40.025844727952006],[52.76059786270122,40.00343213958172],[52.80031306279767,39.96659548049706],[52.833757442252306,39.94095826591132],[52.90482674645733,39.89286258943713],[52.93409057791797,39.870406382148985],[52.96335441027799,39.83510319935317],[52.990527968191316,39.78853944783748],[53.0093404310162,39.778901630206235],[53.03860426157763,39.75319418396458],[53.05323617820727,39.73551474730789],[53.07413891457924,39.71461501916798],[53.13266657750074,39.70335869704627],[53.151479041224775,39.71139911457766],[53.10340274603993,39.75962194529666],[53.078319461673914,39.778901630206235],[53.05532645175441,39.820655755259],[53.023972345847255,39.85757096292957],[52.94663222010092,39.91210491381088],[52.92991003082335,39.93935562096533],[52.91318784154578,39.97460513941576],[52.91736838864023,39.995425859415946],[52.95499331518954,39.99382449150727],[53.0093404310162,39.995425859415946],[53.03860426157763,39.987418641257534],[53.082500008768534,39.97941048420665],[53.126395756858756,39.992223084927446],[53.153569313872936,40.00983648616506],[53.18283314623295,40.00343213958172],[53.22463861897711,39.98101219026046],[53.26226354552625,39.97140138826359],[53.32706202998884,39.969799456479905],[53.38977024000462,39.97300328227584],[53.43366598719564,39.94576597591919],[53.43575626074295,39.913708196376206],[53.43157571274895,39.89446632346221],[53.39813133509307,39.85757096292957],[53.3855896920108,39.83831333029593],[53.38349941846343,39.78693323887802],[53.40022160774117,39.76283560158191],[53.43366598719564,39.72747714015793],[53.45456872356783,39.68244922385264],[53.45456872356783,39.651877833895014],[53.439936807837455,39.62451301986016],[53.42321461855988,39.614852265919524],[53.3563258605501,39.59230526127891],[53.33124257708346,39.58908366128202],[53.27689546125663,39.58747280552569],[53.283166281898446,39.64544002803484],[53.30615929271727,39.669578708590564],[53.335423124177964,39.68566647742608],[53.35214531435486,39.70979110517544],[53.337513397725274,39.72104637958694],[53.29779819762882,39.73229981668322],[53.27898573480394,39.73390730088124],[53.23718026116023,39.68084054085841],[53.19537478751647,39.622902987882696],[53.10549301958724,39.490752919212014],[53.07204864103193,39.46332445296122],[53.06368754594365,39.44557085820867],[53.10601558774931,39.38279177621956],[53.135410061924915,39.34996671848933],[53.15827243002866,39.3019638844259],[53.16153848261507,39.25898605636149],[53.18113479903195,39.243811116489894],[53.20073111365002,39.291853826493025],[53.217061376581455,39.31712623378877],[53.230125587825626,39.365118662696204],[53.24645585075706,39.39541269004383],[53.350969535315926,39.365118662696204],[53.39669427062421,39.36259356693972],[53.45874927066228,39.339863597027374],[53.50120795518308,39.314599403240095],[53.51753821811434,39.291853826493025],[53.540400587117404,39.23116282460472],[53.576327164666964,39.1932042693615],[53.68410690181224,39.071599052954014],[53.71350137508864,39.03609131756048],[53.73309769060597,39.023405657045544],[53.78535453288549,39.04623820632827],[53.81148295357548,39.04623820632827],[53.850675584610656,39.02594297099148],[53.87353795361372,39.01071771944737],[53.90946453296203,38.95994320901195],[53.915996638134516,38.90913228682558],[53.89966637520308,38.845567452775924],[53.88007005878643,38.79976557362255],[53.87027190102748,38.77176103494395],[53.847409532923734,38.72591170126407],[53.814749007061096,38.641778138150585],[53.80495084930237,38.59073996897445],[53.81148295357548,38.547328977949974],[53.81801505874813,38.46298573340499],[53.83107926999253,38.41693870355846],[53.83107926999253,38.36574089482656],[53.84414348033749,38.26580094096073],[53.79841874412983,38.096358170593135],[53.79841874412983,38.0500781407938],[53.801684795816755,37.98317752432348],[53.80821690098924,37.94197756960932],[53.80821690098924,37.89302260440985],[53.795152690644215,37.838876587784455],[53.795152690644215,37.79501496267051],[53.79841874412983,37.7356312935496],[53.80821690098924,37.68136979048353],[53.82781321650691,37.62189495169082],[53.847409532923734,37.58049306230498],[53.85394163809627,37.52093749317095],[53.863739795855,37.396494392302486],[53.87680400619996,37.37573374791435],[53.955189269169466,37.349774859322395],[54.164216636488675,37.336792047515075],[54.2915926891514,37.34198544167498],[54.422234793501104,37.39130477079857],[54.484289793539176,37.422437114681145],[54.530014529746836,37.44837085103404],[54.57900532033926,37.453556520017514],[54.634528214305874,37.45096372959267],[54.719445581548484,37.474295599562424],[54.77496847731345,37.51316586771077],[54.784766635072174,37.629655239397835],[54.781500581586556,37.69170837783952],[54.79129874024471,37.72788208369127],[54.82395926610735,37.7743651813081],[54.886014266145594,37.802757143427584],[54.94806926618372,37.83371774827566],[55.003592160150106,37.87240024157802],[55.04931689725714,37.9110624353832],[55.104839791223526,37.97287970323589],[55.189757158466136,38.00891575795606],[55.24854610591814,38.02178148702609],[55.31386715854268,38.04236195583968],[55.41511478961593,38.10406866193938],[55.47063768448169,38.127195252658964],[55.51636242068935,38.132333500390814],[55.57188531555494,38.132333500390814],[55.620876105248215,38.14004019389995],[55.67313294662836,38.15801931344066],[55.722123736321464,38.16572329459444],[55.79724294670467,38.14260891037304],[55.85276584067111,38.119487202972095],[55.921352945881836,38.101498587489914],[55.97034373467574,38.101498587489914],[56.05199505113069,38.10920853654477],[56.11731610285602,38.119487202972095],[56.15977478647744,38.10920853654477],[56.19243531323929,38.096358170593135],[56.28715083914,38.096358170593135],[56.35247189176454,38.119487202972095],[56.339407680520196,38.16058739769045],[56.3198113659019,38.19653107494935],[56.381866365040764,38.26580094096073],[56.46678373318292,38.278621453017706],[56.52230662804851,38.288876232552184],[56.57986231359496,38.29266603231173],[56.618657793222724,38.28846606885418],[56.67751989962386,38.30106522987654],[56.70695095282423,38.31051316465101],[56.74039533227892,38.309463454375134],[56.78186636154345,38.28636599629385],[56.8286884918806,38.277965097211506],[56.891563923636284,38.24330111475467],[56.93972382969105,38.232793612235525],[57.00126148662849,38.224386517723644],[57.03470586608296,38.223335561886756],[57.082865771238346,38.231742778706405],[57.105607948548084,38.24645306945365],[57.129687900676174,38.267462606614174],[57.15109230406665,38.300015383802986],[57.14808302321319,38.30003155451277],[57.17943641505866,38.309791490185205],[57.20870024561992,38.32127181364348],[57.23378353088549,38.3147118519704],[57.26095708789944,38.29010670835788],[57.275589003629705,38.25892821486531],[57.33411666655098,38.17681559566324],[57.34665830873405,38.13079206330315],[57.34535188787936,38.01920852125642],[57.374746362054964,38.003768833565005],[57.40414083533136,37.9806032041746],[57.4400674137803,37.967730250850536],[57.472727939642766,37.9625804369378],[57.534782939681065,37.9625804369378],[57.73401215014064,37.94197756960932],[57.79933320186581,37.91879243752118],[58.037755042461356,37.838876587784455],[58.12267241060334,37.815658973982636],[58.171663201196,37.79501496267051],[58.18799346412726,37.7743651813081],[58.20105767357285,37.70462958518732],[58.256580569337814,37.683954572445714],[58.34149793658065,37.67619995676279],[58.38722267368746,37.663273794150314],[58.43621346248136,37.65810269958001],[58.47867214700216,37.66068829273058],[58.53419504096854,37.66844452989125],[58.58318583066165,37.683954572445714],[58.632176620354926,37.683954572445714],[58.68116740914866,37.67361490320525],[58.720360041083154,37.67102976151449],[58.769350829877055,37.68653926357632],[58.80201135573952,37.694292799173525],[58.91632319805717,37.694292799173525],[58.95551582909229,37.68653926357632],[59.030635039475555,37.65810269958001],[59.07309372399635,37.63482831517484],[59.109020301545684,37.60637194361044],[59.252726618039105,37.53388840422667],[59.27558898614285,37.54165787131382],[59.30824951200549,37.55978347962406],[59.34091003786796,37.55460518418204],[59.35070819562691,37.50539343286073],[59.35070819562691,37.44577788164389],[59.36050635428501,37.367947024635725],[59.383368721489376,37.32640418180773],[59.43889161725451,37.27964101552055],[59.484616353462,37.24844941980501],[59.56953372160416,37.19643472448308],[59.70017582595381,37.16520869192772],[59.80142345792643,37.12094971935426],[59.866744509651596,37.10271791190223],[59.97452424589733,37.05581596583431],[60.065973720111174,37.01149304786594],[60.114964508905075,36.914936132196885],[60.183551614115856,36.8208713845068],[60.2456066141541,36.742395663229445],[60.340322140054866,36.64025715384463],[61.08498213691615,36.642877783682934],[61.16336739988566,36.62191024216406],[61.17316555764461,36.574712417344244],[61.17316555764461,36.47760403379925],[61.16976886324261,36.42779532599371],[61.17394941033706,36.279651845356454],[61.19903269380387,36.23414223777411],[61.20112296825056,36.02310442073252],[61.20739378889232,35.891129570573355],[61.23874789390027,35.85556021723045],[61.25965063117184,35.80471916325888],[61.25965063117184,35.74536344596635],[61.240838168346784,35.69445186176404],[61.21784515752813,35.65369917857441],[61.215754883980765,35.623121012225],[61.240838168346784,35.58573181327267],[61.2659214518136,35.56533034282131],[61.28055336754403,35.558528697341615],[61.30981719900467,35.57553172780712],[61.33071993627607,35.59253114929328],[61.36207404128402,35.59423089224197],[61.3850670521029,35.58063193241776],[61.41224060911702,35.54492367518759],[61.43732389348304,35.502393105157864],[61.504212650593445,35.44281245483103],[61.56901113505603,35.41385735523289],[61.58782359788091,35.39511615738485],[61.588978268932124,35.39676324232994],[61.630412924217296,35.38276162185139],[61.65980739749352,35.374772767849095],[61.774119239811114,35.35612903402779],[61.81331187084629,35.35879268743264],[61.8884310812295,35.38009875895074],[61.9504860812678,35.40139920341056],[61.99621081747546,35.40139920341056],[62.03213739682354,35.39607461974805],[62.07459608134411,35.374772767849095],[62.11378871147991,35.3401452636931],[62.149715290828,35.30017200403489],[62.182375816690694,35.2681791708323],[62.25749502707396,35.18547253323101],[62.2607610796602,35.14542293821819],[62.26729318483268,35.11069734050989],[62.29342160552284,35.08932038262964],[62.32608213228468,35.07862980242362],[62.35221055297467,35.108025527556265],[62.38160502715027,35.14542293821819],[62.440393973703124,35.18814180559997],[62.466522395292486,35.22016622569089],[62.489384762496854,35.22817035647694],[62.51172456333802,35.20404884577766],[62.54516894189334,35.17671670771],[62.597425784172685,35.15450257543358],[62.630870162727945,35.152793544286794],[62.70193946783235,35.15962945303693],[62.74374494057673,35.186967336873124],[62.789730962214264,35.21429602783951],[62.84198780359441,35.25015097528734],[62.88588355078548,35.28257750924473],[62.91305710869881,35.309873996388035],[62.96113340388354,35.34909656495455],[63.01548051881099,35.369552957003464],[63.04683462381894,35.372961851608295],[63.080279003273404,35.381483458594914],[63.09909146609846,35.3917081989743],[63.11163310828141,35.412153790165405],[63.11790392892334,35.45643478174003],[63.122084476917166,35.47005480188767],[63.122084476917166,35.48877856367989],[63.10954283473404,35.509199511648205],[63.09700119255115,35.54152205969535],[63.10954283473404,35.57383158645871],[63.11790392892334,35.58913155367827],[63.13044557110641,35.6027290691913],[63.15134830747843,35.61292569046822],[63.18270241248638,35.6197227170299],[63.22032733903569,35.63161612068757],[63.22659815967745,35.64180905924087],[63.22032733903569,35.66388929955167],[63.20778569685257,35.67747410584542],[63.14507748683667,35.728396532274246],[63.122084476917166,35.75384554663481],[63.10327201409228,35.77759061821257],[63.10536228674022,35.79963326686186],[63.12292058561661,35.82594079023545],[63.16974271595376,35.827025449964594],[63.21522707147221,35.821602005628165],[63.276764729308866,35.80966912353131],[63.319573534291294,35.806414390711666],[63.347666811773934,35.811838871966415],[63.38378674086556,35.830279338320906],[63.42124444477537,35.84437798035975],[63.51890203080427,35.86823151377337],[63.548333084904016,35.881239505698716],[63.56973748649597,35.89966383821559],[63.59783076487798,35.91916728254415],[63.61923516826846,35.92566736195931],[63.663381748069355,35.9354164787876],[63.70485277823326,35.93649964024644],[63.77709263551691,35.94841343243411],[63.8105030475777,35.957197433714725],[63.90236077802746,36.006751728709446],[63.95849605724732,36.019135439149295],[63.999321715025246,36.019135439149295],[64.02483775046198,36.02326291095471],[64.06056020079274,36.04802319751269],[64.10648906601773,36.089273040318744],[64.14731472379555,36.122257337406324],[64.19324358902054,36.15110723431155],[64.29530773256579,36.196421351764],[64.39226867046295,36.21701001340148],[64.43309432824077,36.21289271382784],[64.45350715712965,36.22112709533923],[64.49433281490764,36.24582503999363],[64.53005526523839,36.27051518033136],[64.55046809412744,36.30342322750005],[64.59639695935243,36.36097890855001],[64.63211940968301,36.42670474602727],[64.64171343932384,36.51173708529842],[64.62864922897882,36.5589733948064],[64.61558501773447,36.593070558859324],[64.61885107122009,36.62191024216406],[64.62864922897882,36.65335941450542],[64.65477764966897,36.70574616745188],[64.72663080656662,36.823485857586434],[64.74949317556974,36.87706287225393],[64.78521562590049,36.91379367933496],[64.80562845478937,36.970895347542296],[64.80052524824174,37.02387999676455],[64.78011241935286,37.08497024098392],[64.78011241935286,37.10939256501496],[64.8107316622366,37.14194341675534],[64.85155732001436,37.17854638880493],[64.9281054281231,37.19887371465029],[64.99955032878484,37.235449109888634],[65.1118208881237,37.26388437616322],[65.19857541112646,37.272006767798246],[65.31084596956595,37.272006767798246],[65.41291011401063,37.26388437616322],[65.4792518081245,37.25576110948771],[65.55579991623324,37.2598228525427],[65.61193519635242,37.2963686825687],[65.65786405977866,37.35318247599071],[65.6782768886676,37.47478160218935],[65.70379292500365,37.51931847157044],[65.74461858278147,37.55169223420927],[65.79054744800646,37.567873845501765],[66.09163667389356,37.450477571382976],[66.20390723323243,37.40184581443282],[66.25493930500505,37.36535127004527],[66.3416938280078,37.34506884914816],[66.36200867486053,37.35226730159491],[66.39127250632117,37.35226730159491],[66.4539807172365,37.33731140239934],[66.48742509489239,37.353928884510594],[66.54177221071905,37.39877771252145],[66.53968193717174,37.44525927679416],[66.5334111156306,37.50166237681742],[66.53132084298267,37.567964453996524],[66.53132084298267,37.65737871745398],[66.54177221071905,37.76982145559583],[66.58566795791012,37.8820934718363],[66.62747343155365,37.93167396857899],[66.66013395831573,37.985751754539876],[66.65686790483011,38.03207244448777],[66.61767527379493,38.0577935127605],[66.58828079961933,38.0835055437459],[66.5588863272423,38.096358170593135],[66.47070290561464,38.08093474804036],[66.38905159095827,38.096358170593135],[66.33679474867893,38.12462599299528],[66.2355471176055,38.21193008000927],[66.11470317101458,38.27092941665944],[66.0493821174909,38.286312673690986],[65.99059317093827,38.31194418927316],[65.95466659158996,38.31963187830877],[65.89914369762374,38.32475655257292],[65.85341896051676,38.32475655257292],[65.81096027689534,38.304255685451665],[65.79789606655032,38.278621453017706],[65.77829975103288,38.27092941665944],[65.72277685616706,38.276057531729805],[65.65092369926947,38.288876232552184],[65.57253843629996,38.31450684341627],[65.50395133108918,38.34525162266442],[65.36677712066768,38.427173915643834],[65.25573133183548,38.49622365190021],[65.15774975334847,38.54477457328795],[65.03363975417153,38.646879957943895],[64.97811685930577,38.682582522465566],[64.91606185926747,38.70042712950857],[64.82134633246739,38.72336365390959],[64.7429610712964,38.764121523489564],[64.58619054445825,38.84047980989544],[64.45554844010854,38.92692024917028],[64.38369528231158,39.005641907148345],[64.34776870386264,39.03609131756048],[64.31837422968704,39.02848019500516],[64.24652107189002,39.005641907148345],[64.19099817792363,39.00056573062409],[64.08321844077852,39.06145580644056],[63.97543870453262,39.11975955975595],[63.91664975798,39.147626923044186],[63.83173238983795,39.178015102215284],[63.76641133721347,39.218512253837616],[63.72721870617846,39.248869794905204],[63.583512390584474,39.40550777786177],[63.44633818106229,39.493777455265445],[63.25690712926064,39.58696940461431],[63.077274235217885,39.66746691066953],[62.90417344634744,39.78803751192169],[62.88457712993079,39.79305670919996],[62.81599002471984,39.82567257383039],[62.76699923592611,39.85576578886014],[62.69841213071538,39.88584581443291],[62.603696604814616,39.93845411626455],[62.50571502632744,40.03104659732281],[62.45110662686943,40.062649428728264],[62.421842794509416,40.121815292841575],[62.421842794509416,40.203283913821735],[62.40094005813722,40.305380688368246],[62.38421786885971,40.36433510298269],[62.37794704821772,40.40095647695989],[62.35704431094638,40.44710287379877],[62.32987075303282,40.47731955225555],[62.235808438009144,40.51546855872709],[62.20027378500737,40.53294627025434],[62.183551595729796,40.55041942491653],[62.04989655748028,40.74066523371363],[62.01927731369716,40.79863825145429],[62.01417410714947,40.852700763329665],[61.97845165681872,40.9375670778586],[61.97845165681872,40.99151622119672],[61.96824524192448,41.04542125638602],[61.932522791593726,41.09159045553514],[61.86618109747985,41.15309895375378],[61.820252233154235,41.19919249024133],[61.6977752598205,41.26060007823105],[61.61612394426476,41.29895052834439],[61.52426621381477,41.321949981006924],[61.46302772804728,41.333446664931785],[61.401789240481094,41.32961466268665],[61.401789240481094,41.30661791428548],[61.396686033933406,41.26060007823105],[61.38137641159216,41.22606540659342],[61.35586037615565,41.21071080645879],[61.32524113327173,41.183831581362426],[61.304828303483646,41.1799907918417],[61.24358981681678,41.206871592550044],[61.20276415993817,41.22990349365136],[61.14662887981899,41.2490905483902],[61.07008077171042,41.237578991477335],[61.03946152882668,41.22990349365136],[60.99863587104869,41.23374135587903],[60.94760379927607,41.252927283767235],[60.87922082218324,41.26131820577069],[60.82696397990395,41.26288946527666],[60.77470713762443,41.27231623001006],[60.7161794747031,41.270745196233975],[60.6764642746067,41.25188985283461],[60.64720044404544,41.242460139224136],[60.59076305467124,41.233029065838764],[60.50715210828332,41.2267409269524],[60.473707728828856,41.23460100523238],[60.45280499155729,41.24403185288787],[60.42145088654934,41.26603187187362],[60.35038158234431,41.3052991880071],[60.265432860238434,41.342534169416524],[60.22797515452987,41.35257706238161],[60.157073072064804,41.37566983769295],[60.12897979368262,41.39273314252074],[60.08750876351871,41.425843246668535],[60.07948211280927,41.4438961906568],[60.08215766424479,41.4649516130267],[60.10757539209084,41.521065987505494],[60.13165534421893,41.55811488569361],[60.1868176667021,41.568757823414956],[60.2031479296333,41.59563106172425],[60.19008371928834,41.622493114265865],[60.1737534554577,41.64446283868921],[60.09210214080133,41.71032707733286],[60.07903792955699,41.73714133000857],[60.08230398304261,41.7517625689876],[60.10516635114635,41.77612390189677],[60.1247626666638,41.790736261869085],[60.14109292959506,41.798041192247354],[60.183551614115856,41.79317133099232],[60.229276351222666,41.78586584483304],[60.27826714001657,41.76881647230255],[60.28806529777535,41.771252375996596],[60.28806529777535,41.795606307485286],[60.25867082359974,41.82968627290336],[60.170487403770835,41.86861259939212],[60.157423192526494,41.88563541853978],[60.134560825321955,41.926957672958395],[60.10843240373259,41.956110218711785],[60.06923977179821,41.9949595452469],[60.04311135110805,42.04348787566505],[60.03984529852181,42.162225744922296],[60.023515035590606,42.19611000347396],[59.96799214072479,42.234812636194306],[59.93206556227591,42.25657244446279],[59.82755187861642,42.2807412055422],[59.755698720819396,42.28315757146487],[59.706707932025495,42.28315757146487],[59.66751530009117,42.26624106027691],[59.63485477422847,42.261406937180595],[59.5630016155323,42.25657244446279],[59.4062310904925,42.26865798377895],[59.36377240687125,42.28315757146487],[59.347442143939986,42.29282211155129],[59.31478161717797,42.32180683122033],[59.29518530166047,42.3435366138238],[59.27885503872909,42.37491082137734],[59.27558898614285,42.40144599373775],[59.24946056455366,42.44725304848953],[59.20700188093224,42.468939445998785],[59.16454319731082,42.48580145017678],[59.128616617962734,42.49061833147101],[59.109020301545684,42.48580145017678],[59.06656161792449,42.47857543350966],[59.02083688171683,42.47857543350966],[58.975112144609966,42.48580145017678],[58.939185566161086,42.50025098159762],[58.88039661870903,42.541173188791845],[58.824873724742645,42.59649586399297],[58.79547925056704,42.61332345921045]]]}},{"type":"Feature","properties":{"shapeISO":"AFG","shapeName":"Afghanistan","shapeID":"77858471B85949265405819","shapeGroup":"AFG","shapeType":"ADM0","countryCode":"AFG"},"geometry":{"type":"Polygon","coordinates":[[[60.92798486311102,33.496951384298995],[60.90252790683746,33.49944785103753],[60.88318826412717,33.505088196563065],[60.85139867231095,33.48571939243607],[60.86291906506284,33.46133859909713],[60.866722406813665,33.42009386623897],[60.82503423264376,33.39886906195767],[60.74827282962747,33.3344808302262],[60.634249068939425,33.22797617795828],[60.58175817629888,33.12970442601852],[60.629537735678014,33.02191486557865],[60.71197455957832,32.69643711578033],[60.8146166884095,32.478938556569176],[60.840629859180694,32.35976522118807],[60.859025236225705,32.26280414119822],[60.88031033555359,32.20144259400058],[60.843368370354085,32.068782869633765],[60.82312030805582,32.03207540535573],[60.832826433693015,31.98110035509734],[60.82491772367405,31.9504721657579],[60.829447252688624,31.92782457824177],[60.81758421733781,31.88864064095287],[60.81914544580576,31.785151134017667],[60.815930588026276,31.70810695627108],[60.85770282362648,31.48572914328537],[61.327707788383805,31.425054707808556],[61.706827178131846,31.37578864193233],[61.776592976184986,31.30216814634292],[61.77316655199485,31.264049153845406],[61.769644956149875,31.249962769566196],[61.77678334827294,31.213747362151082],[61.771358168244944,31.208179423741456],[61.77154854123222,31.20665658463372],[61.77711645086356,31.20075551485519],[61.7813043094464,31.198661585563798],[61.78235128758189,31.196282141307847],[61.78711017699311,31.193997839928443],[61.78977519556889,31.187573294571962],[61.795035082003494,31.18234311544245],[61.7991978611924,31.170346004664452],[61.80462301334143,31.16553947096986],[61.80533686100739,31.157782460392298],[61.802291154013574,31.150215765245434],[61.80376643517292,31.145789948747165],[61.80757357655938,31.143553261973523],[61.806838934769075,31.140004759312262],[61.81252283895793,31.119473123685736],[61.810666869380555,31.113381710597537],[61.815663717606526,31.10481565102151],[61.83027363322162,31.08887326928601],[61.830658692344855,31.082964602034792],[61.826847181152516,31.073359161795906],[61.82922665508613,31.058083041898897],[61.82756102881848,31.052229529169495],[61.839601098412004,31.036001631570116],[61.837697542107946,31.034431177856618],[61.83070190656781,31.03466913667137],[61.82765620137263,31.03271796576155],[61.82713272579474,31.02981501714936],[61.831796472329415,31.020487552858356],[61.83098745300862,31.016299695174837],[61.82722792622786,31.017061128668217],[61.82889352371723,31.006210767712787],[61.82532434204478,31.004925858641514],[61.823563544122294,31.001356676969124],[61.82798933184222,30.986032941567032],[61.82784657256133,30.981274024276843],[61.834984937704746,30.978228317283083],[61.83297346994971,30.97333366711507],[61.81652032365406,30.962809410226157],[61.802148395632,30.946438724567543],[61.796437698840805,30.945248988949743],[61.78825232768281,30.94815193756193],[61.78630118555134,30.942108082422124],[61.78668190274766,30.936825687755345],[61.78910893373035,30.932542658416992],[61.78258921761835,30.922215800918536],[61.782922348087936,30.91036610431229],[61.785872854648574,30.89746940079226],[61.794914803075756,30.886999784912177],[61.79600936793804,30.88385887658592],[61.79291607511681,30.8652515059523],[61.799626164216136,30.847500711688554],[61.80676452756097,30.839743672332645],[61.80373812991081,30.831811398277466],[61.78463847398643,30.821902903596197],[61.76948968729931,30.802068949422505],[61.492673297434806,30.51275873612684],[61.33368934838478,30.348621071904972],[61.017829721964176,30.016519465401075],[60.98651707570252,29.979116062556272],[60.87329176640196,29.858550619815276],[60.981285295779855,29.82708179099194],[61.002837118738114,29.824426855614945],[61.350009391420315,29.723226848140598],[61.49923257292494,29.681138248131674],[62.0501164758947,29.51225317614319],[62.094284094435466,29.493463628943346],[62.107705216022964,29.4890712600307],[62.19225816268414,29.464303209625484],[62.46543867715326,29.379018191436444],[62.85612513176949,29.422644112335945],[63.22757725608557,29.46372452196914],[63.236190900589634,29.460678786197093],[63.24799304014675,29.45358800867973],[63.25351339272896,29.45358800867973],[63.26431613907863,29.44968569563838],[63.267980493305174,29.450780232621696],[63.27668931036345,29.44997121240158],[63.28891975204499,29.446449616556606],[63.293202782282606,29.446687575371357],[63.2998176997271,29.449590495205257],[63.307479567428175,29.457490321721025],[63.31928167730763,29.455824694554053],[63.331797663631335,29.456348171031323],[63.33903120042959,29.459964967309418],[63.347977975403296,29.45967942266725],[63.34740691489725,29.46791235087437],[63.560701791954216,29.48594866100194],[63.57554963760572,29.485901075174525],[63.98015318272326,29.42246465082303],[64.05253287019588,29.408006947262834],[64.05994204009312,29.40360149681169],[64.06334627081378,29.403200986436445],[64.06619449208222,29.39976459326141],[64.07114375538004,29.398336925808508],[64.07616214057037,29.394390083735402],[64.07928153981129,29.390484686019477],[64.09065537634461,29.3859637257454],[64.09865034573693,29.380490959889926],[64.1035996090348,29.3794915945615],[64.10754953578248,29.38187106939438],[64.11621076701334,29.377064535699787],[64.12068416933897,29.37939639502764],[64.1276797752015,29.378920534954773],[64.1299164619752,29.385202292252018],[64.13300975479638,29.386487201323348],[64.1345802094092,29.39134129206701],[64.13948188598033,29.388533543888002],[64.14134285398956,29.390885739585258],[64.14374586408042,29.38988449107643],[64.1518074993167,29.39329246297683],[64.1581636926004,29.391486477718843],[64.15976568014207,29.39509093529847],[64.15576074006617,29.403100872107586],[64.1590886498214,29.403952450944928],[64.16161088213653,29.40723608797515],[64.16997834262645,29.410109560407932],[64.16637385626854,29.419521199443864],[64.16056670269126,29.421523668582495],[64.16236891619258,29.42552863743674],[64.15896471514952,29.42833213002382],[64.14690582274557,29.430507234821107],[64.14205170322356,29.435694456034355],[64.1462871467345,29.441167222789147],[64.14695340857298,29.445164706586013],[64.15365812871971,29.44905779438176],[64.15385838255838,29.45466474987836],[64.15786332443292,29.455866226145474],[64.16166803675054,29.454864976737326],[64.16547274906816,29.4594706837251],[64.16042117259911,29.464343169201925],[64.16166803675054,29.469683345310216],[64.16867672415157,29.473087547252533],[64.1692774622851,29.475891039839667],[64.17284193061067,29.476621167932592],[64.17860021412861,29.483378843758658],[64.18588139341165,29.478762711829745],[64.1904023527864,29.477572975312626],[64.19934912865943,29.47866753927559],[64.20572260241624,29.48149796655798],[64.20632334144909,29.483700692233185],[64.21553475362606,29.48149796655798],[64.21553475362606,29.485102452915896],[64.21733699680499,29.486704411679284],[64.22947312298629,29.484568580275834],[64.23235559223684,29.486103674445076],[64.23194776857474,29.4890895693282],[64.23585993458835,29.496216192923043],[64.24179873722198,29.495609285440196],[64.24927654427717,29.500221161777233],[64.25250628223921,29.50826803014553],[64.25093582942503,29.5175003227817],[64.25326771663185,29.517167220191084],[64.25783629061237,29.520212898406612],[64.26454635183273,29.52259237234017],[64.26901975415836,29.52183093884679],[64.27420697537167,29.523496564215122],[64.27777615794338,29.522021310934804],[64.28543805442274,29.522735130721742],[64.28986384124335,29.52092674697184],[64.2951462350108,29.522973090435812],[64.30109489061675,29.522164069316375],[64.3049020311039,29.52616155401256],[64.31046997041284,29.523068261191327],[64.32179619144114,29.52354415004254],[64.32422325120211,29.52520977631019],[64.329743602885,29.5216405946378],[64.33060020893254,29.525019432101146],[64.33374108758119,29.525067017928563],[64.33707234011644,29.527922380713335],[64.34292582316829,29.52825548330395],[64.34425831806698,29.52573327976711],[64.347970258121,29.52468630073224],[64.34954071183444,29.528826572588287],[64.35472793304774,29.529635564030116],[64.35715499280872,29.534156552183163],[64.36129526466476,29.53563180456416],[64.36376991025321,29.534156552183163],[64.36705354728343,29.535393875427076],[64.37095586032473,29.534442096825387],[64.37699968758557,29.537154673349562],[64.37752316316352,29.54143770268786],[64.3830435436247,29.546624924800483],[64.3888494129701,29.546958055270068],[64.39099092718959,29.544340651300047],[64.39403663418335,29.54429306457331],[64.39779618884307,29.547148398579793],[64.40802787378738,29.548242964341398],[64.41749812523835,29.547386358293863],[64.42016311503579,29.544483409681675],[64.42549312340896,29.551574215977325],[64.43082310300383,29.54957545924009],[64.43401159715756,29.552097690655955],[64.4362482839312,29.556333134166834],[64.43581995212912,29.563757043053158],[64.45000156472048,29.549242328770504],[64.45176236264297,29.552383236197443],[64.45390387776183,29.552335648571386],[64.45533154431536,29.555952417869833],[64.46128019992136,29.5557620448825],[64.46266030942581,29.556904224350546],[64.46656262156779,29.55580965858894],[64.46846617787185,29.5588553655827],[64.48026828865068,29.559521600441542],[64.48102975092235,29.562852851178206],[64.4742244892688,29.568230445378788],[64.48079176332925,29.566469646556982],[64.48717072115193,29.568278545618455],[64.4942595282547,29.566422032850596],[64.49483061843836,29.568991879771488],[64.50187380922898,29.56913463725374],[64.5025571518911,29.571304115892303],[64.50449267010072,29.573211585146566],[64.5026828294491,29.571418910754176],[64.50677997071915,29.568032760903236],[64.50915944465271,29.568984538605605],[64.5101588081825,29.57255374905634],[64.51453703885329,29.570031517640473],[64.51801104887085,29.570650164873257],[64.52243683659077,29.572268204414172],[64.52548254358459,29.575932558640716],[64.54323330906999,29.57493319421161],[64.54585071304001,29.577074709330418],[64.54299537903358,29.578787921425487],[64.54347126788474,29.588020213162338],[64.54651697487856,29.586402202399768],[64.55336982235946,29.586449788227185],[64.55546375075153,29.589828625690586],[64.56217383985086,29.589352736839373],[64.5646008708336,29.590923161774526],[64.5715013329202,29.58659257358846],[65.0589339016783,29.534648922010206],[65.56417676114864,29.667187225310272],[65.88777154911776,29.750632582227922],[65.92896004107308,29.75998386866064],[66.007910573814,29.784968227601667],[66.18577641155218,29.830971793213735],[66.22660181122467,29.843503232588148],[66.25166254778838,29.849356430554906],[66.25607471077933,29.85516141406805],[66.26681596058819,29.857606582577773],[66.26805702501173,29.863466635177133],[66.27397677460851,29.872801497291334],[66.2794070394034,29.877624454405122],[66.28502259241878,29.88005148538781],[66.29262110737824,29.89362899008586],[66.29546841493544,29.892734022557136],[66.3079033399672,29.90157577380296],[66.31309930169147,29.910352113759075],[66.3182636441519,29.909009536560916],[66.32832877825058,29.917075885144016],[66.33039005855443,29.924673770578124],[66.3327545659705,29.925356427956842],[66.33680863421114,29.93144161503858],[66.34015468059408,29.933089674848645],[66.3465554325872,29.94762818159535],[66.35309511544727,29.954364977861474],[66.35877139338515,29.956198869082584],[66.36112921614045,29.95550024514023],[66.37353852038649,29.970899300562337],[66.23467318701802,30.060938096416066],[66.23119917700046,30.063460326932613],[66.23081845980414,30.067172295764863],[66.22853418720302,30.069123466674682],[66.22960492992365,30.07362063358545],[66.23526804088743,30.074144108264022],[66.23769510064841,30.076951885221376],[66.23974144321306,30.077047085654556],[66.2428347360343,30.081472844596135],[66.24275732958716,30.08417673726666],[66.24680845704472,30.083971284447273],[66.24928310263311,30.08692181798756],[66.25113904343215,30.085922453558453],[66.2589912841205,30.095249948426442],[66.2588723191023,30.10041337627632],[66.26096624659505,30.102221760026282],[66.25991929723784,30.108646303584067],[66.26222736320233,30.112810368803537],[66.26146592970895,30.116284378821092],[66.26313155507728,30.117140984868627],[66.26265566622607,30.12199507561229],[66.26705766058262,30.12525494805743],[66.26529686355946,30.12868137224757],[66.26710524730936,30.130299411788485],[66.27319666039762,30.131155989057675],[66.27721793755785,30.139603110595147],[66.28026364455161,30.143600596190595],[66.28354731125944,30.145075848571594],[66.28302383568155,30.1475980817861],[66.28813967860333,30.15195249031524],[66.28749721012821,30.1657771502953],[66.28578402681143,30.167728321205118],[66.28816744157422,30.175695527626544],[66.29056673836436,30.177269950947505],[66.29075708257335,30.181695767445774],[66.29446905140566,30.184836646094368],[66.29470698144212,30.189357606368503],[66.29910900457696,30.1973764257815],[66.30184537356519,30.208155379667062],[66.30888859403342,30.21029686600764],[66.3127671137114,30.21645968706497],[66.31371889141377,30.22326494871845],[66.3181446791337,30.226453441972808],[66.31697876385891,30.23290175101505],[66.3216424816153,30.23380594289],[66.32030998671655,30.238564889857855],[66.32685349709129,30.24786856168481],[66.32390299142997,30.24891553982036],[66.32518789960193,30.254102761932984],[66.3232843154189,30.25524488384434],[66.32425991436361,30.268688855406424],[66.32799567565996,30.274994406966357],[66.32556861589899,30.27780218302439],[66.32699628335183,30.280990676278748],[66.32459301695422,30.284060176635876],[66.32506890580544,30.289390185009097],[66.3282573990598,30.292959366681487],[66.32880466710174,30.29712343100158],[66.33180278826813,30.298646270109316],[66.33651412063023,30.309020713435245],[66.3404878128623,30.312042627065637],[66.3406305991229,30.31646841478556],[66.33829871191608,30.3210845745935],[66.3398650521305,30.324413570729746],[66.33827491855271,30.32724739744947],[66.33908393877283,30.333862313994644],[66.3379418159621,30.334814092596332],[66.34015471027169,30.344070177696608],[66.3377990297015,30.353469049956743],[66.3352292115589,30.353897352980482],[66.33365875784546,30.356752715765253],[66.34070197831369,30.357418948825455],[66.34503259437878,30.354896717409645],[66.34612715834174,30.356229212308335],[66.34522293858782,30.36208269536013],[66.34210585240322,30.36401007290658],[66.34289107925997,30.375074571434368],[66.34531813902095,30.3785009659469],[66.34265314922351,30.384211692415704],[66.347768963367,30.389089575623473],[66.34743586077639,30.39532377587159],[66.35198064229286,30.39487167858516],[66.35345589557318,30.396156588555755],[66.35278963373469,30.405198536982937],[66.35669194587666,30.40795869843521],[66.36290235366073,30.41907078279047],[66.36680466580276,30.42026051930759],[66.35990423159507,30.426494719555706],[66.35702507724557,30.43165814830496],[66.34879214813918,30.433847249251187],[66.3466506339197,30.437987492328944],[66.34379527113492,30.438701339994907],[66.33853667073083,30.445673151594747],[66.34124924635569,30.451717009432514],[66.3441997807953,30.452240484111087],[66.34864936187859,30.462686306627802],[66.35298000582264,30.46506577966204],[66.35683473303658,30.476296829035505],[66.35564499562008,30.47729619256529],[66.35602571281646,30.48281654604682],[66.35312276420427,30.48376832374919],[66.34864936187859,30.481198505606585],[66.3450801802062,30.48329246367632],[66.34165375601606,30.483340050403058],[66.33146965689923,30.490383241193683],[66.3265203954,30.496998129859833],[66.31938200237755,30.499805905917867],[66.31457549656199,30.498140281448855],[66.30867442768277,30.499996250126912],[66.30938827534868,30.503946177773912],[66.3068184581054,30.506801511780395],[66.30895997232494,30.5105134806127],[66.29776251442854,30.51487208807646],[66.28695973930058,30.525579661871973],[66.29214696141321,30.54599544593316],[66.28548448602027,30.56022461557359],[66.27701359899845,30.568981019358603],[66.28705493973376,30.577309148898166],[66.39203675199457,30.940938395390674],[66.42653891943564,30.953644698044457],[66.57800692837708,30.9767688596952],[66.67381251803334,31.068096791433845],[66.6754305575742,31.06857267938568],[66.6784286787406,31.065860103760826],[66.68290205228794,31.067049810600338],[66.68394903132281,31.069048568236894],[66.68766097137677,31.070666579898784],[66.68666160694767,31.07242740659956],[66.69156331229709,31.07632971874159],[66.69037357577997,31.08108863783042],[66.68794651601894,31.08294460740774],[66.68946938390502,31.08803665696621],[66.68780375763737,31.092224514649672],[66.6940855437129,31.0923672730313],[66.6974167665706,31.104026625428446],[66.69556079699322,31.10788135174306],[66.6921819604292,31.10711994612865],[66.69156331229709,31.11363966314002],[66.69374041628726,31.116587141683283],[66.69199161532083,31.120302166411875],[66.69613185839859,31.121301530841038],[66.7016522109808,31.127250186446986],[66.70331783634913,31.133722316731564],[66.70227088609255,31.140765536300535],[66.71440612734096,31.153947727805473],[66.71483126025453,31.155641774448384],[66.7112176628649,31.160943333667944],[66.71826085455484,31.169033502594118],[66.7189747022208,31.17474422906298],[66.71531031921592,31.177218845873085],[66.7170711171384,31.18040734002676],[66.71573862223966,31.185975278436388],[66.71716628969256,31.189592045936195],[66.72116380316703,31.190734196625897],[66.72044995640044,31.197063569428224],[66.72335290411331,31.19720632780985],[66.72492335782675,31.19934784202934],[66.729349146446,31.200823124087947],[66.7292063871651,31.20577238558718],[66.73191896278996,31.20957952787296],[66.7341556495636,31.20962711370038],[66.73843867980128,31.205962758574515],[66.74200789025201,31.205201325980454],[66.75357204131672,31.207342840199942],[66.75519008175695,31.204535064141965],[66.7579026861601,31.20458264996938],[66.76123393779602,31.201822487617733],[66.76389892759352,31.202536336183016],[66.7681343711044,31.199918932212995],[66.77436854257422,31.201870074344527],[66.77612933959739,31.204820608784132],[66.77536790700339,31.206248304116002],[66.77698594744356,31.207009709730357],[66.779553679159,31.207699307177336],[66.78421951122152,31.206391061598254],[66.79111994542922,31.211102394859665],[66.7966402971121,31.209722314133558],[66.80163717411637,31.215242666715767],[66.80201789131269,31.218098000722193],[66.80838996572442,31.219177826595455],[66.81263026467502,31.222285858405712],[66.81215437582387,31.22837727239323],[66.81524769742333,31.23085191798168],[66.814676608139,31.236610200600353],[66.8242420600231,31.244081723193005],[66.82409927286318,31.247032259431307],[66.82995275591503,31.261166227739295],[66.8339502424098,31.264925811177307],[66.84399155256813,31.2669245391362],[66.84403916807321,31.268494992849696],[66.84979747857085,31.270208204045446],[66.85479432859546,31.269018468427646],[66.86488322727917,31.277822457140758],[66.87183124641496,31.280439889889067],[66.87202161940229,31.2824862315544],[66.87811303159117,31.283866313179885],[66.88786882858363,31.289386665762095],[66.89781496888577,31.291670939262474],[66.90114622142102,31.293764867654545],[66.90942676423384,31.29276547534647],[66.91204416730454,31.294240757405078],[66.91613682455488,31.290719160660785],[66.92037226806576,31.294526301147926],[66.9504010619595,31.304567614004213],[66.95549311241729,31.308136795676603],[66.9577298270699,31.30656637074145],[66.96439230156352,31.307708492652864],[66.96715246391511,31.302901987736618],[66.97521844107825,31.30580962091733],[66.98275834542136,31.310895729554318],[66.98782214457634,31.307393442153682],[66.99455899660046,31.310159574205045],[66.99995741460305,31.308954955706668],[67.00395041527952,31.30438192558546],[67.00903652301719,31.305318850984236],[67.01162419360173,31.30375733743125],[67.01755796722648,31.307148056737503],[67.02726172135141,31.308062673553593],[67.03774621831337,31.311542625391894],[67.04441614818677,31.298983537260483],[67.0497029971956,31.296552021358764],[67.05826908644923,31.286915190283878],[67.04898917830798,31.271746153562162],[67.02407177119534,31.256822472579074],[67.02382635790013,31.23739268542414],[67.0350916255781,31.24129645356851],[67.03977619411614,31.238351889727994],[67.04459460965359,31.241742609933567],[67.04539766017393,31.240091864747797],[67.05195605073123,31.237548810429303],[67.05162146335988,31.226997391316615],[67.05527987666505,31.222312821879257],[67.0697574021824,31.21408140723122],[67.09115024298939,31.224097441044137],[67.09460788534568,31.22929506021893],[67.09808786506295,31.225145876980662],[67.10304012670053,31.22483356941376],[67.10393240795435,31.23197196063751],[67.12586063496042,31.239489556397984],[67.12831442976716,31.236991117446166],[67.13427053985356,31.237816504428167],[67.1377504907926,31.235451940354835],[67.14727578255139,31.240649558630253],[67.14691885871844,31.244977204234658],[67.15088957959046,31.24582486922236],[67.15461494472396,31.249014848156776],[67.15755951036317,31.24526720411825],[67.16991785722337,31.245311820384245],[67.18026850718593,31.223227439594723],[67.19907367830768,31.21713751128715],[67.22963488704045,31.214014455402832],[67.25040319635048,31.214855265757933],[67.25387720636803,31.21314205456224],[67.25942135231361,31.213070675371398],[67.25813644324234,31.20992976794446],[67.26289536143184,31.205646737706843],[67.26127735066927,31.203505222587978],[67.26351400866463,31.202743817872943],[67.26194358372948,31.20084023368986],[67.27022409866328,31.198413173928884],[67.2735553502992,31.19988845508817],[67.27783837963756,31.198175242993102],[67.27931363291788,31.20017397185137],[67.27874260029085,31.204123898599107],[67.2820738231485,31.202458273230775],[67.28824744056698,31.206111201570764],[67.29170956874168,31.203791224985082],[67.29278034024054,31.204397961596726],[67.29144187564208,31.206842872900324],[67.2974381170755,31.206271810595638],[67.30079316207485,31.21201821227072],[67.30598635298787,31.207538869023665],[67.30969829304183,31.208573937437336],[67.30980537621718,31.203291542770557],[67.31498071558764,31.20222077127164],[67.31715790591267,31.207431814626602],[67.32873993819766,31.20648594906737],[67.33077437014111,31.202773980235065],[67.33414723790474,31.206610883785288],[67.34414099281264,31.205040458850135],[67.34455144339444,31.209805318860447],[67.3552768696319,31.21157205770436],[67.35645469642714,31.20882377809494],[67.36237955866977,31.21117942988684],[67.3641641778346,31.20814563441354],[67.36903609224191,31.207235500717843],[67.37214129568429,31.20887730484378],[67.37460403065154,31.20780656212321],[67.3764600290072,31.209198552571195],[67.37592464280806,31.21176837161312],[67.3787264500657,31.213356648090894],[67.38243841889795,31.211750519171176],[67.38565070641505,31.212856966775632],[67.38847036431594,31.207681627405236],[67.39416320866519,31.213445879723622],[67.39969544309031,31.210840357596453],[67.40340741192256,31.212053916255286],[67.40160496909408,31.2170686169232],[67.40895749878962,31.222172548324522],[67.41108119024477,31.218871059751677],[67.41475742631422,31.217728909061975],[67.41968292502702,31.22015596882295],[67.42071799344069,31.222190400766408],[67.42583977638463,31.22249376907223],[67.42855238078778,31.229168154186993],[67.43137203958798,31.226384199371353],[67.43376339536445,31.228061736260145],[67.4340846152129,31.226062980422284],[67.43724334630343,31.224724514924503],[67.44063409438797,31.226723271661683],[67.45084198686823,31.228008179833694],[67.45143089981622,31.23098847733644],[67.45571392915457,31.230024789012873],[67.45639207373529,31.23191646257476],[67.45974711783526,31.232273357629424],[67.46235261118409,31.234771796581185],[67.46431566393682,31.234129356884353],[67.46690333362199,31.237466549441763],[67.4694017725738,31.237716390099365],[67.4699371587729,31.23396874606084],[67.47143620541658,31.233326277585718],[67.47593340020632,31.234718269832342],[67.47761090831682,31.23710962560881],[67.4820188435948,31.23534288676484],[67.48394624991954,31.231595242726314],[67.48772956916434,31.234985962032567],[67.49319042439862,31.235842568080102],[67.49392212540585,31.24042896662354],[67.49866916085313,31.239643767645816],[67.50259526635853,31.240678836059487],[67.50491521506518,31.24367695632651],[67.50647675739651,31.242632948651703],[67.51109437410611,31.243636768322233],[67.51131745183898,31.244975232920694],[67.51430666072389,31.245778311320066],[67.51435127609057,31.24916903242496],[67.51863430632824,31.251756701210866],[67.5250588507854,31.25273821319803],[67.5294088031738,31.251288238961138],[67.53226416595857,31.2531620609804],[67.53592257836436,31.253295907080485],[67.53779640038363,31.256820502164487],[67.54373020368598,31.259095834605148],[67.54379389906921,31.2608231570631],[67.54772286082141,31.262947533801707],[67.54797413140108,31.261576964305505],[67.55378762519882,31.26353002019431],[67.5617026754382,31.261873933934964],[67.5713309089943,31.266659502634013],[67.57892616840797,31.264843491733814],[67.58079927456691,31.26710494313869],[67.58397442997602,31.26641965884022],[67.58793766758936,31.26956053658955],[67.59147831467254,31.267893026242234],[67.592095048148,31.27026867266119],[67.5937854381475,31.269103671097582],[67.59699483974009,31.27094253197231],[67.59806846838518,31.26982323125719],[67.59624103159837,31.269937455049558],[67.59697198976556,31.268612559422138],[67.60803934364083,31.266431055049225],[67.60943276401093,31.26825849093666],[67.61956353602841,31.269777559187048],[67.61992902860186,31.272815639929888],[67.62259021966298,31.271867660963835],[67.62464607255828,31.274631649930768],[67.63669568305937,31.277041543432517],[67.6397223379156,31.279497165661724],[67.64191526637649,31.27945149359158],[67.64461070541978,31.277052997198098],[67.64912215266526,31.277886752371785],[67.65142930491857,31.279165948949412],[67.65356510844305,31.283471829161613],[67.6613088072557,31.28463680194693],[67.6670309299335,31.289308145954237],[67.66910963460202,31.28894268215913],[67.67514300814338,31.29286307517083],[67.67854086806665,31.29780282633942],[67.68356628055943,31.298488110637834],[67.68412308860968,31.302499876568106],[67.69119010244134,31.308310544695928],[67.69433098108993,31.3086246239273],[67.70169065140249,31.314556627686272],[67.70351094577359,31.314556627686272],[67.70351094577359,31.316341218072807],[67.70472447565407,31.31537752974924],[67.7093644000471,31.318232891634693],[67.7092037901229,31.319749789821003],[67.71163084988387,31.31939286598805],[67.71355822743033,31.321819925749026],[67.71434342640805,31.320784858234674],[67.71584247215242,31.321570085091423],[67.71562833458006,31.322926371554843],[67.71705603081125,31.322069766406628],[67.71705603081125,31.323318970594073],[67.71866215973097,31.32217684958198],[67.72196364830376,31.325085739115593],[67.7251045269524,31.324514678609603],[67.72492609426388,31.32562112531474],[67.73329583903183,31.326959561134913],[67.74726922709323,31.322444542681524],[67.767595780421,31.320392259195444],[67.7795347077606,31.327013117561364],[67.78679800672268,31.335454242419416],[67.7892607695689,31.336453605949202],[67.79216966000189,31.342896001948986],[67.79663112292803,31.382228496448022],[67.78535248772721,31.399324910716132],[67.74912519756987,31.416100105135797],[67.65056198794542,31.391651161172206],[67.64489590742022,31.393034212359055],[67.63905133485127,31.391651161172206],[67.6401666938379,31.393346520825332],[67.63856056491818,31.39432806159084],[67.63891748875113,31.396514163298036],[67.6370882820986,31.396335730609508],[67.63499138234647,31.398700293783577],[67.63501369092916,31.405057915190696],[67.63305063727717,31.40617330205629],[67.63336294574339,31.40902866484106],[67.63064142995808,31.410857870594327],[67.6331398689099,31.412464000413365],[67.63202450992327,31.413847080378503],[67.62849991483927,31.416434721285384],[67.61313007928976,31.41221861499713],[67.59950024843778,31.426250014726463],[67.60820015411389,31.44936052286988],[67.59039880266266,31.47760175501702],[67.59184877779893,31.48819779039576],[67.58216287521657,31.49758920817544],[67.58539298459863,31.499427354089164],[67.5847505449018,31.50317499812769],[67.58721327986905,31.505709141064074],[67.58160966625314,31.507029725341624],[67.5817943546258,31.509525078719435],[67.5767512911392,31.514589079322604],[67.57475253440202,31.519347998411433],[67.57351523993646,31.51872932240036],[67.56837560455057,31.522488877060084],[67.57308693691266,31.526248431719807],[67.5765133611028,31.526248431719807],[67.57727476581783,31.523535827316607],[67.5805584316264,31.52334548310762],[67.57851211784003,31.51968110010273],[67.58193851235251,31.5218702298273],[67.5848414609647,31.51901486704253],[67.58427039955933,31.52320272472599],[67.58983833886828,31.523916545412305],[67.59407375360092,31.522203361196205],[67.59602492541006,31.5232978972802],[67.59745259106427,31.527438168236927],[67.6008790440327,31.522869594256406],[67.6067324983062,31.526914693558297],[67.60911197223976,31.525582198659606],[67.61158661782821,31.526533947583687],[67.61420402179823,31.52467797800631],[67.62029566421359,31.528657468167694],[67.62296042558324,31.52729538197633],[67.62386461655888,31.522964765911297],[67.626386848874,31.526296018446544],[67.63866487728234,31.533006106646553],[67.63956906915729,31.529389310368458],[67.64642191663819,31.5287230773082],[67.6523705722442,31.525344239844856],[67.6530368053044,31.521251553816228],[67.6549403885881,31.51977630143523],[67.65451208556436,31.517063724911054],[67.65993723861271,31.514303534680437],[67.66279260139748,31.516397463072508],[67.66598109465184,31.514731837704176],[67.66806334085055,31.516522226919278],[67.67102552960455,31.515778816739044],[67.67407126537665,31.51925282585728],[67.67702177103797,31.51872935117865],[67.6814951733636,31.521013623779766],[67.6833511438403,31.518253462327493],[67.68906186940978,31.51820584772173],[67.69377317299359,31.515873988393878],[67.69934111140321,31.51634987724509],[67.70214888836057,31.51320896981815],[67.70671746234109,31.515398070764434],[67.70962041095328,31.512875839348567],[67.71376065403103,31.51297103978169],[67.72028037104235,31.520823251691752],[67.73408126643733,31.524868350993643],[67.7383642669974,31.528389946838615],[67.74064856927612,31.528009229642294],[67.74997629077325,31.532821531588468],[67.75559158658251,31.547282863013777],[67.75889927418223,31.54840701916868],[67.76068363614093,31.547425621395348],[67.76563292731782,31.55446884186364],[67.76867863431158,31.55475435772746],[67.77585293006871,31.56161300313761],[67.78709566163553,31.563843920760405],[67.79637554009918,31.57079193989614],[67.7990405586749,31.570839526622933],[67.80238392058152,31.57505697469969],[67.80533834099168,31.585190518427737],[67.81602989066698,31.589827643231217],[67.81736238556567,31.596442531897367],[67.82212133343285,31.602248429121744],[67.8276656781286,31.60396744004538],[67.83516076655621,31.609434379193317],[67.83783786662428,31.609559170919056],[67.83843274927204,31.61241450492554],[67.84188296592617,31.61229553990728],[67.84486897592257,31.61438367037016],[67.84605868456072,31.612765630829244],[67.84747469769917,31.615507827424324],[67.85895535930246,31.624710527868615],[67.87680132612036,31.627994193677125],[67.88846093572369,31.631688138297022],[67.89222023317728,31.63161096117699],[67.89364792940847,31.629469446957444],[67.90321358004275,31.624549774952186],[67.91273141732108,31.627762032791622],[67.9202862018468,31.635852204415755],[67.9257230361892,31.635275315403533],[67.92976813459177,31.636988526599282],[67.9380132036465,31.633710688397628],[67.95199230420155,31.636369880265818],[67.9548952240354,31.63518014284938],[67.95736986962385,31.636369880265818],[67.95984451521224,31.635703647205617],[67.96141494014745,31.639082455890673],[67.96900568586375,31.640849081420015],[67.97043335331665,31.63977830902178],[67.97566816035737,31.640373162891194],[67.98349634957691,31.645031140274966],[67.9886835995685,31.65069422156114],[67.99940328543335,31.65357917563847],[68.00115197308514,31.656738077600266],[68.00386454871,31.65659529133967],[68.00957527427954,31.661877713885417],[68.01038426572131,31.66525655134882],[68.01566665858945,31.66863538881222],[68.03103797981896,31.67577375305632],[68.04331600732792,31.679533307716042],[68.0424594021797,31.68058028585159],[68.05012126898146,31.684387397560386],[68.05307180432038,31.68990777892094],[68.05968672086556,31.69128783176808],[68.0629227720683,31.6943811533676],[68.07039426678205,31.697569617843612],[68.07110811444795,31.70013946476456],[68.06958527534022,31.70151954459135],[68.06996599343591,31.702614081574666],[68.07186954794133,31.70151954459135],[68.0706322255968,31.703661060609534],[68.07245274839568,31.704618608362125],[68.07087015563326,31.70651639461596],[68.07286891237044,31.707230242281923],[68.07091777023896,31.7088958676502],[68.07225023635937,31.716843251215096],[68.07453453863809,31.717366726793045],[68.07558148799535,31.72003174536883],[68.08319579864724,31.725314139136287],[68.08467105102824,31.730786904991703],[68.09361782780059,31.73526027943842],[68.09361782780059,31.739305378740312],[68.11084511860741,31.748537671376482],[68.11293904699949,31.74839491299491],[68.14506176928529,31.802265914240593],[68.17118825013767,31.83529282930067],[68.17956393672637,31.81701855855971],[68.26448280493753,31.802355403079446],[68.25461215642594,31.784562734582607],[68.27926338489738,31.757436861422093],[68.36325832381266,31.758912114702355],[68.4282729998991,31.7554145973059],[68.43031157322059,31.752582770678373],[68.43816378513066,31.75144061998867],[68.4392583212146,31.74882321601865],[68.44335097756561,31.74920393321497],[68.44368413771286,31.746300984602783],[68.44725331938525,31.74458777340709],[68.44806233960537,31.742255913179918],[68.45201223757476,31.74216071274674],[68.46038795294174,31.735069935229376],[68.46467098317936,31.73659277433711],[68.4689064266903,31.73449884504572],[68.47414123373102,31.735831368722756],[68.47575513189389,31.738788101289913],[68.4801374760637,31.73778251085423],[68.48370665773615,31.739638509209897],[68.48936976780061,31.73778251085423],[68.49284377781817,31.740066782556028],[68.49379555641985,31.73816322805061],[68.49712680805578,31.737972855063276],[68.49964903857233,31.741304106699204],[68.50164779620889,31.738686702729183],[68.50464591557659,31.737734925026814],[68.50978555276112,31.738781903162362],[68.51525831861659,31.735117521056793],[68.5225870549487,31.734831976414625],[68.52482374262166,31.729977885670962],[68.53172417593004,31.727883956379515],[68.54324076994561,31.718128160286426],[68.54571541643338,31.71532041210736],[68.54428772020219,31.712465050221965],[68.56536973732358,31.714463778180857],[68.59068722673419,31.752915901147958],[68.51782813675914,31.756723041635098],[68.5032658357498,31.755676062600287],[68.49450943196479,31.751250247001337],[68.48789451541961,31.75224963930947],[68.48494398008069,31.749489477857196],[68.47875736655925,31.749965337930064],[68.46647936692932,31.74711000392358],[68.4578657224252,31.7497274078936],[68.45600975104924,31.754724257018893],[68.44901411730774,31.761196416081816],[68.44063840194076,31.762862040550772],[68.4338807557923,31.76010185121953],[68.43364279697755,31.76238612382059],[68.47652847690773,31.774206400904745],[68.55248334543012,31.82151806910366],[68.5771242901539,31.832723011158066],[68.64294018843901,31.777138797817315],[68.70847054298122,31.770952212174905],[68.72213641956017,31.710407082121208],[68.72770435886912,31.696100563590164],[68.73040919492848,31.692763113826686],[68.7561549298062,31.66735045186192],[68.7573446672227,31.66953958158649],[68.76700529076163,31.668349844170052],[68.76957510890423,31.665589682717723],[68.77390572406995,31.663971642277545],[68.77561893616502,31.666398674159552],[68.78408982318683,31.660212087617822],[68.78318563131188,31.657737442029372],[68.78799213622818,31.654786936368055],[68.78585062110932,31.647553342912488],[68.78894391393055,31.643603444043777],[68.7876114190318,31.64117641306109],[68.79018123717441,31.63841622283047],[68.78913428691789,31.63384764795063],[68.79141856041826,31.63241998139705],[68.790514367644,31.627851407416586],[68.79217999391165,31.625471961361995],[68.79003847879284,31.624710527868615],[68.79008606462025,31.622473841094916],[68.79265588276286,31.621617235047438],[68.79351248881039,31.623901507648497],[68.79879488257785,31.626423739963684],[68.79965148862533,31.624662942041198],[68.79584434813819,31.620617842739307],[68.79789069070284,31.619951608779786],[68.79846175120889,31.617191447327457],[68.80107918395726,31.61928534784056],[68.80464836562965,31.618000438769286],[68.80326828490348,31.615145104762803],[68.80707542539062,31.610624115710436],[68.80969280058235,31.60981509638964],[68.81112049681354,31.61309876129883],[68.81549869780673,31.609624752180594],[68.81816368760417,31.613669822704196],[68.82101905038894,31.614336085442062],[68.82758635322767,31.609101248723675],[68.82825261506616,31.605817611693453],[68.8306796748272,31.604437530068026],[68.83995955329078,31.60981509638964],[68.8404830567477,31.604723046831225],[68.84524194705824,31.606816975223296],[68.84605096727836,31.605294107337215],[68.8434811779141,31.602629118439097],[68.84452812817062,31.600820733789874],[68.84714553124132,31.5995358247186],[68.84923946143203,31.60148699562842],[68.85028643866826,31.598441288634604],[68.85409358005472,31.594586562320046],[68.85585434919892,31.595252795380247],[68.85680615567958,31.593063694434022],[68.85866212525696,31.596966006575997],[68.86337345941769,31.59563351257657],[68.86446802338065,31.598203329819853],[68.86756131620183,31.599059935867388],[68.86817996343461,31.603152620996696],[68.87003596179028,31.603914026611108],[68.87170158715855,31.608054297567833],[68.87360514256335,31.605770024966716],[68.88041040511615,31.603152620996696],[68.88283746487718,31.604199571253275],[68.8901662012093,31.602914663081265],[68.89235530215552,31.606531459359417],[68.89730456455408,31.606198327990512],[68.89977921014247,31.59967858310017],[68.90482367387352,31.597965371005102],[68.92795203355956,31.60148699562842],[68.92719062884453,31.606721803568405],[68.9320446908099,31.60691214777745],[68.93399586171972,31.605389308669714],[68.93585183129704,31.609196449156855],[68.93889756706915,31.608292257281903],[68.94013486243404,31.61119520589409],[68.93875477990923,31.613669822704196],[68.94375165781281,31.616192055019383],[68.94279988011044,31.61952330665531],[68.94532208274796,31.62175999342901],[68.94403720155566,31.623806335993663],[68.94970031341876,31.627185172557745],[68.94784434294212,31.630992313944205],[68.95303153627646,31.63175371955856],[68.95188941436504,31.63370488956906],[68.95560138229803,31.637987919806733],[68.9549351213588,31.642604081413253],[68.96016992839952,31.648409948960023],[68.96488126166093,31.64722024122119],[68.96768903771897,31.648457563565785],[68.97044920007056,31.645316656138846],[68.96935466398662,31.642889596377813],[68.97492260239625,31.644269705882266],[68.97615992474078,31.63684576911703],[68.97863454155089,31.633324173272058],[68.98287001473943,31.632610354384383],[68.98463078388363,31.634847012379794],[68.99438657997672,31.6363222944384],[68.99324445806536,31.629231488142693],[68.99633775088654,31.62623339575464],[68.99652809509558,31.63056401092041],[69.00290505282601,31.632086850028145],[69.00594664722007,31.626965352169293],[69.02094913309605,31.629130659752207],[69.02474850434004,31.644317292609003],[69.03038370934075,31.646143785107654],[69.0410555791517,31.652794407436033],[69.04083364355785,31.66064039064156],[69.04987147938533,31.665167606599823],[69.0546345398522,31.665446895557807],[69.05992470286282,31.670271538001145],[69.0735352540488,31.67189551756411],[69.07333711271764,31.673822610924788],[69.06951394811028,31.67514348028743],[69.08261699118123,31.68310251816672],[69.08962039416593,31.69107398018008],[69.09039371040149,31.6952499272424],[69.09865457334996,31.6943811533676],[69.10027258501185,31.695237759415136],[69.10046295709986,31.699711132962477],[69.10369903708096,31.698854526914943],[69.10293760268826,31.69695097061083],[69.1041589018119,31.6961779115814],[69.11002840898396,31.699092485729693],[69.11127350057166,31.70143651288481],[69.11529478042985,31.69958054240817],[69.11849926812675,31.701567103439118],[69.11749990369765,31.703756202586703],[69.11529478042985,31.703601849246013],[69.11947072569347,31.706385804061654],[69.11900671868517,31.708396442641742],[69.12210001240572,31.710407082121208],[69.11653210187507,31.711644403566424],[69.11529478042985,31.715279053185782],[69.11761475611615,31.71775369877423],[69.12459068121501,31.716843251215096],[69.12830265004732,31.72003174536883],[69.12478105420234,31.726694219862395],[69.13015864840298,31.730120643153214],[69.12977790332764,31.73240491665365],[69.13478254957505,31.733220162880286],[69.13741186416627,31.736158814577664],[69.13720184009293,31.74187516810457],[69.13957717264844,31.74095340977209],[69.13973184165121,31.742345401119394],[69.13416390234227,31.74698535519002],[69.13323591800327,31.750233317014022],[69.13534587141487,31.75144061998867],[69.14124691241511,31.7485852572039],[69.1425318196878,31.75367730676237],[69.15009440223491,31.754254594174256],[69.14919432295972,31.757294103040465],[69.14619620269264,31.759673548195735],[69.14671967737127,31.761910263747723],[69.1572089731157,31.760518528707166],[69.15947359463075,31.763195144040708],[69.15612631887456,31.76546782078333],[69.15695136321489,31.77009560612737],[69.16009224186354,31.772808181752225],[69.15334236405891,31.774438390019725],[69.15233520340695,31.776377364323935],[69.15552369576199,31.78127906967336],[69.15176414110226,31.78537172602438],[69.1524143788206,31.787120927189108],[69.1632807351179,31.786466290886665],[69.16215826429254,31.791915520584837],[69.16875347309434,31.79208181512371],[69.16973684218158,31.793462181834286],[69.16404216861127,31.80126652193252],[69.17160883587911,31.797744926087546],[69.17750990475838,31.801456894919795],[69.18257404835373,31.809315332836377],[69.18231640967463,31.820492598254873],[69.18036526844242,31.823014829670683],[69.18498139857275,31.826155708319334],[69.19549862995785,31.829153828586357],[69.19121559972018,31.84709496795847],[69.1934522873932,31.84918889635054],[69.20051518682646,31.84914156772919],[69.20025757692571,31.853471897809868],[69.20473094957373,31.859135008773706],[69.20994973429288,31.860122776445053],[69.21520056635313,31.856707977791018],[69.21845629742023,31.8570294827245],[69.22108561201145,31.859040122203908],[69.22541622717722,31.86739204420752],[69.22804554176838,31.865845383857447],[69.22974684324225,31.861978746022373],[69.23407745930734,31.86228808402791],[69.23392281818354,31.866773368196448],[69.2358542795514,31.868986005299973],[69.23516011264911,31.8737332988527],[69.24061320043893,31.871888925133817],[69.24299267257385,31.873173834205147],[69.23937590507404,31.877028561419024],[69.23928070464086,31.879645993268014],[69.24258405031372,31.879455906265093],[69.24503901603782,31.87626715580467],[69.24817989468647,31.876743044655825],[69.2507497119297,31.877789994912405],[69.25236775236993,31.881073660720915],[69.25508032799479,31.881121247447652],[69.25669836843502,31.884595256565888],[69.26412227642197,31.88602292311947],[69.2625358273666,31.88757581037538],[69.26864326457508,31.892352295921796],[69.27245040506222,31.892066750380252],[69.27325939740331,31.893399274057288],[69.26969024360989,31.895969063421603],[69.27211727459263,31.897777475949795],[69.27064202131231,31.900775597116137],[69.27537300565973,31.902114318920724],[69.2750636676542,31.909383557904903],[69.28710787862576,31.912149432750198],[69.28558089724066,31.91990078839075],[69.29501547258604,31.91541550332289],[69.29919553314738,31.919287796094977],[69.3053780061901,31.920983441732517],[69.30390689518714,31.925046079612912],[69.31496725143757,31.92438607255923],[69.31767534304271,31.927417783404053],[69.3212026792603,31.927086965990725],[69.32558850740372,31.92361487062982],[69.33381192438088,31.92329507800548],[69.3237610724156,31.933620021746663],[69.32403519207054,31.935630202571815],[69.3273245703727,31.936543906576105],[69.32796415382268,31.939650539041168],[69.32577125414014,31.94211755837864],[69.32156817273307,31.942026184560802],[69.32485752225688,31.94668613325848],[69.3217509185701,31.95120900639057],[69.31837016734937,31.953036412600397],[69.3186442870043,31.966102525011593],[69.31398436798423,31.975422419708934],[69.31179144042267,31.98826008363602],[69.30228882686794,31.98688951413982],[69.30037001806193,31.9905443571364],[69.30019489757655,32.00880311637076],[69.29557876564758,32.01118259030437],[69.29177162516044,32.04244870744196],[69.28991562680477,32.045637171018654],[69.29072467490386,32.05615440240382],[69.28710787862576,32.06629088601562],[69.28839278769703,32.07476177303744],[69.29067708907644,32.077759922082805],[69.2886307177335,32.07947310539953],[69.28858313190608,32.086325952880486],[69.29691126144564,32.08670667007681],[69.29200958397519,32.09365469011192],[69.29291374707185,32.09655763872411],[69.28924939284525,32.10150692990095],[69.28077850582343,32.12078056327243],[69.27825627440757,32.120923321654004],[69.27283112225854,32.14300473108352],[69.27083236642062,32.16208799236699],[69.27292629481269,32.16979747377445],[69.27249799178895,32.18202788757702],[69.27568645626502,32.182361018046606],[69.27773279882967,32.188833149230504],[69.27578162881917,32.203633408155326],[69.27335459783649,32.20962964958869],[69.27435396136627,32.211438034237915],[69.26983297321323,32.22661898158077],[69.27354494204548,32.23004540577091],[69.2756388704376,32.238897009989046],[69.27249799178895,32.24389388699336],[69.27302146556826,32.25583878403273],[69.27040406159824,32.263595823388584],[69.27359255665124,32.270972146447434],[69.27321183855554,32.27925265958265],[69.28087367837759,32.289865062622596],[69.27935083926985,32.29286318378894],[69.27768521300226,32.293148728431106],[69.27877977786449,32.29757451615103],[69.2769713653363,32.30466532244674],[69.27858940487721,32.31537286836323],[69.283157979757,32.325223836111206],[69.28149235259008,32.32945930840043],[69.28272967673325,32.333789923566144],[69.28201582906729,32.345068559666345],[69.27797075764443,32.35815560739542],[69.27797075764443,32.36315245562139],[69.24837023889546,32.41464398383283],[69.24870339814339,32.41978361921872],[69.24561007744319,32.424447366652714],[69.24337338977017,32.44000905997018],[69.23780545136054,32.45785499800979],[69.24018489741513,32.46446991455497],[69.26017237755326,32.48864522539691],[69.27849423322232,32.52895329006236],[69.28230137370946,32.5276208239419],[69.29105777659515,32.53042857122165],[69.29129573630922,32.53380740958431],[69.29378594826295,32.53714711574685],[69.30376410802722,32.544277024565076],[69.30671464156751,32.544277024565076],[69.3116639057647,32.540755428720104],[69.34190329480128,32.552599440711674],[69.35092502017358,32.5574592448483],[69.35682608995216,32.55684059761552],[69.3640596258511,32.560124263424086],[69.38266702616238,32.56140914371707],[69.38171524756069,32.56864270659571],[69.38561756060199,32.57259260636374],[69.39156621620799,32.57530521076694],[69.3921372776133,32.578684048230286],[69.39884736671269,32.58382365573715],[69.39940937284433,32.58849182963428],[69.40541469743039,32.592104199449295],[69.4068899507107,32.5973390055907],[69.4141711012154,32.603287662095966],[69.40860316280578,32.60519124627905],[69.40784172841308,32.60804660906382],[69.4093169816934,32.611187487712414],[69.41612227212522,32.614090408445634],[69.42088119031473,32.62046736617606],[69.42130949333853,32.62803406222224],[69.42930446363016,32.634411019952665],[69.43049420014728,32.64002654508903],[69.42892374643378,32.64131145416036],[69.42916170524853,32.644261988599965],[69.44361472334089,32.64726930623357],[69.4508623696027,32.65259008936118],[69.45305149932727,32.65630205729417],[69.45347980235107,32.65958572310268],[69.45100515676262,32.66472535758925],[69.45409844958385,32.667390348286006],[69.45267078213095,32.67186372273267],[69.44719801537616,32.67524256019607],[69.44596069303162,32.676622640922176],[69.4472456021029,32.678811770646746],[69.43796569486096,32.68666398255681],[69.43530070506353,32.699465484744394],[69.43644285575323,32.70174975824477],[69.43539587671842,32.70627074639788],[69.44305774441943,32.707365281582554],[69.4451517015898,32.7118386848075],[69.44210596581775,32.72744793607342],[69.43587179434786,32.7301605395773],[69.42849544341004,32.72649615837105],[69.42421244195071,32.72773348071564],[69.41973903962503,32.73201651005394],[69.42159501010167,32.73472911535646],[69.41845413055376,32.737156146339146],[69.4140283149548,32.73767962101772],[69.41088743540689,32.74086811427213],[69.40703270909233,32.741248830569134],[69.40784172841308,32.747340216677685],[69.39542094342187,32.75681049690695],[69.38871088220151,32.76827950419579],[69.39161380203541,32.78060511843154],[69.40489119397347,32.788552501996435],[69.40427254674069,32.79102714758483],[69.4068899507107,32.793121076876275],[69.40822244560945,32.800735357850556],[69.41255306167449,32.802115438576664],[69.4193583224287,32.800402227380914],[69.42426002867745,32.80202023814354],[69.42454554544065,32.80044981320839],[69.42735332059931,32.800497399035805],[69.43035141298736,32.801972652316124],[69.43637755957678,32.80189024743703],[69.44129694559763,32.80492318675573],[69.4459131072042,32.817962648657385],[69.45723935701079,32.82767083014477],[69.45728694283821,32.83214423157108],[69.4651306138868,32.834848639553115],[69.46718549731293,32.837283867856286],[69.4667096075624,32.83975851344468],[69.46190307476712,32.84299456464748],[69.46314039711172,32.850846776557546],[69.5480645209609,32.87504422331233],[69.53887138840389,32.874848622565935],[69.53006942676268,32.87954301799596],[69.5257662598051,32.87700022088353],[69.52386424673767,32.879781032568644],[69.51843909458859,32.882636396252735],[69.51187873271738,32.880129818436444],[69.50863571266808,32.88425443579365],[69.5038767935792,32.88691942559109],[69.50511411682311,32.89386744562614],[69.50382920775178,32.898150474964496],[69.50718436696502,32.908882842169476],[69.4950727760878,32.93260508535644],[69.49531070612426,32.977957584974604],[69.49397821122551,32.98676160336538],[69.49607213961758,33.020264406377294],[69.49971184432621,33.02018800087558],[69.5030608054119,33.023272581964136],[69.50711487275322,33.03138063211054],[69.51125702958831,33.03182127473207],[69.51531104027237,33.039048041434],[69.52438852181291,33.04869838212471],[69.53699128282148,33.054426902579564],[69.56086488100948,33.0753013516761],[69.56243530684401,33.07929883727155],[69.56722021723931,33.07853071911745],[69.56609968894952,33.083581866609904],[69.57039294357952,33.08743196591257],[69.57330946026343,33.09802520260109],[69.5827985354241,33.102152649225445],[69.5837354887019,33.09990402305226],[69.58729581564944,33.09840491975132],[69.59294001656855,33.098905601112676],[69.59863271972426,33.09709321807759],[69.602099388576,33.097374278700045],[69.6062887607178,33.100499848189486],[69.61652818612697,33.09892022588775],[69.62582414536809,33.101047116231484],[69.63273714670203,33.09751480856164],[69.64145721787634,33.097406526589964],[69.64454251302664,33.09348601936438],[69.6482624804292,33.09317111185737],[69.6556388016894,33.08926879881608],[69.66313411944412,33.09647857012993],[69.6639669015513,33.10030947520215],[69.67199471958071,33.10046617217614],[69.67302533185364,33.09784274184909],[69.67658568757946,33.09578148942427],[69.68623611460504,33.09709321807759],[69.69157663425432,33.09165898367519],[69.70058682042549,33.09233829827389],[69.70900360962895,33.08964457423775],[69.71640538170305,33.09217428981168],[69.73027202923083,33.09292384056283],[69.73071081475234,33.104092823225244],[69.73675461413421,33.11337272956786],[69.74507560215739,33.11433281970392],[69.74648098980589,33.11770577380247],[69.76718726028389,33.11704990902615],[69.7700917512334,33.1210787270017],[69.78358359460725,33.12637240366354],[69.79032953068332,33.12534179139061],[69.79312405433171,33.130195510714316],[69.79826368971754,33.131385247231435],[69.80325922493336,33.12253095943629],[69.80916163739971,33.11791751108433],[69.80934929623311,33.11391120044158],[69.81525199378456,33.10833643527832],[69.83839426418399,33.09784274184909],[69.84392218456122,33.1001850827754],[69.85497802891297,33.09695265943776],[69.86331675516419,33.09714006196435],[69.8676266337622,33.09442294476315],[69.87587164436093,33.09329861683773],[69.8788798478268,33.09431323376879],[69.88083741741292,33.0996697784376],[69.88495992226268,33.0996697784376],[69.88563749487457,33.1035455551833],[69.88936351741245,33.10135625368821],[69.89339233358936,33.10252742460102],[69.89423557301336,33.10093463442587],[69.9088848483571,33.102046509438935],[69.91634723203919,33.10412021477612],[69.92552919591571,33.10299588775007],[69.92852737373937,33.10917967380294],[69.92476924720307,33.11839888490067],[69.92997740643222,33.120964103910296],[69.93689569128315,33.11979810319997],[69.93728437737218,33.12959254496002],[69.94031600278134,33.1307585456704],[69.9746742975808,33.131807951975475],[69.97543835979252,33.13528756027273],[69.98190354910957,33.140358673613946],[69.9850906430188,33.141213736424845],[69.99154255114786,33.13829873419928],[69.99978024935905,33.14435330206328],[70.00429086922827,33.145217048727886],[70.02112401865861,33.13871398356355],[70.041658767738,33.166482298219535],[70.06437904835445,33.20666557115925],[70.06167001425979,33.21276281095504],[70.06995055707262,33.2169506686385],[70.0709499206024,33.21928252796636],[70.0782786857128,33.21937772839948],[70.0816099085705,33.215618173739756],[70.08812962558181,33.2135718311751],[70.08786790218198,33.20912225009181],[70.09472074966294,33.206647605402736],[70.09686226478175,33.20407778636081],[70.10428617366802,33.2054578679863],[70.10509519298881,33.20859874663489],[70.11468440855867,33.2098122774147],[70.11925298433783,33.20410157972418],[70.12239389176477,33.210906841377664],[70.12610583181873,33.21152548861045],[70.13164997686499,33.21554679544829],[70.13702757106563,33.21530883573422],[70.14311898505315,33.218497329887896],[70.14483219714822,33.21854491571531],[70.14894867564095,33.213524245347685],[70.15311273996105,33.216403400596505],[70.15446642828311,33.21949275168919],[70.1602748966692,33.216665123996336],[70.16194052293685,33.21714101284749],[70.16499122656393,33.22042373616654],[70.16412962388307,33.225231183572305],[70.166485303554,33.2277296216248],[70.16439137516187,33.230347025594824],[70.16539073959103,33.23348790514274],[70.17129178059128,33.23829440915972],[70.1754796661537,33.236105336991784],[70.185877902843,33.236271888736724],[70.18464057959915,33.239650726200125],[70.18806700378923,33.24279160484872],[70.20360490374338,33.24657495287181],[70.22028489772993,33.258971945399026],[70.22418721077122,33.25887677374419],[70.22670947096537,33.26406399495744],[70.23225361691095,33.266752778118246],[70.25126546932603,33.28376593135272],[70.26271068505014,33.298114094789696],[70.26575639114458,33.29968452062417],[70.27165746092317,33.298637570367646],[70.27586911197,33.30351545357536],[70.27867688802803,33.30441964634963],[70.28530774325782,33.31255020472821],[70.28550594214556,33.319338870292654],[70.28807576028817,33.32190868843526],[70.29219221000255,33.3231222183158],[70.29347711907383,33.32802392366517],[70.29947338928554,33.32826185370163],[70.30399434955962,33.333924964665414],[70.30975266005726,33.33777969098003],[70.32800310865662,33.330712706826034],[70.3286217558894,33.33214037337956],[70.32795552192982,33.33604268642091],[70.32269689274744,33.340968185133704],[70.32759859809687,33.34277656888361],[70.32769377065102,33.34853485240154],[70.32350594174585,33.355435284810596],[70.31672447255642,33.35978972211802],[70.31463054416434,33.363454076344624],[70.3119655543669,33.36212158144588],[70.31056165059977,33.37152045370601],[70.30827737889797,33.37190117000307],[70.31191796943881,33.37563693219869],[70.3104426855815,33.37730255756702],[70.31900874605685,33.3840602046148],[70.31748587817077,33.38477405228076],[70.32295864492556,33.39110342508303],[70.32219721143224,33.39467260675542],[70.31710516097445,33.40028815977081],[70.31508264055145,33.399883621332094],[70.31217969193926,33.403119701313244],[70.30827735011968,33.402453467353666],[70.29875954161963,33.407735861121125],[70.29616593101298,33.43050729787353],[70.29093112307294,33.43126873136691],[70.28127049863468,33.436503539306955],[70.27598810486722,33.431744620218126],[70.26946835997688,33.42917480297484],[70.25340701322312,33.437003222420856],[70.24879085341519,33.44395124065727],[70.24952846476691,33.44678281007867],[70.24548339424331,33.45025682009623],[70.24645896530905,33.45289801742962],[70.24274702525508,33.453611865095525],[70.24512649828932,33.45656240043451],[70.24431745019024,33.45903701634529],[70.2475059434446,33.46208275211734],[70.24450782317757,33.46403389424887],[70.24729177799321,33.46605644255084],[70.2462924135641,33.46810278691413],[70.2444840298142,33.46986358483662],[70.23891609140458,33.46976841228246],[70.23601314279239,33.47367072532376],[70.22863681973348,33.47348035233642],[70.22354477017507,33.47072019088415],[70.21678709524832,33.47509839187734],[70.21521664243414,33.47467008885354],[70.21602566175494,33.47676401814499],[70.21926174083671,33.47781096840151],[70.21835754896176,33.48033319981738],[70.21535942779542,33.48061874356023],[70.21321791357593,33.483474077566655],[70.20955353057104,33.4811422200375],[70.19994052163781,33.487090875643446],[70.20079709890706,33.49037454055264],[70.20427113680358,33.491421490809216],[70.20883971168342,33.496180409898045],[70.20612710728022,33.49989237783103],[70.20690485087823,33.50380837225862],[70.19275745659138,33.506409010167715],[70.18828439690742,33.510465991312515],[70.17898455259507,33.51380515518383],[70.17307594290048,33.51771652259947],[70.17457390316315,33.52312579362052],[70.17199408815668,33.52562240425061],[70.1715779817385,33.53011628593788],[70.17315917515589,33.532113557894434],[70.17120823357317,33.53898028641112],[70.19983058221567,33.62180682522484],[70.19601727237927,33.624031229957325],[70.19480088625198,33.62709835880224],[70.19919502592978,33.63347368965913],[70.19510933842531,33.63565273618485],[70.20019373295446,33.64282537539083],[70.19265794300969,33.646366307559106],[70.18612083131137,33.64287076237582],[70.17831266369853,33.64159967768302],[70.16959653425272,33.65022500527982],[70.1606080280381,33.64995262941039],[70.1484417673737,33.657261456551055],[70.1436297496133,33.65816938960569],[70.15343538793286,33.68681456124307],[70.15398014236973,33.69453195488586],[70.14399290035215,33.697074152150435],[70.14662589856641,33.704927763405635],[70.13972563702856,33.71255435519936],[70.14281261840767,33.724266663275955],[70.13700186484425,33.72453904094402],[70.13164506386863,33.72208761675017],[70.12701465070563,33.72689966238954],[70.1209315203734,33.7273536149774],[70.11675503101992,33.72517459722991],[70.1124877676964,33.7251745675523],[70.11130745697363,33.720907306027414],[70.10731257131818,33.720135560907465],[70.10549670430953,33.716957835235974],[70.09959514889704,33.71641305202081],[70.09832406420423,33.719318428802524],[70.09314886782607,33.71877367436565],[70.08888157662352,33.71632227895009],[70.08479591789734,33.72285936187012],[70.07680614658648,33.72667267170647],[70.07208490279606,33.72503837961756],[70.0674544599554,33.72621869123964],[70.06289779659608,33.725390219583005],[70.04218564185396,33.735036962086156],[70.03709019375748,33.73326990758022],[70.03282264534886,33.7365974755931],[70.02814110392887,33.73773237055252],[70.01819727668305,33.73660116011553],[70.01586538857686,33.72989107101614],[70.0128197966963,33.72766003917951],[70.00518695011772,33.73066335842731],[70.00111277303608,33.734935534747194],[69.99744839093057,33.73512590683521],[69.99530684703342,33.739646867109286],[69.98964376484793,33.742787775435545],[69.98859678671238,33.747784623661516],[69.97703260597007,33.75387606642738],[69.97484487559058,33.75686010510981],[69.97213092939893,33.757302460939854],[69.97134056111804,33.761432792589346],[69.96475457756173,33.76677271239083],[69.96099505257968,33.78071636616744],[69.96544311920462,33.7882278195583],[69.96584914332334,33.79646840369395],[69.96047154912276,33.80227427213998],[69.95999565937223,33.811839695245794],[69.95595058884868,33.823118359224964],[69.95200068997991,33.825878521576556],[69.94943084395834,33.83315967208125],[69.94138825906094,33.838870396751474],[69.92449409962308,33.84562804379925],[69.91569011001064,33.850720093357666],[69.91664188771301,33.85381341495719],[69.91307267726228,33.86023795941435],[69.91692740357689,33.86742393736489],[69.9136913532734,33.88060612886983],[69.91592804004705,33.88555542004667],[69.90836137367853,33.89859485316998],[69.89998565831155,33.90425799291211],[69.89346594219955,33.90582841784726],[69.88147343055442,33.91858233510675],[69.86515036040089,33.921247324904186],[69.85891168872354,33.9243377425928],[69.85958239321292,33.92805258655767],[69.85805955410518,33.93133625056754],[69.86005831084242,33.93766562426919],[69.85568008017162,33.941092047560005],[69.85601321243985,33.948040067595116],[69.85986793785509,33.949896065950725],[69.8581071399326,33.951752036427365],[69.86200945297395,33.9540838948559],[69.85763125108144,33.958224166712],[69.8597251785742,33.9657432472531],[69.86738704717453,33.966361923264174],[69.87324053022633,33.968551024210456],[69.87243151090559,33.974737609852866],[69.87923674378078,33.98021037570834],[69.88142584382769,33.97835437735267],[69.89318039665801,33.98111456758329],[69.89798690157431,33.980781437113706],[69.90155611202499,33.98244706158266],[69.90293619275116,33.98796741506419],[69.89498878130729,33.996581059568314],[69.88861182267755,34.01880522917804],[69.89318039665801,34.02028048155904],[69.9020320008762,34.034747639691886],[69.90188921461561,34.038602337228156],[69.91697499030363,34.03988727507772],[69.93358363387767,34.03698432556621],[69.93648658159054,34.03536628692467],[69.95109646932667,34.036222892072885],[69.95694995327779,34.03974448791786],[69.96622986141904,34.039934860905134],[69.97769883992959,34.034414508322925],[69.98565624913664,34.04193219041832],[69.99583034959102,34.047834658642614],[70.00245469732647,34.04604136191938],[70.00629996637042,34.041743244655095],[70.0143165581627,34.03918853692147],[70.03404448676372,34.0401727909416],[70.06297654483171,34.0257545910016],[70.06945087485803,34.018234167772675],[70.08206203373595,34.0143794405588],[70.08767753009397,34.00776452401362],[70.10342959460019,34.00728863516241],[70.11756356560613,34.01023916960207],[70.12722418914507,34.00762176563205],[70.13098374380479,34.01223792633925],[70.14230996483309,34.01199996842388],[70.14959411457676,34.01426953081426],[70.15120915577796,34.009334977727065],[70.16017641101263,33.998940026261266],[70.16626879626801,33.99908861135037],[70.1751844672894,33.99641393855245],[70.18511055630717,33.99014323482248],[70.19188648297484,33.98324845555186],[70.19997002659551,33.98063319466627],[70.21750094291423,33.98401751619548],[70.22255640355525,33.9865769660542],[70.23052106759326,33.98116812400974],[70.23810707118446,33.97916342455244],[70.24038774559801,33.97569984127472],[70.23884237037913,33.97344121823767],[70.25072994103402,33.97676972784075],[70.25524721588636,33.98069260567928],[70.26306923665601,33.9821666880423],[70.26925076630988,33.98064507740844],[70.27571758429912,33.98292749380886],[70.28037753209748,33.98283237881128],[70.28760515585333,33.98159608259317],[70.29882700786015,33.97608024460766],[70.30377224309461,33.96985115700534],[70.309763572431,33.970041387000435],[70.31727651240118,33.965856927854986],[70.32402864570548,33.965952042852564],[70.33277787919582,33.968329544572896],[70.33838883397755,33.965238795034395],[70.34346960244028,33.96802751985422],[70.35274902224961,33.96552411124878],[70.36102273920812,33.96029355979999],[70.37252990742934,33.965143680036874],[70.37483088943407,33.968979326334875],[70.38736558525363,33.962623533249484],[70.39269122382098,33.962908821584904],[70.39506872644063,33.9614823250493],[70.40667098088113,33.962908821584904],[70.41332802886552,33.96590451458172],[70.42252564544225,33.9659165681951],[70.42443699886849,33.960086934264666],[70.43208241437196,33.95516520640922],[70.4380075913773,33.94876217013808],[70.45235375472208,33.94851595644627],[70.45712109955917,33.944843919311495],[70.4721252141074,33.94202465981027],[70.48416671092502,33.9437448704295],[70.49209881410906,33.93915764361043],[70.50347136461187,33.94126014164226],[70.5086320234492,33.94790207921761],[70.51688471605684,33.94956293458182],[70.52483209962173,33.9483731980647],[70.53009709870219,33.94474520522709],[70.54663419221424,33.942718056892886],[70.55079511430313,33.949012839071315],[70.5578367069985,33.95082656479417],[70.56647865766399,33.95568099817956],[70.57303999080301,33.956463368789514],[70.58141570616993,33.96165056212379],[70.589843977018,33.96005534377912],[70.59731050207807,33.96193610676596],[70.60232683141817,33.95930850538326],[70.62748208223235,33.95927111696852],[70.63529430578762,33.95776150239146],[70.64340281368897,33.95189348000014],[70.64777715928852,33.952000162977185],[70.66025995523279,33.95738806880439],[70.66292723020757,33.95642783657547],[70.68170483800793,33.95909511244952],[70.68535056907353,33.96217406558071],[70.69322745838053,33.96224250218978],[70.70122925542586,33.96000198790148],[70.7095511571602,33.960535460343294],[70.7151414032532,33.964220408145366],[70.71819313840268,33.96320270743905],[70.72061399823747,33.96411346886157],[70.72642006723237,33.96179334838439],[70.74417083361715,33.96122228697902],[70.75297482233026,33.96579083308052],[70.77930153094098,33.96085113856924],[70.78900102857466,33.966245271302284],[70.81107235660403,33.96693809641607],[70.81404159964018,33.97030319583587],[70.81859440760587,33.97178784613226],[70.82225647665513,33.97762733303506],[70.8347272477643,33.97747889093813],[70.84007188001328,33.979656309690995],[70.84244726922617,33.98232861187597],[70.84858369877873,33.98094299042674],[70.85135497135491,33.98292246659861],[70.86352885827023,33.98123990160025],[70.86283603315644,33.978567600314534],[70.86580527709191,33.97173834744683],[70.8723375891085,33.97129296270015],[70.87788016393847,33.97356938062245],[70.88282888404581,33.97356938062245],[70.8902221449361,33.98097181010098],[70.90064431708163,33.9844565877014],[70.90925507656061,33.991978638703245],[70.9194494594251,33.99460147008182],[70.9194494594251,33.99964918935865],[70.91601552319787,34.00381462514491],[70.91382639257404,34.01042951381106],[70.92791280563154,34.00928739189965],[70.9358126321473,34.006051311918554],[70.93666923729552,34.01238068472088],[70.95104119409586,34.01761552143921],[70.95589528483958,34.015997480998976],[70.95684706344127,34.02175576361765],[70.96617455740994,34.02913208577718],[70.97654899983655,34.025848448746956],[70.9833066747633,34.025991207128584],[70.9890173715545,34.028227893902226],[70.99782138994527,34.0244683392425],[71.00139057161766,34.02580083414125],[71.01008507866351,34.029457248253436],[71.01117604443897,34.034812991626325],[71.0248629165904,34.04339207608348],[71.02380511241608,34.048358133321244],[71.02732670826106,34.05278392104117],[71.03140882455767,34.05489698700637],[71.03557440423543,34.05430190470918],[71.03934324169728,34.05043386842834],[71.04162440084548,34.052516656918215],[71.05025307032298,34.050334696589005],[71.05451782004144,34.052219115319986],[71.05967519365532,34.04988837025212],[71.06850223289177,34.05435149062885],[71.07643664913212,34.05554165522324],[71.08268501640043,34.06377361306187],[71.08298255799872,34.06992280939022],[71.08149485180604,34.07607197783955],[71.07484977199942,34.08008877098007],[71.07911452081856,34.08693219266661],[71.07663501979039,34.09238713575775],[71.07266781167021,34.09625514415961],[71.07098173481927,34.109892430391426],[71.08199353397447,34.11694442014891],[71.08473810028318,34.116048225045574],[71.08882695879714,34.11898882017795],[71.09442811456591,34.1205571595853],[71.09448412794023,34.12509408732234],[71.09067535878086,34.1273345728323],[71.09078738373086,34.131423430447],[71.13044363956237,34.16522643165456],[71.1222099109587,34.18637083114896],[71.12417030801333,34.20421054228274],[71.12478644164105,34.2070951537184],[71.13867733938775,34.22499087642785],[71.1383972788114,34.22650320425953],[71.13279609156643,34.22773547241417],[71.13094772036106,34.230368013772875],[71.1275870204247,34.23115215514787],[71.12719496367669,34.23512898961121],[71.11931664534694,34.23980958764241],[71.12180922881294,34.2451509076883],[71.12662047495502,34.24950622992861],[71.12607432117306,34.25970186824668],[71.13183263256997,34.27136122064388],[71.13232937220283,34.283595147198355],[71.13425966355271,34.284638612581944],[71.13839993540876,34.28359166232542],[71.14210042079782,34.28590067077937],[71.14396787291906,34.2899210063494],[71.15205804364388,34.29334745841851],[71.15362809715901,34.29863596487792],[71.15186769943483,34.3071007401071],[71.15843500227362,34.3115741136545],[71.15944681961508,34.31417086559304],[71.15615072877318,34.323756970407885],[71.15833982971941,34.326136414663836],[71.16570467023439,34.32789424212564],[71.1717599800391,34.3345121291315],[71.17118891863373,34.33984213840404],[71.16899827535019,34.34288018856989],[71.17142684956951,34.347266046390985],[71.17009615331489,34.35034571358386],[71.17327999167833,34.35429807029976],[71.17360935218989,34.359238477973406],[71.17666165661024,34.36273253927533],[71.16482635635134,34.36511209864449],[71.15626298215096,34.36335549965662],[71.15096347878159,34.36606376213297],[71.14572341520352,34.3648925345629],[71.1408927751815,34.36884486070181],[71.13946556458421,34.3722482631469],[71.12277788768944,34.37219336493189],[71.1185552406319,34.373535285624996],[71.11641024064016,34.37735336456615],[71.11717513022813,34.381673042177226],[71.12255832360779,34.38932017088922],[71.12014303057646,34.39678569590319],[71.12815745320398,34.39854229489106],[71.1279379170013,34.40095758612375],[71.13210980812119,34.405952921690016],[71.12991408007082,34.41045420120048],[71.1244087236837,34.41289157258808],[71.12585192872359,34.41517504569185],[71.12288585579768,34.41803120797391],[71.11476343808226,34.41901757540086],[71.11627096713147,34.4245985108127],[71.11081111104397,34.42823970030196],[71.10817622695134,34.43274097981242],[71.09631919007859,34.4365286400847],[71.09390386916829,34.43641884455411],[71.09076313441119,34.43378324639974],[71.07897282003967,34.437187362007194],[71.06865284595216,34.430600122097985],[71.06459072338322,34.429721836993224],[71.06008944297349,34.4235737540256],[71.0546000819283,34.42489119607188],[71.05086731897165,34.43120397368449],[71.05152603999483,34.43438778237032],[71.03846135840502,34.43976734788487],[71.03999839241192,34.44393926688372],[71.02440862136086,34.45030691393299],[71.02345675732357,34.46037644661578],[71.01774720357065,34.46787024901283],[71.0173903651733,34.47563168695285],[71.01417873595994,34.48013690909113],[71.01337579965349,34.490039433173365],[71.00418698024498,34.499317455436255],[71.00588202603473,34.50279672109184],[71.01712272963033,34.50872932379929],[71.01480323777923,34.51310069893816],[71.01578455011696,34.51765053644317],[71.01355423324134,34.52112977332041],[71.01524927903108,34.52947109861236],[71.01114551065683,34.533931703585324],[71.02283228338325,34.54936537840956],[71.02589404327551,34.56037549223521],[71.03814405060751,34.56912292708148],[71.04068499061987,34.57437418721901],[71.04483517390423,34.573781303764235],[71.07041381564511,34.58754463897395],[71.07812126908135,34.584241436293325],[71.08599815928767,34.58500369806228],[71.09260456464898,34.60215498266638],[71.10369993960057,34.617188773942814],[71.11310135424418,34.62633612021585],[71.11750566255631,34.62845355598688],[71.10895119973816,34.63624572825779],[71.10751453456817,34.643842071354584],[71.09966232355742,34.64731608137208],[71.09692412624747,34.6561919915672],[71.09201168119421,34.661146795588195],[71.09446790417047,34.669531852213254],[71.08739063716826,34.672735513433224],[71.09457027399901,34.686434410419736],[71.10531723630146,34.6967033407866],[71.10733353071794,34.701599991046805],[71.11035790129614,34.70437234910469],[71.12094333996322,34.70451639261745],[71.14996317186296,34.71326554067224],[71.15305957813706,34.71701004158018],[71.15125933505033,34.71945835322049],[71.15219548883078,34.72615524656743],[71.16882969743267,34.72781147491969],[71.17725479727113,34.73195203276015],[71.18143137206022,34.73627259440474],[71.18423974886537,34.747146033762476],[71.18683207434083,34.74930631413514],[71.19324093731944,34.749234307217534],[71.19928973513322,34.751430605438145],[71.20728279076826,34.74963036235141],[71.2225488283658,34.75078250990498],[71.2264373449076,34.75585919274761],[71.22334091075447,34.76140393764166],[71.23903902133384,34.78120655943525],[71.23950525596285,34.786618571589884],[71.24946333566447,34.793043573801924],[71.26280753643869,34.79500836944072],[71.26821069476779,34.800002218427665],[71.27688852118837,34.799347296140866],[71.2850751486992,34.816252681815854],[71.28875915401181,34.81846306162106],[71.28811562883328,34.82496664029827],[71.29334363879792,34.83528658560749],[71.29020955722535,34.84552518274103],[71.29367111343117,34.85071837365405],[71.29498098678317,34.85702206811402],[71.29334366667695,34.86316203919682],[71.29627792068953,34.87734382265933],[71.3038410743062,34.8777819228975],[71.3049165870309,34.880040489277235],[71.31775102329112,34.88885967473425],[71.33087223266745,34.89588632789179],[71.33438557363536,34.90122804723666],[71.34112542579783,34.903594153647305],[71.35066162903104,34.913273742988906],[71.36041294110441,34.913560573661584],[71.38147499237704,34.9173606877456],[71.38456482910362,34.91621516639685],[71.38974599608093,34.92073598367875],[71.40600059994779,34.924088486294636],[71.41859793444718,34.93028555443482],[71.42733480136008,34.93201261878738],[71.43038253542574,34.93394285258063],[71.4298745695558,34.93831128603705],[71.43312550273981,34.94394960359136],[71.43871303557819,34.94557507063308],[71.44988807157728,34.942933673650145],[71.46025040643116,34.944863936221736],[71.46654907188224,34.94862280559806],[71.47457480438379,34.94933393911003],[71.48036550576353,34.96025502275114],[71.48727370921438,34.9614741221331],[71.49509624259758,34.96868709233547],[71.5079983456472,34.9720396237297],[71.5119604402222,34.97468099193429],[71.50718564090465,34.983163903791194],[71.50731157566872,34.993004189391854],[71.5047893433536,34.99738236340539],[71.50088694487664,34.999621705877075],[71.5056617450935,35.006733077869285],[71.51968137629456,35.01064435984938],[71.52181480740751,35.01287936129353],[71.54101557680747,35.017450992069655],[71.5553399477804,35.02639102842329],[71.56621021702796,35.02639102842329],[71.55404421356968,35.03640554777786],[71.54192990943784,35.052042847099756],[71.54030441361783,35.06316709928228],[71.54203147886972,35.072716698816635],[71.5309580123025,35.08104719896909],[71.53010680488518,35.08556518788316],[71.53168576978248,35.0919473445943],[71.55016098144421,35.10737239312152],[71.55486691517604,35.10894104729152],[71.56654463262873,35.117525043845774],[71.57386500076922,35.11830935699129],[71.5819696811559,35.125978307752746],[71.58536842691143,35.135128766579385],[71.58824429783613,35.138396779687696],[71.59295023156801,35.13796105096179],[71.59809189582438,35.14162120625372],[71.60541226306555,35.138309633582764],[71.62458464086853,35.139006802422045],[71.62528180790918,35.14763435674024],[71.6315564245894,35.15456258179779],[71.6313821053999,35.16136004542983],[71.64689429823335,35.173517080848626],[71.65648048668515,35.17569575595445],[71.65874630789585,35.18536909141051],[71.66310365900671,35.18658913238261],[71.66772247541195,35.19408379183358],[71.67713434377498,35.20397500514241],[71.68053309042983,35.20458502697744],[71.68062026441373,35.21634989143439],[71.66763532930707,35.22044580423051],[71.66484660358793,35.21992292939973],[71.65377893584929,35.22606681343274],[71.64244980101756,35.22188372485408],[71.63774386728568,35.22536961671449],[71.63225359162999,35.22528247240825],[71.63007491742354,35.22911694688963],[71.62632758634908,35.230903479811786],[71.62205738134315,35.24066393169517],[71.6008806206442,35.25961845862503],[71.59277594025747,35.25909558379419],[71.58284114040634,35.265718755216426],[71.57822235098075,35.275130652357745],[71.56488883325312,35.277745057088794],[71.5618386988969,35.27979300044666],[71.55416974813545,35.290512113443356],[71.55413938522452,35.30038293282615],[71.55695844417693,35.30266914796289],[71.54284061330372,35.3085951532438],[71.54597792164384,35.312952502556016],[71.55948573158128,35.323105155078906],[71.56968194186817,35.34088317002232],[71.57826710933966,35.34521198564465],[71.5822311473496,35.3514715503718],[71.58623988526256,35.354260246413276],[71.59268876627362,35.36637372316886],[71.59756902009428,35.371558973967524],[71.59800474971951,35.37591632417906],[71.60393075500042,35.383933859360184],[71.60401790020597,35.387071138921954],[71.6105802046128,35.393753008194835],[71.61804858587362,35.39774669415465],[71.62136021520183,35.40602566585187],[71.63722096367661,35.41012157864799],[71.64201407229166,35.42437014306768],[71.65517326993051,35.437093611980686],[71.6571776834034,35.44206101280554],[71.65055448140424,35.453259414090724],[71.64689432701164,35.455263797886005],[71.63870247174174,35.46441422883362],[71.63356080838463,35.46654934527612],[71.63321222486434,35.4691637787854],[71.62397459115454,35.47439258824738],[71.62380029894467,35.47787848010785],[71.6191815104184,35.48014430131849],[71.60567369958164,35.482061539008896],[71.60071138442294,35.49406010578929],[71.59345568383281,35.50042281106391],[71.59736262388606,35.50678548756025],[71.59736259510771,35.51482258839178],[71.60115788342961,35.51822718963314],[71.60171603326836,35.52481311563281],[71.5979207170675,35.53050604631704],[71.5990369897653,35.53731524969908],[71.60484154520123,35.53831989764524],[71.60941823106657,35.54457097816817],[71.60886010910679,35.547696491000295],[71.61667393165669,35.55121271609403],[71.61801345295856,35.56058930944914],[71.62147386702537,35.56337997680453],[71.61924132162977,35.572533321555625],[71.61511116175075,35.5737612181058],[71.61064612941539,35.578114626588786],[71.61053447498608,35.580347144105474],[71.60718568567091,35.581407603977766],[71.59669284839629,35.579175058582166],[71.58492961261157,35.57868471672634],[71.57682338988758,35.581072732420694],[71.56733517268015,35.587100534662],[71.56287011066712,35.58698891080962],[71.54366974056614,35.60043296780725],[71.52190329620021,35.60568628469434],[71.52112192563641,35.6094815712176],[71.50538262700667,35.619918653223294],[71.50515937840265,35.62494180841776],[71.49912623328908,35.62889133586651],[71.5032899549675,35.63671984074813],[71.51054451341861,35.64055694394784],[71.5112639872433,35.64421424299297],[71.50787649560385,35.65221826675963],[71.50877583113976,35.654436587578516],[71.50589798980042,35.656175306245416],[71.50559819180319,35.659592732718465],[71.51153376587064,35.662530557039645],[71.52031721856486,35.66118155238678],[71.5269722376787,35.66687731143884],[71.53482639212433,35.66783660117824],[71.54034225978751,35.67131398095552],[71.53509616985241,35.67638020917934],[71.53257807981458,35.683215119682075],[71.53479640063341,35.685193624586134],[71.53971273075797,35.68531353299318],[71.55152392379011,35.694066994196476],[71.55170435657084,35.69812648894634],[71.54687737229295,35.70207104674148],[71.5499351041218,35.70506879558849],[71.54849618255287,35.71004507991654],[71.55062590126437,35.71816635459362],[71.55337532391212,35.721934965426385],[71.55140401628239,35.7255435059281],[71.54060004055947,35.72803817492189],[71.52937724696244,35.7359901279421],[71.52084457831467,35.734212506402116],[71.50853601612431,35.738014191601735],[71.50838925935687,35.740564587086055],[71.50287861855344,35.74718924418835],[71.49395486442552,35.74826767071647],[71.49427482702168,35.752711766834636],[71.4901151612857,35.75443014913213],[71.49083806332601,35.76085335090147],[71.48536295473662,35.764053098271916],[71.48296905657674,35.768994934968305],[71.48689170688681,35.77188654402886],[71.4905062467659,35.77782386008312],[71.48857455607094,35.781936139641175],[71.48369196041568,35.78472109540229],[71.483810467679,35.7874705162514],[71.49640800182789,35.79616908013901],[71.50022399703988,35.79622834815979],[71.50367261380012,35.80015096969157],[71.47877382984842,35.80972653265343],[71.4767591919832,35.81449056438811],[71.47782576544677,35.82116266432553],[71.46936421788439,35.829126472209],[71.46542971540907,35.82947014273293],[71.46132928891564,35.83265803613949],[71.46110412655423,35.83745765764485],[71.4573829603554,35.84185433970606],[71.45644672024002,35.84877528115436],[71.45240556266663,35.850552902694346],[71.44998798625664,35.86037733594537],[71.44587570669859,35.865662814387406],[71.43942879700143,35.86850703726998],[71.43849258566433,35.872441540644616],[71.43440401313478,35.874385113182484],[71.43415514374493,35.8822896521458],[71.432069383895,35.88761072035851],[71.42251755673993,35.88867729382213],[71.41397306200724,35.89391541486458],[71.40911417158179,35.89327545909521],[71.40637663257559,35.890431236212635],[71.39633889092715,35.89115413825294],[71.39502344807374,35.894140577225926],[71.38833952205135,35.89657000759985],[71.38023349987617,35.9046997377028],[71.38376506380672,35.907141022040605],[71.38516348260868,35.910625171014885],[71.38881358258084,35.91220136600032],[71.39073339233227,35.91607660135412],[71.38601674677551,35.919999250764874],[71.3840257871604,35.92983550920144],[71.37743669105049,35.93302343138629],[71.3784558495579,35.936981613011085],[71.38780625015835,35.94226712023146],[71.38566122228764,35.94508763608559],[71.38865948644622,35.95081164374244],[71.38774698213757,35.9527433344374],[71.37996092255861,35.95651194257215],[71.37818330101857,35.96055307226652],[71.36861961989962,35.968173208726625],[71.35907961793009,35.967142197154715],[71.3551688215839,35.964440160684944],[71.34822420098612,35.963444710105364],[71.3429149867373,35.96082564958414],[71.33844718269137,35.961678913750916],[71.32268546216443,35.958538434401305],[71.31862059666327,35.959640568857196],[71.31950942182243,35.96653780327705],[71.3222944045632,35.969642750412675],[71.31837172727347,35.96873021732574],[71.31322843524413,35.97059081391501],[71.31347730643262,35.98240617800275],[71.30345144572772,35.98231134809032],[71.29303450044188,35.98988406959421],[71.28840077327715,35.99746867473959],[71.27271017473481,35.99898560170419],[71.25746990181455,35.99817972371534],[71.25540784899312,36.00342966994339],[71.25124818325713,36.00562211187099],[71.24967544436635,36.0087576782243],[71.24636592934422,36.00952513897403],[71.24200118130955,36.01667178597421],[71.23402880468564,36.019712837177735],[71.2344317432304,36.02429914938631],[71.22882624463551,36.02843510809379],[71.21830687286393,36.02928637216837],[71.21211645970692,36.02695374212158],[71.2041094645802,36.037584167575346],[71.19489605231104,36.03917281637246],[71.19859251143532,36.04661092015789],[71.19837837386291,36.053213926981186],[71.20205466658967,36.05860340302468],[71.20815796331942,36.06192277281775],[71.20933578921534,36.070167583767045],[71.21472526525883,36.0746291033505],[71.21319054430825,36.081053619928696],[71.2174630335922,36.087766821581624],[71.22397323937355,36.089273008842326],[71.22976959658968,36.09552623244974],[71.23248220099282,36.09635430390807],[71.24064849213426,36.094583994755624],[71.24413204216006,36.092413916269265],[71.25352614441607,36.101436842236524],[71.2494429983957,36.10286448001182],[71.24672039712868,36.10642377993355],[71.24200906476659,36.108850838795206],[71.24444797759213,36.11440686658369],[71.24754129919165,36.11631045166604],[71.2513484396788,36.11650082465337],[71.25344236897018,36.12230669309946],[71.24979703720356,36.12966399279907],[71.26422609196061,36.13880111288108],[71.2707362968427,36.13674525908647],[71.27492412574787,36.138534618577864],[71.27701805503926,36.14192296906981],[71.2818911970212,36.142189461574446],[71.29224661698782,36.148737741953255],[71.29559689198305,36.15677081472137],[71.29890912025974,36.15608550164461],[71.30705636016296,36.15840784884318],[71.31059703602443,36.164994202920184],[71.31935343891013,36.16883941800478],[71.34253889655287,36.166859713405074],[71.34714551725187,36.16876329758816],[71.35125725541803,36.17809076187922],[71.35761516101093,36.18368726365634],[71.3571583242973,36.18871270402815],[71.36058471880978,36.202037682692946],[71.3575421531479,36.20740150557509],[71.36031822540582,36.203674744693785],[71.37544701656662,36.20311939444457],[71.38015835072736,36.20668860399593],[71.39191290355768,36.20825905770937],[71.4066655478768,36.2163968142616],[71.41375635417245,36.21796723919681],[71.41941946513629,36.2243441978265],[71.43512388805703,36.23257712603362],[71.44016838056638,36.24490274026931],[71.43988283502489,36.25047067867894],[71.44368997641135,36.252469435416174],[71.44597424901247,36.258418062243834],[71.4431188862277,36.26612751577227],[71.44587907555893,36.270220200901576],[71.45882333792679,36.274646017399846],[71.46196424535367,36.2776441097879],[71.47519402268608,36.27911939184651],[71.48199928433957,36.28911311797606],[71.48071437526824,36.29472867099145],[71.48204689894527,36.29667981312292],[71.48913767556331,36.29853581057927],[71.49551463509238,36.2974412466163],[71.5078878063772,36.30034419522849],[71.5130274714407,36.3076729315606],[71.52097485410627,36.30967166041887],[71.52126039874844,36.31366917389329],[71.51921405618378,36.3175239002079],[71.52368745940879,36.32413878887405],[71.51878575316005,36.32965914055694],[71.5239253894452,36.33427530216352],[71.52787531619293,36.335036706878554],[71.53358601298419,36.32904049422348],[71.53929670977539,36.327136910040394],[71.57575004812628,36.327136910040394],[71.58403059093905,36.34498287595903],[71.59031234823635,36.34731473528683],[71.578034350405,36.35212124020313],[71.57751084514945,36.35478625787954],[71.57051524018624,36.36092525769453],[71.5641382815565,36.36420892440242],[71.55976007966399,36.370966599329165],[71.5554294635989,36.37291774056132],[71.57056282601366,36.37577310334609],[71.574655483264,36.37924711336365],[71.58298361190424,36.38262595082705],[71.58707629793287,36.38686136555964],[71.59649893387876,36.38947879830795],[71.5972603682714,36.39585575693769],[71.6075872248706,36.40061467602652],[71.61705750509987,36.40285136280022],[71.6141069706602,36.408609645418835],[71.62595669514542,36.4187461587083],[71.62324412041988,36.43111935877147],[71.62924033217564,36.434212651592645],[71.62914516142013,36.43973303205382],[71.64009069313101,36.44201730555426],[71.63423721007922,36.45248692143434],[71.64009066435273,36.460053615681886],[71.63766363337004,36.467192007804954],[71.63761604844194,36.47666225925593],[71.65750832814689,36.48327714792208],[71.66230797843053,36.47536789741059],[71.67590327621531,36.46998330378648],[71.67708110211123,36.466556879596396],[71.68357702575918,36.46366584340399],[71.68939480572578,36.45834774475264],[71.69860333377687,36.45716991885672],[71.70649124877218,36.45981111529079],[71.70973921059613,36.45281551032758],[71.72972669163357,36.44771154924865],[71.73857826797274,36.43893135299959],[71.75132030159068,36.430044073575175],[71.76270599208794,36.42743855234738],[71.76591827870567,36.42194199222922],[71.77609046630204,36.41201964529046],[71.79311550227868,36.402025919160906],[71.80639292299503,36.39952748020909],[71.81149685439635,36.41055627475231],[71.81767155819591,36.41305471280481],[71.82163336768582,36.41662389537652],[71.82074105765372,36.41944355417672],[71.81652940840553,36.42297706064289],[71.81638664912464,36.42829515839492],[71.82855759435756,36.433042194741574],[71.81934906630642,36.435183681082094],[71.81760017900513,36.43875289243209],[71.81777861259297,36.444392209133184],[71.81403096855439,36.44656942733724],[71.81071162843898,36.4576696010713],[71.79893331102352,36.4740879004363],[71.79771978114303,36.4830465590515],[71.80389448404327,36.494432277427734],[71.80210986487845,36.49950053362278],[71.80500093164773,36.50331955595277],[71.81053319485113,36.50688873762522],[71.82516687415199,36.50828072987184],[71.84693891769695,36.502427274699016],[71.87003160307609,36.5008211457793],[71.88180991959217,36.50328388074655],[71.88819876096409,36.50278419943129],[71.90065525083924,36.507209986251894],[71.91653816400515,36.50867335768936],[71.92381931540916,36.521772287261285],[71.92414053525755,36.53287246099535],[71.92817372393824,36.533978935579455],[71.93188569187123,36.53708411114286],[71.93577609429138,36.54632831440023],[71.94644799288062,36.54857691269444],[71.9507666974252,36.55289561723902],[71.96479364101378,36.5563220414291],[72.00134215191883,36.55664329005583],[72.00947990757174,36.56610165876458],[72.01661830059413,36.5679576283419],[72.02818248043718,36.57438217369838],[72.03060951141987,36.58391189281963],[72.03039537384745,36.59176413260866],[72.04502905404769,36.58962261838917],[72.05573662874247,36.58980107985599],[72.06109042957974,36.59237089799859],[72.07140537555767,36.589586914404606],[72.07804405758725,36.592620738656194],[72.0848969338465,36.60136525969904],[72.08646738755994,36.60918179640282],[72.08503969222807,36.6244936202844],[72.09032208599552,36.629668930876505],[72.09285619925424,36.63495135342225],[72.09460511533388,36.6470508906861],[72.1034924244359,36.64797890470277],[72.12990442025284,36.6465155332653],[72.13939849384548,36.65161946556594],[72.14421688060463,36.65236898843813],[72.15039158440413,36.656973266403156],[72.16241977035617,36.65936462217962],[72.17587559588208,36.65508156406298],[72.19175853782633,36.65729448715092],[72.19679106215784,36.65611666035562],[72.20460759886163,36.66468271993165],[72.20924755203293,36.66336210777513],[72.20803402215245,36.67067896136501],[72.19618429766729,36.68923874707059],[72.18886747195631,36.69452114083805],[72.18172907983325,36.69316485257593],[72.18122939761867,36.70080292691358],[72.17648236127201,36.705621341551705],[72.18183616210928,36.71165325998999],[72.18661887366216,36.712188645289814],[72.1890816374077,36.715615068580576],[72.19572031943727,36.71797075005014],[72.19878984767337,36.72300330226062],[72.20799834694623,36.72132579415012],[72.21228137628452,36.72261070322145],[72.21799207307578,36.728428483188],[72.23219745025216,36.728606944654814],[72.22898519241278,36.73881483713507],[72.23287559393356,36.73895756673835],[72.24551054617484,36.744097230902526],[72.24750927413373,36.75234204185182],[72.2554328931136,36.752520503318635],[72.27352870058911,36.74734519272653],[72.28555688744046,36.74645288269443],[72.2981918109034,36.73981420066485],[72.31564514990379,36.74548922224989],[72.31660883822735,36.74848734341623],[72.32296200259441,36.75309159260297],[72.33242034432351,36.75355557083299],[72.33063575393697,36.76233579675966],[72.33491878327527,36.767368348970194],[72.35986743823173,36.75951613795945],[72.36904026229831,36.7603013648162],[72.37582173058843,36.758516744752],[72.38160383534876,36.76205025121817],[72.39377475180339,36.762621341401825],[72.39591626602294,36.766975749930964],[72.39602112157758,36.776529519621704],[72.4204366179556,36.78171648542752],[72.43214355618022,36.78053868741057],[72.4378185777652,36.77639841555447],[72.44406466075554,36.77443533402351],[72.46912039798804,36.77743348306882],[72.47865014678689,36.77636271156996],[72.49053614632612,36.780487987230856],[72.50133892055482,36.77834647211205],[72.50581232377976,36.7854372784077],[72.51185612226232,36.79067208634774],[72.52089809856847,36.795288247055],[72.5255142313967,36.80195072244794],[72.53041593674612,36.802283852917526],[72.53703082541233,36.80799457758775],[72.5507841062016,36.81470466668708],[72.55649483177115,36.82103401071106],[72.5590646499137,36.827934444019434],[72.56272900324097,36.83050426216204],[72.57857621332164,36.82969524194192],[72.59180601943228,36.83749989680285],[72.5940902920334,36.83640533194057],[72.60950919909033,36.836548118201165],[72.6125357972893,36.83975592079918],[72.62188242703246,36.84473343180247],[72.63626560917061,36.84150777856121],[72.63976932469461,36.84628560589607],[72.65266942765203,36.8518597136549],[72.65724120142039,36.85082487456833],[72.66062003888374,36.846827361093915],[72.67113723969192,36.84620871386113],[72.67966408343074,36.84150780644018],[72.690334524219,36.84103000383169],[72.70597256728018,36.843829239927516],[72.71801263597445,36.83707159377906],[72.72624779270154,36.840233694629376],[72.73628119242312,36.84692264696264],[72.74504051001156,36.8497893492991],[72.75299072104502,36.85520307556152],[72.77074151530871,36.85239530040286],[72.7758811506946,36.84354372406369],[72.79277531103185,36.84625629968855],[72.7968797925684,36.849152307333156],[72.80213542341113,36.85042639126499],[72.81614160165367,36.845352107813596],[72.82029109875526,36.84134853920375],[72.8398005199781,36.841985581169695],[72.84987884982911,36.84607912335292],[72.85954881462612,36.843896706168096],[72.86258869401308,36.84054560289729],[72.87722674401908,36.842144848406065],[72.89052498763812,36.83975592079918],[72.89355092843266,36.840392961865746],[72.89912503709087,36.84676337972627],[72.90629176325433,36.849152307333156],[72.92878528161549,36.84297263387998],[72.93368458757374,36.84819673089447],[72.9347815518272,36.85710666064392],[72.94472769212933,36.862055923941796],[72.94315723841589,36.869194287286575],[72.94754026696978,36.8698561793193],[72.95643463035395,36.876665810778604],[72.96718627722498,36.87610791724666],[72.97756083476474,36.86683020884709],[72.98508465743106,36.862423930120315],[72.99253135873528,36.863963535288974],[72.99969808489874,36.85982274992],[73.01729635324415,36.86157460768203],[73.03034069936382,36.86043788440088],[73.03178904582785,36.85870793412391],[73.03943357459985,36.85902644071774],[73.040857900172,36.86081860069794],[73.04047718297568,36.86648171166172],[73.04209522341586,36.86795699282101],[73.05472257728519,36.867467250813036],[73.06443747131232,36.87176727643873],[73.06571152556648,36.87447470974013],[73.0633676144239,36.88004464824195],[73.06588984494044,36.883233140596985],[73.07916906520023,36.88466740637574],[73.08235424535218,36.88641926413777],[73.098917358949,36.883552561801366],[73.10417296101338,36.884189603767254],[73.10751743718004,36.88132293020914],[73.11149892743362,36.88052662100682],[73.12009397755509,36.88104401177179],[73.14056397544715,36.889285937695945],[73.14859990356274,36.894369018315615],[73.15278776124626,36.89403588784597],[73.15911713314921,36.88961007134776],[73.16317897063306,36.889126699237806],[73.16652344769903,36.883711829937056],[73.17496425779433,36.88148216956654],[73.17735315662293,36.878456227872675],[73.18053836555316,36.87973031180451],[73.18547543224548,36.87797845404248],[73.20342271218846,36.87975913057949],[73.21612901394292,36.88789685925269],[73.22616649928455,36.88227847876885],[73.23922586857901,36.88514518110526],[73.25258235229376,36.88266205221197],[73.25767440185223,36.88803964641261],[73.26809643100552,36.891370898048535],[73.28104072035302,36.88370903034752],[73.29136757785147,36.881900646597614],[73.30014300409641,36.86858209538747],[73.30316894579028,36.86794505342152],[73.30922085615765,36.86890060198124],[73.31511350018792,36.876545102874275],[73.3206825240793,36.88009223406942],[73.32253852243491,36.88670715241318],[73.3288895464155,36.889604473068005],[73.3371710883751,36.8883303612572],[73.34623443077442,36.88343665357877],[73.35079737769689,36.88257273514364],[73.35898974737898,36.876067329044076],[73.36217498418824,36.87925253797431],[73.3620284270703,36.8813354127991],[73.36392684195027,36.881800704938655],[73.37157134284325,36.87909326983856],[73.37618990294175,36.87909326983856],[73.37773850582744,36.88148551144724],[73.37621563794141,36.887862441298694],[73.38033068831066,36.88801185466343],[73.38544793057758,36.89052745987442],[73.38725851406923,36.8881711218998],[73.39420436224157,36.88948048083955],[73.39577481595506,36.892050298982156],[73.39477542364693,36.89414422737423],[73.3995215750607,36.898682296350955],[73.40206974202505,36.89916009985876],[73.41090255131172,36.896135671723925],[73.41133648139356,36.89390629733782],[73.4170472069631,36.892573802439074],[73.42548101943356,36.89406376503081],[73.43622563900209,36.893477994314026],[73.44079421388193,36.89542913644556],[73.43946171898318,36.891622024736705],[73.44618489141965,36.8862599969014],[73.45040722371448,36.894001468992656],[73.46068649358688,36.89181236894575],[73.4688795206734,36.89183413343858],[73.47445362843229,36.89342672396418],[73.47954996236092,36.897089706724614],[73.48655742218733,36.892948921355696],[73.4913352207439,36.894700806996696],[73.5129946970477,36.8910377945586],[73.51607473655991,36.8871888958509],[73.52102962691583,36.885102278947045],[73.52645217912482,36.87781918680605],[73.53249863510399,36.87682176491256],[73.54201647238233,36.872062845823734],[73.54572269904338,36.87638583563785],[73.54420557332861,36.879819885179586],[73.54820308590376,36.886006470822],[73.54786995543418,36.8904322594413],[73.55115362124269,36.89185995477317],[73.55791126739115,36.88952806666697],[73.57409160884072,36.889004620766684],[73.57821185729142,36.894700806996696],[73.58556061612961,36.900188056433706],[73.59565088627943,36.9001156762975],[73.60045604940723,36.90856377000205],[73.60711763716927,36.905689784955655],[73.6186351170171,36.9060891244136],[73.62033624672046,36.900434182891274],[73.62501207564685,36.897332692749615],[73.6388104574367,36.90298234985562],[73.6456658194221,36.90347172044358],[73.64749016883627,36.905689784955655],[73.6587528365742,36.9106101125667],[73.67231574617477,36.911371518181056],[73.6760753008345,36.91351306207821],[73.6916053461099,36.91540467808346],[73.69861280503699,36.91413059505095],[73.71633577877321,36.904518670700156],[73.73293342633661,36.90298234985562],[73.73713228003078,36.90351930717031],[73.75236321259223,36.911423159950914],[73.756834216426,36.904518670700156],[73.77099669234354,36.904574940381224],[73.77131522681634,36.89804525528433],[73.7794866881602,36.89709476181383],[73.79147917102699,36.90014046880765],[73.79576168685242,36.89740824209673],[73.79647604893057,36.893620752695654],[73.7998073005665,36.89009915685068],[73.81407665821126,36.89024151503395],[73.81981003410584,36.89549708832004],[73.82697676116862,36.89916009985876],[73.82442859420433,36.90537127836188],[73.82564823587745,36.91322751743604],[73.83154930565598,36.921888748666845],[73.83382495285935,36.924004728435534],[73.8404484957016,36.92541034541114],[73.84734890113094,36.92364954658933],[73.84720614274937,36.920461052435655],[73.849512123186,36.91779357781144],[73.86734929283563,36.91428983440841],[73.88964578232702,36.91253797574706],[73.89194002391304,36.908849286765246],[73.90628850211272,36.900434182891274],[73.90358106701268,36.8948600463541],[73.9045366155724,36.88657850259585],[73.89113100369292,36.87939155427688],[73.89213036812203,36.877583198405944],[73.90549219201108,36.87463397787582],[73.91335517240333,36.868921938396795],[73.93096318040648,36.874823008175326],[73.93718504105686,36.87208581091147],[73.94114727862404,36.86835087789075],[73.94634249840766,36.86651170225332],[73.94841289064243,36.8603005237502],[73.95446480190913,36.85854866598822],[73.95239440877498,36.85488565534877],[73.95653516626498,36.847718957064274],[73.95637592690758,36.84310039696578],[73.958993245442,36.841986437324294],[73.96660749943663,36.842367155419936],[73.96698821483432,36.8389407312298],[73.97283607172739,36.83555458137886],[73.99358495837919,36.83212815718878],[73.99877217959249,36.83336548043263],[74.00153236982305,36.83641118742639],[74.00503000143345,36.8373670210712],[74.00928943795725,36.83455521694975],[74.02318570555593,36.831155871346425],[74.02675465880054,36.82851138968891],[74.03337837341326,36.82876694284022],[74.03911174930784,36.82637804401156],[74.04602829307134,36.82632228874269],[74.05543593372141,36.83195215177045],[74.06354112941966,36.84036108629516],[74.07964354911059,36.8373670210712],[74.08983621696791,36.83768552766503],[74.09566385080615,36.842121912096616],[74.10399195156737,36.84097976140691],[74.1074659606856,36.838076812794725],[74.11746791381324,36.8378447949014],[74.12440773562855,36.8438827100191],[74.12397943260481,36.8489271737501],[74.13339398544412,36.8499485886565],[74.13387798707947,36.854352325899185],[74.13004948139849,36.85679680912551],[74.12893466470308,36.86157460768203],[74.13673334896492,36.873435615061624],[74.15067371841741,36.88403036530917],[74.15417746182044,36.88259701414097],[74.15957616490812,36.88595157260704],[74.15343716509312,36.8919954007672],[74.1530564478968,36.8980868138554],[74.15831824808873,36.898523057892874],[74.17089981567403,36.90298234985562],[74.17312947604455,36.90505274298977],[74.17171140615653,36.910983488597196],[74.17642276729691,36.91659904341117],[74.17934062576933,36.916678762015295],[74.18985180022048,36.91046758441155],[74.19924818765378,36.910786118884346],[74.2034534400243,36.90636735756755],[74.20386674775227,36.903778659057934],[74.21477609074407,36.90696386798817],[74.21923538360613,36.903937927193624],[74.22353540743319,36.896771171352555],[74.23850590442402,36.89438230040287],[74.24264668889361,36.89517858172621],[74.24499882793361,36.898610318211695],[74.2549097211068,36.89963787368896],[74.26430610943947,36.90346012368582],[74.2670135148619,36.905530516819965],[74.27031628856594,36.91231598439521],[74.28011967138576,36.91103110410222],[74.28768633775434,36.913791265554494],[74.29506268869221,36.91279190202471],[74.30291490060222,36.918121881619584],[74.30919668667781,36.918883315112964],[74.31423426609854,36.92894182300677],[74.31609711998618,36.937966576396434],[74.33280093611438,36.94548568571588],[74.33294372237492,36.95062532110177],[74.34393635607802,36.95713092775014],[74.34755360921173,36.961570853711976],[74.3655957757245,36.9628643027454],[74.36925878726328,36.96525320157406],[74.37881441315471,36.9633420765756],[74.38725522325001,36.96381985130512],[74.39362564111053,36.96827917204621],[74.39500003812134,36.974324770971464],[74.41393137243494,36.97528663187262],[74.418231396262,36.97990516319277],[74.4177476824097,36.984080538286264],[74.42046028591352,36.98807805176074],[74.41974643824756,36.99012436644642],[74.41379778264161,36.99321768714657],[74.41513027843968,37.00007050584924],[74.41870914221317,37.00602390268102],[74.42667217757901,37.01112023840835],[74.43012088157349,37.00663783656694],[74.44406453355145,37.00173616089518],[74.45415343313448,37.001926505104166],[74.45658049289551,36.99973740415794],[74.46401879722976,36.99901644375393],[74.47238011624944,36.99055266857084],[74.48520044304604,36.98723115659266],[74.49157083122896,36.987868198558544],[74.49427826632899,36.98675338276246],[74.49888731429814,36.981177617553044],[74.4992204456671,36.97594281141164],[74.50559740429685,36.96994654030067],[74.50654918199922,36.96613939981353],[74.51544837204477,36.9640454714214],[74.5205403928249,36.960381117194856],[74.5316762984225,36.95819201624863],[74.53781529823749,36.960809420218595],[74.54341014256408,36.967482862843895],[74.54356941069977,36.972738464908275],[74.53544710719831,36.980064430429195],[74.53895085239998,36.98627560893226],[74.53724423773144,36.99107617202776],[74.52780260630527,36.99678678338341],[74.52396684579338,37.00425836443202],[74.51625736258728,37.011111211013656],[74.51830370605126,37.01672673615002],[74.53186664263148,37.020867007106744],[74.53472197663797,37.02524520899925],[74.54462053111268,37.024674147593885],[74.54899876178348,37.02600664159331],[74.55437635598412,37.03009932942058],[74.56417970912634,37.03100352039621],[74.56137196184665,37.038998518566814],[74.55751723463271,37.04047377184713],[74.55304383230708,37.044756801185486],[74.54852287293232,37.04494717417282],[74.54309772078324,37.0475169644364],[74.53943333777835,37.04718386094646],[74.5326756628516,37.0506102851366],[74.53676832010194,37.05551196170774],[74.53419850195934,37.06260276800339],[74.53757736820103,37.06555330244299],[74.53381781444062,37.07074052455562],[74.53362746933232,37.07678435181646],[74.52563244238337,37.07973488625606],[74.5137827466765,37.07849756391147],[74.50878586877286,37.06978874595393],[74.50864311039129,37.06412563588941],[74.50359864755961,37.06107990011736],[74.4995059624303,37.060937141735735],[74.49479462916884,37.064839454777086],[74.49722168892987,37.07583257411403],[74.4948422437746,37.08411308814857],[74.49055918565796,37.090632805159885],[74.48537199232362,37.09267914772454],[74.48489607469412,37.09743806591405],[74.49151099213861,37.11128651925753],[74.49122544659713,37.11642618342165],[74.4816124376639,37.12094714369579],[74.47594932670012,37.12108992995633],[74.4681446727385,37.124040437416284],[74.46205325965025,37.12779999027737],[74.4612918252576,37.13431973606703],[74.45662807872293,37.142790594310554],[74.45781781613937,37.146217019399955],[74.46476586405345,37.14593147385847],[74.47176146991598,37.14973861434561],[74.47261804718516,37.15240363292139],[74.4689061071312,37.159494410438754],[74.47723420789242,37.16339672258073],[74.48508644768145,37.16282566207468],[74.48689483143136,37.16477680420621],[74.49070197191855,37.177340376357336],[74.47490234856457,37.18895214292712],[74.46828743112013,37.196518838073985],[74.47323672229697,37.20280059537123],[74.47961368092672,37.20289579670373],[74.48332562098068,37.20751192863264],[74.49450908542599,37.211414240774616],[74.49446149779993,37.218647804552575],[74.50159991870134,37.222264601730046],[74.49717410310245,37.22930779341999],[74.5013619598866,37.235684752049735],[74.5016950912555,37.2398726097332],[74.52063556537911,37.24510741767324],[74.5334370675667,37.242252083666756],[74.54124172242763,37.24643991257199],[74.54352599502869,37.2501042946775],[74.55014091157386,37.24415563907155],[74.5549950032169,37.2439176802568],[74.56774891957701,37.23963465091845],[74.5706042535835,37.23311493390713],[74.5844051498778,37.23944430670946],[74.58811711781078,37.24339420557817],[74.59301879528124,37.26005043497963],[74.60605822840455,37.255767405641336],[74.61481466006859,37.25486321376633],[74.62342830457266,37.25862276842605],[74.63085221435824,37.264999726156475],[74.63760988928505,37.25729024474907],[74.64555730162823,37.25181750677257],[74.64531934281348,37.24049125696598],[74.6555986135852,37.23535162158015],[74.66516403759033,37.23658894392469],[74.67807467970277,37.2580656456131],[74.68873463979185,37.266298573820166],[74.69859417628027,37.2665142834075],[74.70266344036554,37.268462967691846],[74.71475109578648,37.282834896613224],[74.72184190208219,37.28083613987599],[74.73078867795516,37.28402463313034],[74.73835537310202,37.28369150176144],[74.74953883664807,37.285690257599356],[74.75091891737418,37.281883118011535],[74.76191203671118,37.26979543471157],[74.7663378244311,37.26579797789441],[74.77414244961443,37.26227635417047],[74.77956762964243,37.251806738290384],[74.79255947693838,37.2492369210471],[74.79755635484196,37.24571532520213],[74.79689009300347,37.243145478281235],[74.80141108115652,37.23662576216924],[74.79874609135908,37.229868086343174],[74.80655071744172,37.217399714625174],[74.81464088726722,37.214068491767534],[74.82472978595092,37.216209977208734],[74.83163024803758,37.21559133087527],[74.83519942970997,37.21944605718983],[74.8396252174299,37.21754250088577],[74.85466340729045,37.22030266323736],[74.85804224475385,37.22496640977204],[74.86475233385318,37.222872479581326],[74.87170038266657,37.22558505700482],[74.8804567576733,37.221206855112314],[74.88540604885014,37.22101648212498],[74.88835658328975,37.222491764183644],[74.88945114815203,37.234055944026636],[74.88726204720575,37.23662576216924],[74.8892607751647,37.255185575753785],[74.88788069443854,37.25761260763579],[74.87931463486257,37.260705928335994],[74.87660205923771,37.26422752418097],[74.87812489834545,37.26903402909721],[74.87698274765575,37.274697140060994],[74.87303284878698,37.27641035125674],[74.87198589942977,37.27917054238668],[74.86327705269389,37.28540471385651],[74.85475860772362,37.29468462109844],[74.85071350842173,37.301061579728184],[74.84861958002966,37.30867583192418],[74.83838792296433,37.32071593029599],[74.8375312881385,37.32485617157511],[74.82963149130035,37.335754120156594],[74.82544363361683,37.33489751410906],[74.8203516128367,37.33675348368638],[74.81368910956479,37.34341598695829],[74.81164276610082,37.347699017195964],[74.80274357605526,37.35559881403407],[74.79374921435482,37.35659820724152],[74.77176300355984,37.36340344011671],[74.73764152543612,37.37782298274453],[74.73140735396629,37.37882237505261],[74.72864716283635,37.376966376697],[74.70742238733334,37.383962010438495],[74.70846933758992,37.38881610118216],[74.70451943872115,37.38929199093269],[74.70052195402502,37.397524919139755],[74.68962400724217,37.406090978715724],[74.68319946278501,37.39505027355136],[74.6748713620238,37.389625121402275],[74.66582941359661,37.3890064453912],[74.6628312645513,37.38572280836098],[74.65336101310032,37.3860559109516],[74.64812620516028,37.383486092808994],[74.64236792344099,37.383200576945114],[74.6409402272098,37.37806094155928],[74.63856078205453,37.37677603158863],[74.63208865176995,37.377156749684275],[74.62609241033653,37.38163012323167],[74.61871608727768,37.382153597910246],[74.61538483564169,37.38472341605285],[74.60020386041987,37.37929823602485],[74.59596841600967,37.38010725534559],[74.5953973546043,37.37853683041044],[74.59387448671822,37.379107891815806],[74.59059082090971,37.377156749684275],[74.57507674219795,37.377442266447474],[74.57250695283363,37.3751104062203],[74.56593962211593,37.372921306173396],[74.56018133859794,37.37972656692756],[74.55594589598638,37.38834018355266],[74.55750469538543,37.396212132883704],[74.5548513311241,37.399238131234824],[74.52853450606267,37.40904151315539],[74.52234789164191,37.401094100812145],[74.50621516569737,37.400951342430574],[74.49450819869446,37.39624001006848],[74.48403855493541,37.40218866567443],[74.48242054327352,37.40523437266819],[74.4837054523448,37.41108785572004],[74.47480626229924,37.41794070320094],[74.47223644415664,37.42274720811719],[74.46871484831166,37.42369898581961],[74.46604983063526,37.42664952025922],[74.4677630706093,37.40670962504919],[74.45524711216456,37.404996441732465],[74.45020264933288,37.40575784734682],[74.44249319580439,37.41518054084935],[74.4395902471922,37.41627507783261],[74.4329753297477,37.40970774621559],[74.42840678364621,37.394621971426886],[74.41827027035674,37.38891127373637],[74.40151886930045,37.39205215238496],[74.39604610344497,37.3956213628357],[74.39062095039662,37.39690627190697],[74.38590961803447,37.40366394683372],[74.38614754807094,37.40623373619803],[74.39090646715977,37.4115637445712],[74.37834292288761,37.41970150112343],[74.37563031758515,37.424079703015934],[74.36163910675941,37.42412728884335],[74.35664222975515,37.42231890509345],[74.34864723158455,37.422080975056986],[74.3452208361727,37.416846138338656],[74.34258263897766,37.406723336113146],[74.33841554664025,37.405662675691985],[74.32404361861813,37.40747105944189],[74.32156897213042,37.40023749476461],[74.31661970973187,37.399000172420074],[74.3064831964424,37.40137964455499],[74.29472864361207,37.40109412959043],[74.28297411956004,37.40385429104276],[74.27669233258513,37.40214107984701],[74.2725520616284,37.404235008239084],[74.26712690858,37.41018366384509],[74.25610419974907,37.40799739036731],[74.24633040822181,37.4149425820346],[74.24066729815735,37.41470462411917],[74.23157807776613,37.404015901013054],[74.22976937925353,37.394907515169734],[74.23795472163317,37.3911479892883],[74.24276122744874,37.3831529911177],[74.25137487195286,37.37848924458302],[74.25170800332177,37.374158599739644],[74.25004237705411,37.37301647782823],[74.23885891440744,37.37401584225739],[74.22762783625569,37.35421873330796],[74.22215509827925,37.349174269576906],[74.21230413143059,37.35093509627774],[74.20888344761306,37.341585781158926],[74.19764665696772,37.335754120156594],[74.18531290296818,37.334578321332515],[74.17842060942365,37.340227493703935],[74.15543500811918,37.341559988602626],[74.1518658264468,37.33627759483517],[74.14153896894834,37.33499268576389],[74.13858843360936,37.329472333181684],[74.13387710124726,37.32595073733671],[74.12859467870152,37.32447548495571],[74.12678629495161,37.32485617157511],[74.12502549702913,37.32856814130673],[74.12388334633943,37.327521163171184],[74.11420307081511,37.32804863623562],[74.1115101750546,37.32076351612341],[74.10018392524802,37.31809852632597],[74.07696036422948,37.32028762727225],[74.06806120296221,37.32628383992733],[74.06558655737376,37.32609349571828],[74.06087522411235,37.323428505920845],[74.06349262808237,37.31448173004787],[74.0626836366406,37.31062700283394],[74.05678256776133,37.31138843632732],[74.05326097191636,37.30691503400169],[74.04155400491345,37.29982425558495],[74.03436802606359,37.309104163726204],[74.02732480559536,37.3072005804425],[74.01864675164632,37.29731136542722],[74.0179973413043,37.29211480295584],[74.01452333218612,37.2908774806113],[74.001245940248,37.288735964593116],[73.99639182072599,37.2902112475511],[73.9918232746245,37.29516050994965],[73.98673122506602,37.29768274226478],[73.97954524711554,37.29654059067576],[73.97145507639073,37.29915802342407],[73.96445947142752,37.29863451996715],[73.96284143098728,37.29387560087832],[73.95556027958327,37.28602338986758],[73.95213385719182,37.27483992632159],[73.94594435774599,37.276129719610935],[73.93866612104472,37.28169277380255],[73.9241989638112,37.28526195457562],[73.91872622583469,37.283358371291854],[73.9075427622887,37.28269213823165],[73.90578196436621,37.27964640156023],[73.89026785687616,37.27631517960191],[73.88474753307224,37.27274596915123],[73.88588965498366,37.267130472793156],[73.88165424025107,37.264513069722454],[73.87061353508665,37.26241911165272],[73.85990593341216,37.258231282747545],[73.85257719618073,37.257565020909055],[73.84853212565713,37.25171156663555],[73.84395760985586,37.248862144772204],[73.84235145215786,37.24124786379792],[73.84532577996083,37.2375002197594],[73.84306532860211,37.23381204429046],[73.82861008198972,37.226376224782996],[73.82093633244585,37.22816084394782],[73.81486868304336,37.23244387418549],[73.80909848980355,37.2273874998333],[73.80279293914288,37.22601932972833],[73.79696324855513,37.23262233565231],[73.78887307783032,37.23351461690612],[73.78185368040306,37.23892788631298],[73.77911731141484,37.23654841327868],[73.76710100640639,37.235537167006726],[73.76293696996527,37.233871540739074],[73.7638299652807,37.22484781617385],[73.7619188402823,37.22214038107376],[73.75889187066338,37.22149834067591],[73.74990941868481,37.22667368004636],[73.73848802600168,37.2269711074307],[73.73739274707765,37.2326515843032],[73.73094269514934,37.238225720840376],[73.73045732384645,37.24327041299921],[73.72487153299488,37.24654813788629],[73.7184945743652,37.24716678511908],[73.71168931361098,37.2455487446789],[73.70183834496373,37.25121185564268],[73.69098801278659,37.251544987011584],[73.68722845812692,37.254019632600034],[73.68565803319171,37.25030766376773],[73.68285025623442,37.248927583041564],[73.67384778264909,37.25017024735911],[73.66686025989316,37.24859445167266],[73.66509949074896,37.249546258153316],[73.66062608842327,37.24507285582769],[73.6592935944239,37.237458574853406],[73.65320218043632,37.23660196880587],[73.6384495064396,37.24654813788629],[73.63116835593496,37.24883238170912],[73.62797989055957,37.25987308687354],[73.63083525334434,37.265345853628276],[73.62598113382234,37.26691630734177],[73.61936621637784,37.26582174158017],[73.61736748841889,37.27048548901416],[73.63254843666107,37.28314423371944],[73.64230423275421,37.28038404258956],[73.65129859535392,37.28442914279077],[73.65439188817516,37.293185546575785],[73.64787217116384,37.300276352871435],[73.6523931602162,37.30389312037124],[73.65344013835175,37.311602573899734],[73.65634305818566,37.31464828089349],[73.66690784572057,37.315790431583196],[73.67038188541574,37.310270107779274],[73.67913828830143,37.30784301924001],[73.68289784206183,37.311079099221104],[73.69450960863156,37.311079099221104],[73.6977456877134,37.31098392666695],[73.70074380887974,37.308176150608915],[73.70526476915381,37.30712920035239],[73.71294623038426,37.316104110616266],[73.72234930157907,37.3167897960123],[73.73143883583367,37.31517178435041],[73.73924348979529,37.320121047648286],[73.74547766126511,37.32026383390888],[73.7548527410612,37.32335712673006],[73.75009382197237,37.33073344888959],[73.7516166898584,37.3319707721335],[73.77469746371702,37.33939468101977],[73.77031923394554,37.3450102340351],[73.7710330816115,37.37813232075007],[73.7704392844455,37.383152790568886],[73.76713073979187,37.388221219433774],[73.76755907159395,37.3923614903905],[73.77265112115236,37.39731078156734],[73.7704619914278,37.40759005323844],[73.77588717235517,37.43947481670949],[73.72967803791119,37.439998291388065],[73.68351648929462,37.44937337118421],[73.65001368628265,37.435239373198556],[73.6210318426455,37.4419970481253],[73.57996237236563,37.44723185606534],[73.56592354693419,37.454560592397456],[73.56035560942388,37.455750328914576],[73.54569813496101,37.466267530622076],[73.53680411511789,37.46883492059516],[73.53265867305936,37.472311386661204],[73.52087807136598,37.47233866489751],[73.51229050360394,37.47497637555932],[73.50857853567095,37.47316799270874],[73.49896549706011,37.472406559215415],[73.49549148794188,37.474262528792735],[73.45147145444412,37.47388181159636],[73.42070321997767,37.467560837562644],[73.41439944008215,37.46531575291971],[73.40221661300632,37.45446542074262],[73.40112207692238,37.45532202679016],[73.39745769391749,37.45398953189141],[73.39179741132153,37.44988293604871],[73.39036688762184,37.450372734713994],[73.3742341616773,37.44190187557115],[73.36631574167819,37.44478657334173],[73.36536019311848,37.44844958488051],[73.36866622326767,37.454560592397456],[73.36500186994039,37.46198450128378],[73.36133748693555,37.46212728844364],[73.3567213262283,37.45927192475955],[73.35386596344352,37.4595098835743],[73.34658481383815,37.46445914687217],[73.33578206658916,37.46626755940042],[73.30608640406433,37.46384049963939],[73.28971569142607,37.45646417658054],[73.28638443979014,37.45617863193837],[73.28057857044473,37.4515148854037],[73.28015026742094,37.44742220027439],[73.27515339041668,37.44394821903512],[73.25921100868118,37.43937964415528],[73.25562968706049,37.43714207244875],[73.24957777669312,37.43236427299286],[73.24778961509872,37.429576262234775],[73.24859860743982,37.42714920157442],[73.23870005206578,37.41844038541552],[73.23301471975356,37.414208568870436],[73.22742141686496,37.41292003283331],[73.21589419735938,37.4060862941472],[73.21124107631465,37.40435397325729],[73.20299409440202,37.40433440760688],[73.1939661996804,37.408541830940806],[73.16902942656685,37.40797077043476],[73.16579337536405,37.40916047817359],[73.14904197430775,37.40306906418601],[73.13319476422703,37.371898121401216],[73.13048215982388,37.37018490840683],[73.11763307090956,37.36799580656128],[73.1112561410581,37.365425989318],[73.10621164944814,37.361238160412825],[73.10264246687638,37.35367146526596],[73.10249970759548,37.343344607767506],[73.1073062421894,37.34144102358442],[73.10744900057097,37.33987056987098],[73.09755044609625,37.32673596419346],[73.08913877043796,37.322124145413056],[73.07404136921389,37.31617114877952],[73.06952038016146,37.31650427924916],[73.06195371379289,37.31126944343015],[73.05424423058685,37.310270079000986],[73.05067504981378,37.30831890809117],[73.04550136699453,37.3084914574149],[73.03834943557803,37.304844926851956],[73.02392992172855,37.30684368358919],[73.01093804655369,37.302893756841456],[72.99842208810895,37.30232269543609],[72.9774828275705,37.29718306005026],[72.97453229403021,37.2932331324032],[72.9703304401977,37.29129133063043],[72.95278401507028,37.290710928866304],[72.95192740902274,37.28785556698091],[72.93979216777439,37.28328699210107],[72.93593744056051,37.27919430697176],[72.93389164118634,37.27370897219134],[72.92922735056186,37.2724842457514],[72.92172412326971,37.26759333766245],[72.92246970531272,37.26477479222291],[72.92089925159922,37.26258569127668],[72.91666377931,37.26206221659805],[72.91528369768457,37.25882613661696],[72.90981095970807,37.25806470312358],[72.90762185966116,37.25449552055187],[72.90129248685884,37.251592572839],[72.8913463465567,37.24316930042295],[72.88770609955691,37.242493897875136],[72.87987733836854,37.23717303021124],[72.8720251273578,37.23712544258518],[72.86479153390223,37.23117681665684],[72.85502582638082,37.22873379033223],[72.8526087068264,37.23098644456883],[72.84232943605468,37.23284241414615],[72.8362380220671,37.23584053531249],[72.83005140764641,37.23317554641437],[72.82300821595646,37.23374663479939],[72.81310966058243,37.22989187970654],[72.79512093718154,37.21585308215407],[72.7907903211165,37.210665860940765],[72.78955299877191,37.20590691307365],[72.78298569593318,37.202813620252414],[72.78189113107089,37.19957756994893],[72.77726848715099,37.195709532768774],[72.77532382913148,37.19039283436189],[72.77227809335938,37.18925071155115],[72.7701841649673,37.182302665435714],[72.77142151609013,37.178733481964684],[72.76875649841372,37.17825759311347],[72.7637120625617,37.17031018077029],[72.75963514434648,37.15493883166181],[72.75056366128399,37.13914020655534],[72.74548537944673,37.13438031799734],[72.74643564359013,37.13302460170405],[72.74177341061448,37.12705158166523],[72.73910842081705,37.118961410940415],[72.73226782659896,37.11416816023245],[72.73111345142468,37.11096644244742],[72.72778305594335,37.10958144782563],[72.71593247440421,37.08988439564837],[72.70255988203297,37.081461123232316],[72.70070391155633,37.07541729507216],[72.70451105294279,37.074560661145654],[72.70279784084772,37.069516226192945],[72.6824296713923,37.051908218189794],[72.6819537537628,37.0446270676851],[72.67800385489403,37.03515678835515],[72.67966948026236,37.02649555622497],[72.67776592485762,37.02206976940437],[72.66967575413281,37.022498072428164],[72.66615413040887,37.02059451612405],[72.66429815993217,37.01716806315562],[72.65877783612831,37.01802466920316],[72.65577968618362,37.02068968777894],[72.64559558706674,37.019309607052776],[72.63626812277568,37.02792325155684],[72.62299073083761,37.02939850573648],[72.61028440030486,37.02521064805302],[72.58824534894376,37.0109163827849],[72.58100855659967,37.00918363381771],[72.57744114569238,37.01203756757974],[72.57275252121195,37.011833713754925],[72.56773962008748,37.00655568979329],[72.56133669713091,37.006431612129234],[72.54028064343703,37.001082923937815],[72.5334597587609,37.00204875444649],[72.52971585680143,36.99879862165909],[72.52662253520191,36.999512470224374],[72.52419550421922,36.9979420443899],[72.51196509041665,37.00032149044449],[72.50782518998057,36.99888902420918],[72.5014954466576,36.999512470224374],[72.49825936757583,36.997894458562484],[72.48433108141433,36.99746204293899],[72.47988995395826,36.99394453091543],[72.47617798602528,36.99313551159463],[72.46846853159752,36.99532464041988],[72.46017442161235,37.001844899722414],[72.45110296822747,37.00235452214355],[72.44004392498721,37.00694123365105],[72.42567225417127,37.00561619413213],[72.42220672655924,37.00714508837518],[72.41170829190418,37.00480077613497],[72.40726879401967,36.99689506625435],[72.3987027344437,36.99403970257026],[72.38956558558334,36.99389694508801],[72.38190371878164,36.990184976255705],[72.37281421240601,36.98804346203622],[72.36615168125513,36.98904285434429],[72.36224939699213,36.987948288582686],[72.35572965120252,36.99080365226678],[72.34430822974105,36.989518743195504],[72.33526325329655,36.98125570928363],[72.32455870841773,36.979810532929775],[72.31851487935825,36.975860634960384],[72.31361320278711,36.97552750359148],[72.30847356740128,36.971625191449505],[72.30528510202589,36.97167277727692],[72.30219180920471,36.969007786580164],[72.29500580157656,36.96710423117537],[72.29362572174972,36.965057888610716],[72.29495821664841,36.96277358723131],[72.283727167275,36.9573960209097],[72.27263887628317,36.94954378112067],[72.25222312010095,36.94711675013798],[72.24565581816154,36.94459451782279],[72.23856501186589,36.93545739774078],[72.23180733603976,36.930270147749184],[72.21001147125247,36.9270340974457],[72.20406281564647,36.92008607741059],[72.20068397818312,36.91123447319245],[72.19678166514177,36.90728457432368],[72.16960820525452,36.89467341544582],[72.15154033341969,36.8791251184295],[72.14138779601001,36.87982559767323],[72.13819933063468,36.874781134841555],[72.13272659265817,36.873876942966604],[72.12377981678515,36.868880065063024],[72.11968713075652,36.863264540825924],[72.117343903998,36.85384730261097],[72.10974098955506,36.843372260221656],[72.10136527598678,36.84384814907287],[72.08737403638276,36.838422968145494],[72.08147296660417,36.84089761463326],[72.07519720688566,36.838456359073746],[72.06886183740392,36.839850635598395],[72.05634587805986,36.83123699019501],[72.05082552457833,36.830380384147475],[72.04758944639588,36.821290849892875],[72.03821436659979,36.81691264800037],[72.02988626673789,36.81600845612542],[72.01908352038822,36.811439881245576],[72.01323003643711,36.80539605398474],[72.00942292472826,36.79630649095185],[71.99733524142829,36.790833752975345],[71.98853122303757,36.779697847377804],[71.9839150911086,36.78036410921629],[71.97994668329284,36.77801382727637],[71.95973975238769,36.75695023276705],[71.94512986555094,36.750763618346355],[71.94137031089122,36.746956477859214],[71.9211924847454,36.74191201412822],[71.91010419375357,36.735249539634594],[71.90339410465424,36.733917044735904],[71.89306724715578,36.71783187584043],[71.87208040258855,36.70374546458157],[71.86227704944633,36.691324678691046],[71.85480552505499,36.690039769619716],[71.85090321291301,36.686327829565755],[71.84595394961514,36.684900134233885],[71.84209922330058,36.68033158813233],[71.8382920540351,36.68180684141265],[71.82848869999356,36.68052193234138],[71.81787629785293,36.68285382044752],[71.79194016120954,36.67642927509104],[71.77553263032667,36.67639285704479],[71.7620783192591,36.6792468195851],[71.74577004385247,36.67527167224995],[71.73721255391627,36.67514436601971],[71.729206959034,36.677004421217134],[71.71160957742012,36.67200345859277],[71.7007184277133,36.675475526074706],[71.68604098920036,36.67720827504189],[71.6762507742539,36.67162274229577],[71.66811301860099,36.67595335656222],[71.66387757419074,36.68085506281096],[71.6523542109781,36.688216361795696],[71.63419850685568,36.69084736081709],[71.628804316566,36.69622635526213],[71.62057138925826,36.712739855060306],[71.61245456892328,36.717586463444604],[71.60786505782619,36.72263841043434],[71.60153568592324,36.724589551666554],[71.5944924942333,36.73201346055282],[71.58602160721148,36.73753381313503],[71.58039131520707,36.74304671033747],[71.57674169996955,36.75071603341826],[71.56784253780296,36.76180432441009],[71.56608173988047,36.77079868611054],[71.5626077019839,36.77684251337132],[71.56294083155422,36.7840760780486],[71.55604039914516,36.79406980417815],[71.55385129819894,36.807394781943685],[71.55064803807653,36.8156202556703],[71.54680807773065,36.82243300058258],[71.54295335141609,36.82405101224447],[71.54133531187517,36.82700154668407],[71.54266783555221,36.84556133238965],[71.52634473662033,36.85940981361205],[71.52910489807266,36.869927044097835],[71.52672542503836,36.87430524599034],[71.52007200491914,36.87843803368838],[71.51830215172299,36.88829645681608],[71.51097341539088,36.89638665541986],[71.50393019582191,36.90837911040768],[71.49293710526325,36.91489885529796],[71.49050718925542,36.918769891717204],[71.490747976438,36.92532088355199],[71.48636977364617,36.93317309636137],[71.4814680970751,36.934220046617895],[71.47604291704704,36.938550690561954],[71.4694756142083,36.95149495113117],[71.47023704770163,36.95420752765534],[71.46528775742411,36.956491829034746],[71.46471666634113,36.966104838867295],[71.47185505936358,36.98447428036383],[71.46985630262634,36.98652062292848],[71.46849715811743,36.99574546018488],[71.46961837258988,36.99837031863535],[71.46700096861986,37.0028437218603],[71.46724795303066,37.00621507516564],[71.46022855470409,37.01668471982401],[71.45987163087113,37.01870724024701],[71.46296492369231,37.02334719431764],[71.45868189255538,37.02965277375654],[71.4434443050107,37.04048679672832],[71.43887287478339,37.050829991311105],[71.4317345114386,37.057016577852835],[71.4298309263562,37.064630858827115],[71.43072323458966,37.06986566676716],[71.42911993493709,37.07161012580673],[71.43262679179304,37.07640917624252],[71.4348873007084,37.088544445369905],[71.44273951171914,37.09389821832815],[71.44517845332302,37.100084832748905],[71.44363179297295,37.105081710652485],[71.44541641213777,37.110078558878456],[71.44184720168704,37.11697899308609],[71.44220412641937,37.12078613357323],[71.44470256357249,37.12328457162573],[71.44256105025232,37.13101781941691],[71.44636819073946,37.13411111133877],[71.44559484572562,37.143747942413654],[71.44845020940971,37.144937650152485],[71.44892609736155,37.14933967418665],[71.45190042516452,37.15243296700788],[71.44525271843827,37.169929463573965],[71.45077018509602,37.181581360591395],[71.45743268836793,37.18205725034187],[71.46195364864201,37.184198764561415],[71.46338131519559,37.18931460658388],[71.46195364864201,37.195263263089146],[71.45642138543866,37.19978425214157],[71.45424705136037,37.20528826584086],[71.45562713208653,37.21437780099478],[71.46034751972229,37.21608355771008],[71.45880085757358,37.21977170440067],[71.46415466020943,37.220247593251884],[71.46819973073303,37.22583935380317],[71.4759329776249,37.2276239441897],[71.48152470939789,37.23155005059442],[71.47918379569569,37.23479358505597],[71.48065907685498,37.23783929204973],[71.4839427138852,37.23921937277589],[71.48551031135185,37.24546991100766],[71.48301190117837,37.24832524501409],[71.48539134633364,37.25986563239309],[71.49110204312484,37.264624550582596],[71.48866310242028,37.274737271408014],[71.49473072214516,37.28484996255577],[71.49255638806693,37.297611363074],[71.49492072371248,37.3019194996852],[71.50372468544595,37.30703534170772],[71.5074128600155,37.313935775016034],[71.50550930371145,37.317148061633816],[71.49801398775537,37.32059825040898],[71.49337406156377,37.327855608449624],[71.48873410929178,37.33059200531682],[71.48724694539027,37.33618373708987],[71.49222325759729,37.35238655619469],[71.49087562441059,37.35890758711548],[71.49575350761836,37.368306459375674],[71.49147047828001,37.378181219587646],[71.48766333779287,37.3812745133082],[71.47939470470192,37.38282117365827],[71.47523066916011,37.38722316891415],[71.47832396198129,37.397335888840246],[71.47689629542776,37.40042918166148],[71.4782049681848,37.40459324598157],[71.4838561964064,37.40685372611864],[71.49206536092771,37.40518809985099],[71.49837091158838,37.40768653880275],[71.49896576455842,37.41113675455762],[71.49587247263656,37.41446800709292],[71.49536416502423,37.42115296104038],[71.49670531409902,37.42814990959073],[71.50199959060865,37.434812384084296],[71.50069414461916,37.439427230882075],[71.5041411048282,37.445163062825145],[71.50421573956481,37.45356122886767],[71.51098206956692,37.456108567556385],[71.5214430312709,37.465601297561875],[71.52239480897333,37.47269210385758],[71.52609164041695,37.476215013612034],[71.52668652216533,37.48026008413564],[71.52157064956589,37.485019032002754],[71.50366521597698,37.51214487638498],[71.5051523798785,37.524161152615136],[71.50289189974143,37.52844418195349],[71.496110430552,37.53272721219116],[71.49432584106478,37.54343478598662],[71.49626832812089,37.547597536397234],[71.49555447955566,37.55011976871242],[71.50211855562691,37.55509413838382],[71.50145557811248,37.56306402928158],[71.5070559649609,37.59042914728735],[71.50469162931529,37.60589432626222],[71.51294512321891,37.6119632607959],[71.51389690092128,37.61517554741363],[71.51754071822961,37.61745850610521],[71.5284710846729,37.634806104618065],[71.52621063331412,37.6419444679629],[71.52811418871892,37.65931454592959],[71.52544051596709,37.6718529829289],[71.53281360956049,37.6781122895506],[71.54102274620283,37.69012856668007],[71.54637977560623,37.709829189165816],[71.55090076375927,37.71344595666562],[71.54809298680198,37.71968015691374],[71.55161135498008,37.72772405572067],[71.54933031004583,37.73186298398957],[71.55101650111067,37.73712292708149],[71.53138920035138,37.76465196901319],[71.54560323170381,37.77186305423663],[71.55000522606036,37.77733582009205],[71.55071907372633,37.78102396768202],[71.5564297714169,37.78673469235224],[71.57288700243328,37.78935075363444],[71.5755519913314,37.792253702246626],[71.59063451057426,37.79672841758247],[71.59506355473934,37.80415101255926],[71.592835523041,37.81659690662201],[71.58754444631921,37.82480472755617],[71.58843352778513,37.83313417100521],[71.58502224278232,37.84531568417157],[71.58668786815065,37.852454076294634],[71.58992391935345,37.85592808631219],[71.59824879244786,37.8756075441529],[71.5914943730669,37.88310154619944],[71.58940044467482,37.88862189878165],[71.59045604910744,37.89119302993441],[71.58700583155394,37.893929398922694],[71.58697338491385,37.90137578726285],[71.59253809565666,37.912489184628214],[71.59039655265883,37.92188805688835],[71.5762182243916,37.93487861905305],[71.54971102724215,37.9416838519283],[71.5439051578968,37.94158867937409],[71.54038353327348,37.94620484008135],[71.52936339380562,37.94294631032403],[71.52567524711503,37.94508782544284],[71.5196076255915,37.95270207763883],[71.5021185844052,37.95186926495467],[71.49795451918578,37.94984674363235],[71.48998334315684,37.94080479520517],[71.47457628916447,37.93783046740219],[71.4708881415745,37.9336664030821],[71.4594667210124,37.92736082364314],[71.44875917509592,37.923910606988954],[71.4412043617919,37.923672648174204],[71.42826332888956,37.918650691776065],[71.42264457608638,37.91474969444289],[71.42122013719961,37.91089362544051],[71.41769854135464,37.90837142100435],[71.40956078480241,37.9095611296425],[71.37762840672565,37.905516058219575],[71.35069290565315,37.89247659631792],[71.33394150369747,37.88552857718213],[71.33065786666725,37.885433404627975],[71.32789767643669,37.8872417892772],[71.32285321270564,37.90251793795255],[71.31495338708919,37.91179781641614],[71.31462028359925,37.918412732961315],[71.30871921472004,37.92141085412766],[71.2983923581209,37.93164253907196],[71.28954075390271,37.93264190440044],[71.28692334993269,37.92531316716901],[71.28094767329657,37.91927065291833],[71.2614631309188,37.92136326830024],[71.25675179765739,37.92331443921006],[71.25170733482571,37.93135699442979],[71.25584760578244,37.935640023768144],[71.26607926284777,37.93859055910707],[71.26669793795952,37.94158867937409],[71.26389019067983,37.945728951230194],[71.26279562581755,37.95239142572376],[71.27435980566054,37.96524051463808],[71.27364595799463,37.9767095228263],[71.26764971656121,37.9835623703072],[71.27040987801354,37.99279469172171],[71.2712188982336,37.994222358275294],[71.27673925081581,37.993556125215036],[71.27926148223168,37.9946030745723],[71.2794091823879,37.99845411726375],[71.27550192757195,38.005025104624906],[71.27954702687384,38.00878465928463],[71.29149192391321,38.014352597694256],[71.29529906529967,38.018825971241654],[71.29349065277148,38.023680090763605],[71.29563219576926,38.03148471684625],[71.28587639967617,38.0332931293745],[71.28368729872989,38.04214470481435],[71.28911245087897,38.04281093787455],[71.29172291388142,38.04521054942734],[71.29796405509711,38.04252542111135],[71.30105734791834,38.042858551580935],[71.3068324829328,38.04758999368329],[71.31063962341995,38.05984419994991],[71.31395405143837,38.0635122665779],[71.31942678941488,38.06570136842345],[71.32099724312832,38.068604316136316],[71.3201882229082,38.07745592035451],[71.3224249096819,38.09020983761394],[71.31761840566497,38.09901382722637],[71.32610611630429,38.10219863595836],[71.32765974640023,38.10967381519447],[71.33741551371503,38.11481345058036],[71.33917631163752,38.13284976160725],[71.3425075632735,38.13584788187433],[71.34707613815328,38.146269911027616],[71.3527392482178,38.15041018288366],[71.3595920956987,38.1484590119739],[71.36444618644242,38.14974394982346],[71.37661019070777,38.16132823940677],[71.3676346805961,38.17334819926003],[71.36444618644242,38.19676207570927],[71.36953823600084,38.20337699225445],[71.37948440508131,38.209849123438346],[71.37839478199368,38.21403329570006],[71.37391646667163,38.21874831258464],[71.36853887157173,38.22093741443018],[71.36654011573381,38.224459010275154],[71.37015691201196,38.23145461523836],[71.3741543967081,38.25543958187126],[71.36506486155417,38.26681341840458],[71.35659397543168,38.27081090220145],[71.34112748344666,38.27209581127272],[71.33446497927542,38.270144669141246],[71.33184760408369,38.27518913287224],[71.33398911830324,38.281090173872485],[71.32689831200753,38.285325617383364],[71.33422704923896,38.29332061555402],[71.32894465457218,38.303790259313075],[71.3125263561065,38.30436132071844],[71.30914751774378,38.30521792676598],[71.29915379161423,38.31273700730708],[71.27988015824275,38.31464059059084],[71.27307489658926,38.31149968406322],[71.26736419979807,38.312784593134495],[71.26051132443814,38.310262361718685],[71.25356330440303,38.30992925912807],[71.2469008299094,38.31283217896197],[71.24442618432101,38.31825735988929],[71.23419449937671,38.320779591305154],[71.22486700540804,38.32111272177474],[71.21687203601573,38.327632438786054],[71.21277935088636,38.32910772084472],[71.19803164744263,38.34300007459382],[71.19412439262669,38.34267062864666],[71.18532037513523,38.34505010258022],[71.17551699231541,38.36955854299242],[71.16523772244301,38.386357530775456],[71.15757585384262,38.38873700470907],[71.15000915869575,38.38916530773281],[71.15005674542255,38.39749340759471],[71.14387015888076,38.40272821643407],[71.13930161277926,38.402204769634466],[71.13616070535232,38.39782653896367],[71.13106865579391,38.39706513424858],[71.12064662664056,38.40667814318181],[71.10846379956473,38.40586912386101],[71.10465665907759,38.41015215319936],[71.10879690215535,38.41848025396058],[71.10551326512513,38.4219066772514],[71.09937423743116,38.4234771309649],[71.09166478300341,38.42338195931001],[71.08533543987869,38.42095490044835],[71.0761437354451,38.4131941756707],[71.06629973744299,38.41400688041324],[71.06553830215097,38.41077080043215],[71.06852948234979,38.40605578264831],[71.06839366493574,38.4014909219685],[71.06054142514671,38.3975409943215],[71.05603728759081,38.3985604945712],[71.05349823255744,38.40377519456962],[71.04626466877949,38.41048528366895],[71.04568663942695,38.42199819316215],[71.03822211355975,38.43023480679096],[71.03712751991918,38.443083895705286],[71.02884703376367,38.45274448956661],[71.03117889309152,38.46197681188039],[71.02066166260568,38.4690676181761],[71.0128570374224,38.469638679581465],[71.0069083818164,38.47258921402107],[70.99981757642007,38.478585454555116],[71.0014832017884,38.48301124317436],[70.99720017155073,38.48810329273283],[70.98956212599137,38.49079207589364],[70.981138796918,38.48203567210862],[70.97257276612032,38.47694362344953],[70.96571991863937,38.47465934994909],[70.95529788858676,38.4774670981281],[70.94863538531484,38.477276753919114],[70.94563726504782,38.47575388603309],[70.94406681133432,38.466521564618574],[70.96029476559102,38.45957354458346],[70.96295975628777,38.45595677708366],[70.95820080931998,38.44777143470401],[70.95877189860431,38.44058545675347],[70.95525030275934,38.437730093968696],[70.94777878016663,38.438015638610864],[70.94354333575637,38.442584212591385],[70.93650014406643,38.44163240701005],[70.9341682568596,38.44029993999027],[70.93373995383587,38.432971203658155],[70.92374622770632,38.42987788295801],[70.9203198044155,38.43577895183722],[70.90699239758112,38.438416149885484],[70.9075183013286,38.44291734396029],[70.90033232157941,38.44696241538321],[70.90259040322456,38.45733285942396],[70.8944312527002,38.46537944270716],[70.8833905484351,38.46899621020697],[70.8733016497514,38.469091412438786],[70.86954209509167,38.467282999011275],[70.8634506811041,38.459811504297534],[70.85935802475308,38.45985909012495],[70.85674062078306,38.45733685870914],[70.86135675271203,38.451245444721565],[70.85750202639747,38.44653411235947],[70.8564550473626,38.44229866884854],[70.85079193639882,38.43844394163466],[70.84308248287033,38.4396336790511],[70.84393911769621,38.44543954659787],[70.84203553441245,38.44777143470401],[70.82728286041572,38.45305382757215],[70.8240468083136,38.45319658685304],[70.82228361099993,38.44876679984799],[70.8170511745721,38.445201616561405],[70.80669812521836,38.44412684667668],[70.7981106716702,38.44886597078795],[70.78773622834433,38.44991294982282],[70.78507123944621,38.45595677708366],[70.78021714780317,38.45486221312069],[70.77088965473382,38.45619470801944],[70.76803429194905,38.45262552544767],[70.76693972708676,38.445487133324605],[70.7617049200461,38.439966780742395],[70.76008687960586,38.43292358905245],[70.75682640731293,38.42790817432285],[70.73786311199308,38.41769962533749],[70.72691760726184,38.41489187715848],[70.71202217578286,38.41451116086142],[70.70380478516279,38.416160620016626],[70.69841165157652,38.41993631211119],[70.69607979404731,38.419508009087394],[70.67661578768849,38.40761069877476],[70.67423634343254,38.404564991781],[70.67633027092529,38.39737901293114],[70.67366528112785,38.388717781700336],[70.68118436166901,38.386528680754054],[70.68817996843086,38.38919369932984],[70.69227265266085,38.38619555028447],[70.69465209781612,38.379295116976095],[70.69217748100601,38.36977727969776],[70.68413489700794,38.363781037365015],[70.66581304133882,38.358784160360756],[70.6631956373688,38.35711856287145],[70.66400465758892,38.35416802843184],[70.66262457596349,38.35221685842134],[70.6531067386851,38.349028393045955],[70.643541286801,38.34888560588604],[70.63749746043948,38.352597574718345],[70.6304066532445,38.353549352420714],[70.61860454156641,38.35136025057517],[70.61060954429507,38.34721998141708],[70.6107999172824,38.33280046576891],[70.6147022303237,38.32404403410493],[70.61246551477177,38.31876164033747],[70.60632651495678,38.312765398904105],[70.6044705453794,38.304389684436444],[70.6089439189268,38.29706094720501],[70.60513680631863,38.28340283807057],[70.59861706142829,38.27935776844629],[70.57391827590777,38.27226696125132],[70.56563773309495,38.267317670074476],[70.56321067333397,38.262606336813064],[70.55711928812468,38.25884681093163],[70.55502535973261,38.25166083298109],[70.54479364601002,38.24361824808375],[70.54301268258928,38.236154381419624],[70.53703660665411,38.22443978726642],[70.53732215129628,38.210020273416944],[70.52709046635198,38.199407871276264],[70.51704915259637,38.193744732433515],[70.5173822848646,38.1872250154222],[70.51014872018732,38.17856381207031],[70.50872102485545,38.17071157228128],[70.505104255557,38.168379684175136],[70.50248685338562,38.16162200924839],[70.50272478342208,38.152722847081805],[70.50005979362464,38.14606034380989],[70.50129711596918,38.13463895112676],[70.50519942901047,38.12949931484155],[70.5057229036891,38.122360922718485],[70.49921941134681,38.119449005167496],[70.4926521094074,38.12149534863147],[70.49093889641301,38.120733914238826],[70.48008856423593,38.11454729981807],[70.47747113238688,38.109217320223195],[70.46657321258374,38.104077684837364],[70.45322015798394,38.103042387995856],[70.44472976286829,38.09927117992106],[70.44001842960688,38.101983756445236],[70.43145237003091,38.099366351575895],[70.42012614900261,38.08889670781684],[70.41593829131915,38.07538138584232],[70.40642045404076,38.0757621030387],[70.39602244667861,38.06610304971605],[70.38343485183702,38.0628654282969],[70.37841443867546,38.055395447142246],[70.36577925890572,38.05548910523805],[70.36368530083604,38.05039702690135],[70.36687379498971,38.048493470597236],[70.36834904737071,38.045352591948586],[70.36730209801345,38.03869008867673],[70.36473227987085,38.03673894744452],[70.36273355191196,38.03055233302382],[70.35868845261007,38.02736386764843],[70.34912300072597,38.02412778856666],[70.34492351840572,38.017562028065186],[70.33635745793038,38.014230805207546],[70.33422759712596,38.00556800286108],[70.3288024170979,37.99852478239285],[70.31909423561052,37.99904828584977],[70.31319316583199,37.997668176345314],[70.30667344882067,37.99428936766026],[70.29920192622797,37.987817208597335],[70.29030273618241,37.986341955317016],[70.28844676570571,37.97377841104486],[70.2859245342899,37.96973331174297],[70.28368784841552,37.969114665409506],[70.27678738542954,37.973207321760526],[70.27164777792268,37.97258867542706],[70.2642714269848,37.97906080481232],[70.26160643718737,37.97891804643075],[70.25951250789598,37.97268384618263],[70.26607981073471,37.96240457541086],[70.26665090091842,37.952458435108724],[70.26784063743554,37.95022171955674],[70.2756928493456,37.9452248704315],[70.27464587031074,37.94260746556216],[70.2698869800002,37.93908587061651],[70.26555633605614,37.93742024524818],[70.26108296340811,37.937705761112056],[70.25413494157436,37.94374958837284],[70.24866217571889,37.944701366974584],[70.2413810252142,37.943654416718005],[70.23524202629852,37.9395617315887],[70.21387446363565,37.932185437308135],[70.21277989877336,37.931281216654895],[70.21439793831428,37.92328624726258],[70.21287507132752,37.920906773328966],[70.20016876867379,37.92966317711398],[70.19869348841382,37.93470764084498],[70.1915551232704,37.94470139575287],[70.18622511489718,37.946795295366655],[70.18289389203954,37.94555800090109],[70.17847950142789,37.934278823409045],[70.17142485507304,37.93032943895247],[70.17837287510815,37.91410151167548],[70.18018128763634,37.90272767604148],[70.17746871201149,37.89758806943394],[70.18317940790342,37.88692808056652],[70.17599342995288,37.879218627937405],[70.18597478860568,37.848737195365345],[70.19012742793848,37.84447847290323],[70.20559394960117,37.841670724724224],[70.22025142226539,37.83319983770241],[70.24956636759384,37.83348538234458],[70.25432528668267,37.83201010028597],[70.2640334969484,37.82606147255899],[70.26898278812524,37.81820923366928],[70.27978553357559,37.815639416425995],[70.28016625167123,37.80888174059993],[70.27770303107008,37.80317052939648],[70.27365795964715,37.799482353927544],[70.27759643442795,37.792891773036956],[70.27697775841688,37.78632447019817],[70.28068972634986,37.778567430842315],[70.29727409182595,37.76854936815886],[70.28668596778323,37.751536729336635],[70.28782808969464,37.74825309230641],[70.29853566438948,37.73607023555297],[70.2997725298784,37.729050294935234],[70.29644127824247,37.722625749578754],[70.28832920003259,37.71830547481784],[70.28735422881465,37.71544537080729],[70.29058828082458,37.708135370950686],[70.2935864010916,37.705137250683606],[70.30172415764383,37.70313849394637],[70.30396084441747,37.69733262639966],[70.30267593624552,37.69128879734018],[70.29696523855495,37.690146646650476],[70.28559140292094,37.684245577771264],[70.28771112476863,37.68106213960613],[70.28730461501601,37.67810657795627],[70.27764401935605,37.67368076055868],[70.276394014772,37.66491893116381],[70.27820239942128,37.65939860556125],[70.27242309335111,37.65012915383744],[70.27058814632596,37.64907172108309],[70.26578164140966,37.6500235275638],[70.26221245973727,37.64693023474257],[70.26054680469133,37.639744256792085],[70.2649726211896,37.63579432914503],[70.26370733532531,37.62694295335467],[70.26832123963356,37.62155907559094],[70.26625547441068,37.61036358720986],[70.26252448221913,37.608307733415245],[70.25894578841746,37.60975445120698],[70.25125535824822,37.608612301416656],[70.2514076566381,37.61401842930712],[70.24979401568135,37.6159398371538],[70.2421182381662,37.61104887240759],[70.23339988020035,37.61123921571726],[70.22662315313607,37.6073559548135],[70.21581089555644,37.605909236122386],[70.21413575805883,37.60240666363666],[70.21512561125803,37.59540151776588],[70.22203175706,37.58876951859844],[70.22282363889985,37.58401819878088],[70.22063073921731,37.58279992767456],[70.20704686641983,37.585297395358566],[70.20351384468825,37.58316539057034],[70.20357477015955,37.57908413132765],[70.20930069067441,37.577013052910104],[70.21228547219687,37.57366277881425],[70.21353422042796,37.57113483400542],[70.21243777058669,37.56717542390675],[70.20275241119487,37.56894193432288],[70.19544269732268,37.56370332764652],[70.18953403007151,37.56559163144868],[70.18310757185702,37.57110438565894],[70.17959991640305,37.57196739038284],[70.17874330855688,37.565971148949416],[70.18288358041298,37.557309916819236],[70.17848155727808,37.549719429208324],[70.17362746743373,37.54600748915436],[70.17391301117658,37.533539088658074],[70.1708672763038,37.52963677561678],[70.16496623530355,37.52830428071803],[70.15525802503788,37.536394451442845],[70.15047531258568,37.532468345038126],[70.14481220342049,37.52318846657454],[70.13155860394647,37.52292671439642],[70.12603825136426,37.52597242139018],[70.11637762692601,37.52345018997431],[70.1110714406945,37.524568547300646],[70.09807956462026,37.532849062234504],[70.08220859085384,37.532492138401494],[70.07514157702224,37.540368142775606],[70.06533819510167,37.541891010661686],[70.05739078275849,37.54774449371348],[70.05422611164579,37.54724481059958],[70.04913406208738,37.54224793359532],[70.03952105225483,37.550480862701704],[70.03333443783407,37.551099538712776],[70.02424490357947,37.5471020252383],[70.02115158198,37.54733998405305],[70.01180032432558,37.553455191404],[70.0006168616789,37.555453947241915],[69.99861810494167,37.5587851988779],[69.99945091762578,37.564281729318395],[69.99654799779194,37.56713709210317],[69.96183163522187,37.56363928962156],[69.95071955176599,37.56875513344272],[69.95171891529577,37.57384715332353],[69.95012469699725,37.58010517481404],[69.95164753610499,37.58814773093309],[69.95086230924824,37.590836513194574],[69.94600821940384,37.59521474386537],[69.94422362811798,37.605898525196835],[69.94070203227301,37.60780208240021],[69.92944716165727,37.608301762816154],[69.92583039325808,37.609967389083806],[69.91445655762408,37.620246659855525],[69.90229752301235,37.61870000040477],[69.88576025862909,37.61068123674971],[69.8663676602394,37.61256099969046],[69.85599321691348,37.60480396033455],[69.83812345763153,37.60259106602496],[69.83169891317436,37.59668999714569],[69.82915288839513,37.58762425535514],[69.82232386215657,37.57427548422629],[69.80885609723117,37.56789852559655],[69.8027884784056,37.56882651083487],[69.7763050440426,37.58460234172475],[69.76731071022118,37.58598242155159],[69.75519926143681,37.58524481019987],[69.74665696734525,37.58893295778984],[69.73609215103198,37.58717215986735],[69.72283858033626,37.58034310485044],[69.71075092581464,37.57915336833332],[69.70633639131148,37.57638497988296],[69.67822352119862,37.57494303209529],[69.66259047656928,37.57682279503604],[69.6514783931134,37.57480027371372],[69.64081840514535,37.57679900167267],[69.62309143302326,37.57525234132254],[69.62042641444754,37.573539158005815],[69.61785659630493,37.57720351133304],[69.60478742889677,37.580731076877726],[69.60044490221054,37.579838767745],[69.58875578764952,37.58254540244843],[69.58149843140757,37.579511577297524],[69.57775078557034,37.58177208621288],[69.56671605100502,37.579303382445175],[69.56237352431873,37.580195691577956],[69.556900757564,37.58424076210156],[69.55190388055968,37.582039751433456],[69.54720445881878,37.58382436969896],[69.5387871273241,37.591706344672104],[69.52867440739806,37.58873198809084],[69.52825801499546,37.58647153673206],[69.53060772586593,37.58382436969896],[69.52210116363784,37.5792438850973],[69.52239859102224,37.575853164891726],[69.52037604092163,37.57322385030051],[69.52147060578386,37.57217690004393],[69.51575988021438,37.56579994141424],[69.51804415371475,37.56361083956864],[69.51664027962528,37.561302775402794],[69.51131027125206,37.559161260283986],[69.51328523462593,37.54733532826282],[69.50405294198976,37.543575773603095],[69.49712868743904,37.53779369762111],[69.49750940373605,37.53203541500244],[69.49327396022517,37.530512547116416],[69.49225080333196,37.52839482536098],[69.49320258103432,37.522636542742305],[69.4895382277071,37.52101850320139],[69.47783126070419,37.52235096932185],[69.47066910399599,37.51785380241108],[69.46681437678211,37.51309488332225],[69.46105606628447,37.51166721676867],[69.459652192195,37.50650378801947],[69.45403666705857,37.50717002107967],[69.45574987915364,37.501887627312215],[69.45908110201128,37.501887627312215],[69.45884317197488,37.49693833613537],[69.45420321880357,37.495344117836794],[69.44892082503611,37.48896715920711],[69.44463779479844,37.488015382404],[69.43626208033078,37.4888244017248],[69.4348582062413,37.487468084684394],[69.43547688135305,37.48356577344174],[69.43171732669333,37.479377942737926],[69.43074172774857,37.47326270840733],[69.42584005027817,37.46897967816966],[69.42507861678479,37.46598155790264],[69.41991518803553,37.466005350366686],[69.41601287499424,37.45820072518336],[69.395954014766,37.45146684272066],[69.39060024270708,37.44335288043112],[69.39112371738571,37.438784333430306],[69.38460397159605,37.436166900682],[69.38270041619131,37.43231217436738],[69.37829842093544,37.43114625909266],[69.38072545281744,37.42886195771325],[69.38120137044695,37.42357956394579],[69.3797498817517,37.417511943321585],[69.37358708857334,37.40668540360855],[69.3748244118172,37.40330656614515],[69.37372984695492,37.40087950638417],[69.38293834622777,37.39581125018907],[69.38546057944222,37.39152822085077],[69.38032097103604,37.39067161480324],[69.37701351276348,37.3871262255949],[69.37437228665175,37.37834600056755],[69.38167725929816,37.373753662001945],[69.37908361991316,37.360785579291075],[69.38712623268952,37.362070486563766],[69.39093334439838,37.3610711239333],[69.39426459603436,37.35873926460545],[69.39573987809297,37.354361034833914],[69.39393149434306,37.35026837758363],[69.38805418914956,37.34905484770309],[69.38634100583283,37.347198878125766],[69.38719758310202,37.341202607914056],[69.38198656942467,37.33285071378947],[69.37960712337008,37.324617785582404],[69.39176615708254,37.31540925843058],[69.39902351512319,37.31847878576741],[69.40316378607992,37.318145655297826],[69.40730402915767,37.31129280781687],[69.40687572613393,37.309008506437465],[69.40054635423093,37.30696216297349],[69.3988569633782,37.30370231930664],[69.41413311205355,37.29123394758864],[69.40651880230092,37.277052334997336],[69.40973111769699,37.272317238050164],[69.41715499780497,37.26950946109281],[69.4201293525876,37.25949194159989],[69.41282441141749,37.24105109303355],[69.42010556102287,37.235959042575814],[69.42557829899937,37.23438861764066],[69.44968222975115,37.23807676523057],[69.45372732905304,37.23584007755761],[69.45391770204037,37.233032330277865],[69.43423955900852,37.20992776305587],[69.42400787406422,37.200314724445036],[69.42303227422013,37.19248630589834],[69.41313371974542,37.18449130772774],[69.41080186041756,37.17797159161569],[69.40161715540745,37.166169452957945],[69.39397908017048,37.163528255624556],[69.38369980760012,37.16738298283843],[69.37718603330887,37.16748412419304],[69.37165377010547,37.165580540009955],[69.36427744704662,37.15998880823696],[69.35820979944276,37.152671983425364],[69.34658018043103,37.14681255765345],[69.33356453977177,37.13568859055607],[69.32744933332015,37.121721145214735],[69.32259521379814,37.11705739868006],[69.3094844023833,37.11465413138313],[69.29818194504077,37.11501105521609],[69.28576115915024,37.111394258937935],[69.27888451830592,37.10456523359869],[69.2613479182719,37.10059151258827],[69.25958709157106,37.094690471588024],[69.2566476385777,37.0932655470674],[69.2513065784359,37.09340553463778],[69.23907616463333,37.09973490744005],[69.2350786799372,37.10582634930665],[69.22344309212508,37.11227468622786],[69.21811308375186,37.123410563946436],[69.20362218981228,37.13428468858757],[69.19132036893996,37.14078061223552],[69.18384887512553,37.14168483288876],[69.17687703384809,37.145372979579406],[69.1686441047417,37.145801282603145],[69.1656935703021,37.15032227165557],[69.15458148594689,37.15719888372155],[69.14672927493615,37.159197639559466],[69.1303823826409,37.168263410128304],[69.12595656704201,37.173403016735904],[69.11717636989363,37.17418827237094],[69.11427342128144,37.18146939409729],[69.1104662807943,37.18289709032848],[69.10435107434267,37.18953577055942],[69.1039703571463,37.19377121496967],[69.09978252824112,37.19748318380192],[69.0998062928262,37.20326525978396],[69.09045503517177,37.217423050233606],[69.08836107800141,37.224228340665434],[69.07196659987875,37.2370536074381],[69.05614318316145,37.241883905717714],[69.05024211338286,37.24616693505607],[69.04400794191304,37.248022933411676],[69.02851762778636,37.258659128915724],[69.01602546270499,37.2752439791264],[69.01504989163925,37.27907488419862],[69.00829221581319,37.28673675189964],[68.99865541441591,37.29247126993323],[68.99679944393927,37.29884819978463],[68.99303986140052,37.3028457132591],[68.98237990131145,37.30498722837797],[68.97302861487873,37.311625910407486],[68.97276689057958,37.31993024568436],[68.96596160194645,37.32050130708973],[68.94904364824583,37.32709240239251],[68.94514133610386,37.326616514440616],[68.94004928744471,37.32114377556485],[68.93262537765912,37.3204775137263],[68.92103737657374,37.32549818499331],[68.90987773427008,37.33380249239116],[68.90469048427849,37.33451634005712],[68.89702861657747,37.33161339144493],[68.89460158559473,37.32837734024213],[68.90043124740419,37.30936543027042],[68.90664165518831,37.299157537790165],[68.92360719381702,37.29118633298293],[68.92841372841087,37.281002261745016],[68.92677189460733,37.27593400644929],[68.9127806550033,37.26774866317032],[68.90309626597997,37.26701102214099],[68.89567235799296,37.27043744633113],[68.8713542321122,37.3017035625694],[68.84544191671114,37.31576618136421],[68.83632858909317,37.31788390311971],[68.8225753083039,37.3145526505844],[68.81822087099647,37.311483152025914],[68.81255776093195,37.3035357675617],[68.80901237172361,37.29456519922462],[68.80994035696199,37.28359587325099],[68.8124625883778,37.2792652571859],[68.8179353263543,37.27312625737096],[68.8305226918688,37.26782004236111],[68.83720895972579,37.25704108937481],[68.83497227295209,37.25133039258361],[68.8230987551035,37.244453751739286],[68.81205807871743,37.24264536798938],[68.80568112008768,37.24588141919219],[68.79568736517979,37.26306112327228],[68.79276065198258,37.27902729837115],[68.7876686024241,37.28564221581564],[68.78152960260911,37.288212033958246],[68.7755333323974,37.2883547914405],[68.76722902499955,37.28357207988762],[68.7544037294486,37.2806929246388],[68.73760474166556,37.269842591562394],[68.73253648457114,37.26886702139598],[68.72206686959044,37.26977121327093],[68.68642255056034,37.28028841407911],[68.68209190841492,37.28047878706644],[68.67671434119393,37.27671923240672],[68.67457282607512,37.26867664840864],[68.67911760759159,37.25989645215958],[68.6897537743173,37.2474994587331],[68.6899441194256,37.24373990407338],[68.68056903962952,37.237362945443635],[68.6767381345573,37.236434961104635],[68.66317519797707,37.24661906022152],[68.65705999062612,37.24811810596589],[68.65239624409145,37.24088454128861],[68.65394290534084,37.222015417577495],[68.64968363968825,37.21214065556683],[68.64635241683061,37.20842868943254],[68.64237872459853,37.207024814443685],[68.6298151524474,37.2070724002711],[68.61427725159393,37.19586514426106],[68.58470058286565,37.19041617086964],[68.57358849940977,37.19043996333369],[68.56697358106595,37.188012932351],[68.55881206082802,37.18194531172679],[68.54504569760093,37.16636365256056],[68.54108505902832,37.16431351125959],[68.52649896555488,37.16243372043988],[68.50801055904014,37.1659791087489],[68.49925412557747,37.16126777458817],[68.48124160881326,37.15762721462431],[68.4758301956071,37.153907448669884],[68.4695008237041,37.14572207841127],[68.45905500118744,37.14108212434064],[68.44618211890969,37.14096315932238],[68.42757471859846,37.14491308607012],[68.4212691679378,37.143794728743785],[68.4135120998036,37.13894063800012],[68.40839628655942,37.128018897853906],[68.40968116685241,37.124735232045396],[68.42084086491406,37.114479783415334],[68.42255407700912,37.11010158062351],[68.39949709561455,37.101321355596156],[68.37194291943024,37.099132226770905],[68.34869559382668,37.10691308736915],[68.3384163230549,37.1074365629471],[68.32687593567596,37.110553648232326],[68.3121470550426,37.10972083644748],[68.29541947522864,37.10517608281003],[68.29284965708604,37.101511699805144],[68.28709134568913,37.07586110780392],[68.28782895794012,37.06413037711525],[68.291136417112,37.055635696730064],[68.2894469983803,37.04533263259498],[68.28483086555207,37.036718987191534],[68.28268932255423,37.023346394820294],[68.2727431822521,37.01249606264321],[68.26120282365144,37.00757059270876],[68.25544451225448,37.00728504716727],[68.23681331857983,37.015779727552456],[68.22879452794518,37.02279912677835],[68.22284590111752,37.02574966121796],[68.20845017973204,37.026058999223494],[68.19241259756336,37.02310846388457],[68.18120534155332,37.01651736858173],[68.1738289906155,37.009902451137236],[68.1489398321076,36.99495943383084],[68.1445616302151,36.989914998878135],[68.14001687657765,36.97856495570818],[68.13537689642669,36.972306962096695],[68.12155223644663,36.96190872630672],[68.10703754914363,36.95662633343858],[68.096972415045,36.95612665032468],[68.08490855298737,36.94925000858109],[68.0626130059855,36.9434679056194],[68.0593769260044,36.93609158256055],[68.05504631083863,36.9324747862824],[68.02975261389207,36.928786639591806],[68.02411332506995,36.923813555051595],[68.02057202597825,36.92282672537311],[68.00431618824155,36.93218927041852],[67.99910517276555,36.936829223589825],[67.99710641602832,36.94539528316585],[67.99803440126664,36.95212913685026],[67.99503630887858,36.95574590524939],[67.97278834770412,36.966810402877854],[67.96001063798059,36.96835706322793],[67.95401439744654,36.97045099341864],[67.94901752044228,36.97830320442938],[67.95008826226353,36.99312725671757],[67.94259300296477,36.99943283615653],[67.92291483115457,37.0089268800715],[67.91004194887688,37.021990106558235],[67.89819225317001,37.02998510472884],[67.89236256258226,37.04271522862496],[67.8940043667082,37.04982980040501],[67.89914400209409,37.05477909068253],[67.90054790496191,37.06184610361487],[67.90054790496191,37.06460626596646],[67.89731182498082,37.0677471733934],[67.89069693631461,37.0698410739065],[67.87887103307179,37.064534886775675],[67.85876458701614,37.06241716502018],[67.83918158686078,37.06439212839405],[67.81336444401393,37.07069767995404],[67.79744585474248,37.08119111617714],[67.79335316961317,37.098465993710704],[67.78738072244244,37.10453361343559],[67.78462055919152,37.11405145161325],[67.78890358942914,37.12989868957294],[67.78635756375064,37.141819793248885],[67.78835631958856,37.14900574332046],[67.79268693655291,37.153907448669884],[67.79190170969622,37.16777969357804],[67.77667317562663,37.18196127829043],[67.76054042090374,37.19205020575242],[67.75413966980994,37.20297191712035],[67.74179026221088,37.2091823240051],[67.73660304099758,37.21513097961105],[67.72277838101752,37.21943780231277],[67.7154496446854,37.22386359003269],[67.69886479357541,37.22498191858074],[67.68613466967929,37.228670094948995],[67.68242270174636,37.23223930539967],[67.67890110590139,37.23281036680504],[67.6612217187074,37.22945532180569],[67.65113279214472,37.22322115033586],[67.6445892826693,37.223054570711895],[67.63497624405846,37.22876529538212],[67.6291941689758,37.236022653422765],[67.6189148973047,37.23925870372625],[67.6064227322234,37.23742652661298],[67.59647659192126,37.22914598380015],[67.58874334592872,37.22545783710956],[67.57306268669367,37.223578045390525],[67.56554357737423,37.22943152844232],[67.54641273116266,37.25275026201501],[67.54189174211024,37.25703326257508],[67.5358241223854,37.259293770591114],[67.53568136400378,37.26647974944092],[67.53334947589764,37.26947787060732],[67.5210476838036,37.27297567308892],[67.51600319219364,37.278067722647336],[67.50298755243364,37.28156552512894],[67.4988948951833,37.281375153040926],[67.49332695587435,37.27547411204068],[67.48069200543176,37.269025745441866],[67.4723876971346,37.25862750965189],[67.46603453186822,37.2465160617669],[67.4599192966383,37.2409243299939],[67.44921175072176,37.23473771557315],[67.41920675019145,37.22676653864488],[67.40350229759304,37.21939021558603],[67.3790890009567,37.217914934426744],[67.34906023584125,37.20768327826073],[67.32512285593509,37.20273398708389],[67.30879975700321,37.19026561356725],[67.30435460328238,37.18842792540846],[67.28333950921103,37.18603017095569],[67.27199395096011,37.18194391238171],[67.2650443598094,37.1826524756313],[67.25900053344793,37.185079535392276],[67.25535997168538,37.18891049802113],[67.24900680641906,37.20073640126395],[67.24781706900256,37.210730127393504],[67.24141631790877,37.22293677661099],[67.23168431517905,37.23347777078254],[67.22195231244933,37.2391171171613],[67.21148269656925,37.24297181469757],[67.21010261584308,37.248492196058066],[67.19827668382197,37.25308453642225],[67.19542134981549,37.25717722065224],[67.18509446443807,37.26031809930089],[67.16636812698755,37.258343164705366],[67.15325728589511,37.26107953369359],[67.14328732435058,37.264862852039016],[67.14033681778994,37.26938384109144],[67.12851088576883,37.271549148674296],[67.12470374528169,37.27421416725008],[67.12227668641998,37.28211396498756],[67.11106943040994,37.288609888635506],[67.11021282256377,37.29060864537274],[67.11114083658038,37.307669384434575],[67.11378200513548,37.314879155748486],[67.11204500057636,37.328227898099044],[67.1032648043273,37.334343133329014],[67.0967926731434,37.335009366389215],[67.08967810316199,37.339078259054475],[67.08682274037722,37.34231433903557],[67.08729862922843,37.3499761779583],[67.07023788926722,37.35961300813386],[67.05945893628092,37.37277143505372],[67.04463488399279,37.380599853600415],[67.03276139402317,37.378386960190085],[67.02376703232272,37.374912950172586],[67.01065619123028,37.37369942029204],[67.00761048423652,37.37579334958349],[66.99932997020204,37.37760173333339],[66.99131114988973,37.384811504647246],[66.97919970200468,37.386262964564196],[66.95809389241924,37.39604255402071],[66.94838568125425,37.3986599858697],[66.93560797243003,37.39430554856227],[66.92392482666946,37.38695301976611],[66.91450216104596,37.383621768130126],[66.89972572336347,37.37317594561347],[66.87433685476208,37.36715588203839],[66.85030430230177,37.35368814589128],[66.84611647339659,37.3538309330512],[66.84088163667826,37.356543508676054],[66.82144142368281,37.35666247369426],[66.8000976831616,37.363586700366],[66.76892673857816,37.36115964060497],[66.75029554580283,37.35423544271157],[66.7416343136727,37.35647212858589],[66.73727990514357,37.36158797240705],[66.7316167950791,37.36425296220449],[66.71926738658067,37.358803988813065],[66.71008265279227,37.35661488786684],[66.69392610470601,37.35778083191991],[66.6719161023463,37.342242931066494],[66.67208268197027,37.33726987530457],[66.66734755714413,37.328584821932054],[66.6556406189195,37.32296932557398],[66.64452850578596,37.32865622990113],[66.63037074321528,37.328680023264496],[66.62527866577784,37.33029803402712],[66.62256608925367,37.33296305260285],[66.61925863098111,37.34164807719708],[66.61021668255393,37.34964304658939],[66.61005013170825,37.35675764624841],[66.60571948686487,37.362611129300205],[66.59284663336547,37.36934501176296],[66.5827577068028,37.370201617810494],[66.57502445991094,37.369416390953745],[66.56005764924117,37.36239696384888],[66.55089670701744,37.350999363629796],[66.54632816181527,37.3478108685768],[66.50416409789483,37.33177331608573],[66.48886418463445,37.3317971094491],[66.47670512214376,37.328680023264496],[66.46309459973605,37.33467626469792],[66.4503168891132,37.337222288577834],[66.43630188492409,37.33810268798874],[66.4240714720209,37.345383837594056],[66.41738517538562,37.347453974421455],[66.40953293559653,37.34488412839988],[66.39613657864027,37.33291546677543],[66.38792744289725,37.32832309943154],[66.37369827325676,37.332606128769896],[66.36701197662148,37.332915437997144],[66.35554299721161,37.329203497943126],[66.34371706519045,37.33389103784117],[66.3395292084063,37.33298684596622],[66.32208775124877,37.322112720425764],[66.31732883305926,37.32130370020565],[66.30259998030488,37.326419543127486],[66.2965323318017,37.3298221739542],[66.29115476458077,37.3352949119307],[66.28339772612424,37.33572324283347],[66.26928749272366,37.34488415627885],[66.26150666000439,37.344765161582984],[66.24998978090372,37.36223261184563],[66.24737240571199,37.36366027839921],[66.23107307136519,37.36791951527346],[66.22222146714705,37.36425516104691],[66.21353644255282,37.36784813608267],[66.19592843544899,37.370655913040025],[66.18034297664713,37.36715811055842],[66.17008746956111,37.36851439792116],[66.16418642856087,37.37417748010665],[66.1604982539913,37.383481180711954],[66.15899917856927,37.39359390063805],[66.15585829992068,37.39887632228448],[66.1453410991125,37.40225513186891],[66.11250452826141,37.404349060260984],[66.10636552934574,37.41343862329387],[66.09758530431839,37.42164775903689],[66.09166044117649,37.43195082317203],[66.07136365091179,37.44901156313318],[66.06108438014007,37.44929707899706],[66.04278631693501,37.453746687959324],[66.00699924042266,37.446608295836256],[65.99912320816958,37.44620378617583],[65.99227036068868,37.45277108901462],[65.98039684194077,37.45717311214946],[65.97816018394536,37.46307418192799],[65.96792847022277,37.46521569614754],[65.9540562244153,37.472663398397174],[65.9221714321659,37.47352000444471],[65.89083393673684,37.476875019766396],[65.85476131558232,37.49062832933396],[65.84038935878192,37.4875826223402],[65.82304310295689,37.49645801992176],[65.79972439816248,37.52372662268556],[65.79230046139725,37.526677158024484],[65.7828064165829,37.52722442606648],[65.76555533331202,37.53410106601143],[65.76384209243867,37.53767024858314],[65.76755406127097,37.543333387425946],[65.76786339927651,37.54973413941906],[65.76077259298086,37.55092387593618],[65.75891662340348,37.535742898915714],[65.74371185301965,37.5403352662596],[65.73309947965731,37.53938348855718],[65.72603246672503,37.54121566567051],[65.71603874059548,37.53712297964182],[65.70625915113897,37.538622055063854],[65.7006436260026,37.53381555014755],[65.64667745310203,37.44196834266495],[65.64332240810273,37.342863778040964],[65.53134496120106,37.238072337868175],[65.26803640825369,37.232823162359125],[65.22901325265951,37.25114501802824],[65.19182635800007,37.23657280559058],[65.1331685883597,37.24633851311194],[64.99035329856594,37.21859399271864],[64.75573844557289,37.112850746065135],[64.79848539608423,36.92333232512675],[64.70757808356177,36.796043054343556],[64.61935955509944,36.637987348637296],[64.62270437480709,36.60484655332584],[64.61931602521446,36.58326008398575],[64.63640849865334,36.441771349068574],[64.59000899122202,36.378572853854166],[64.60209824563759,36.376637221430656],[64.5899614053946,36.37852526802675],[64.58011046642497,36.35173255411411],[64.52857132270844,36.3065703699267],[64.4943070862031,36.27982521306319],[64.44609919502187,36.242848400033665],[64.44176857895678,36.242420097009926],[64.44024571107076,36.24089725790219],[64.4323459142326,36.24303877212168],[64.42958715122609,36.24151242026204],[64.42711110629256,36.24194420815871],[64.42511234955532,36.23842261231374],[64.42173353997094,36.240468954878395],[64.42011550043003,36.23594796672535],[64.41569571118816,36.23579666658293],[64.41359575643907,36.23761359209368],[64.40408328811333,36.23105765758487],[64.39467761787785,36.233300513707775],[64.39330293488257,36.2312023576028],[64.39065776794172,36.231141461809045],[64.38989633444834,36.227715037618964],[64.38390009301492,36.231379420623796],[64.37847494086589,36.23195048112984],[64.37761830604006,36.22985655273777],[64.37419188274924,36.2281909255708],[64.36362709521433,36.22942824971403],[64.36357948060862,36.226001826423214],[64.35875515202872,36.22537803776629],[64.35696459194241,36.22685843157143],[64.35677424773343,36.22371755292278],[64.35477583363786,36.22299045194785],[64.35563209704372,36.22029110085367],[64.35106352216388,36.21857791843621],[64.35086886480633,36.21684056943678],[64.34598515489103,36.21854084298559],[64.34378237165919,36.21239130311619],[64.33621567741164,36.21224854473462],[64.33592830444775,36.20978632417956],[64.33339598893377,36.21000337465608],[64.33296188798079,36.20855634210153],[64.32465149666928,36.20601434358713],[64.31613305169901,36.2080606870511],[64.31265901380249,36.20330176886159],[64.31408670913436,36.19982775884404],[64.31137413440882,36.1989711527965],[64.31245027486034,36.19607574499969],[64.31020738995915,36.195135163856776],[64.30995414986415,36.18931090067758],[64.30790009471366,36.18888222623383],[64.30669833336145,36.18496980211472],[64.30404539717739,36.18350463203319],[64.3006665309357,36.178031894056744],[64.30047618672671,36.1707507147737],[64.29500341997192,36.16703877471974],[64.29009368817322,36.15953828856124],[64.2876337527955,36.15961063901983],[64.28838853130571,36.15771128165039],[64.28441412501189,36.15183286309622],[64.27777612916509,36.15166745438955],[64.27596774541519,36.15442764462017],[64.2690673112075,36.15485594764391],[64.26664025234584,36.15704504859019],[64.26635470680435,36.16185155440576],[64.26455223609685,36.1624959923962],[64.25693204208011,36.15966245256021],[64.25526641581251,36.16066181609],[64.25089412696246,36.15824863826407],[64.24946054736643,36.15875826068526],[64.24217939686173,36.15461798882916],[64.24140008214812,36.150670061274354],[64.23718251985747,36.15033495859154],[64.23280431796496,36.155712553691444],[64.2262845721753,36.156902261430275],[64.22452380303116,36.16037627144783],[64.22038353207438,36.163422007219935],[64.2152438679102,36.162660572827235],[64.21124641109304,36.1671815618796],[64.2017285738147,36.16532556262467],[64.20091955359459,36.16380272441626],[64.19684466335059,36.16516098219364],[64.18943266508546,36.15874834925694],[64.18193734912944,36.161746440745674],[64.16940356792037,36.16287073989281],[64.16065901809924,36.16053888056496],[64.15757760712091,36.14613124855833],[64.15399654360567,36.147297164732436],[64.14775046061533,36.14671419270587],[64.14591828440138,36.143632811405155],[64.14183750899389,36.143882651163494],[64.1372986683989,36.139593680903715],[64.12880398891303,36.13626242926773],[64.12392019176349,36.12906256938214],[64.11248088998116,36.12310400234787],[64.10802536797638,36.12292356956715],[64.10373636893831,36.12460307687053],[64.09955450883359,36.12987158870288],[64.09361770719147,36.12964157090181],[64.08745491491243,36.11956455406096],[64.08395711243082,36.117066116008516],[64.08395711243082,36.11331847196993],[64.08062585989558,36.109320987273804],[64.07621195491782,36.106572678886096],[64.07247622239981,36.107742593446005],[64.07150656257784,36.10594809073183],[64.06809801960799,36.10574386458774],[64.06426111695703,36.10253354928392],[64.05805667887267,36.1030788747903],[64.05968066023433,36.09828622303081],[64.05781874883627,36.092656816858664],[64.0605134729185,36.08729310369381],[64.05715251577601,36.08266309072911],[64.06038853820053,36.07467603267281],[64.05624829512277,36.07038506232084],[64.06001379070392,36.064307530268366],[64.05709893057127,36.05822799902296],[64.05918097801975,36.05148223471741],[64.06076328479782,36.05073271184523],[64.05851471618126,36.04731817039732],[64.06138790173031,36.04461153569389],[64.06047182801251,36.03436793922907],[64.06455257374233,36.03012061387528],[64.06395777742955,36.02408075622196],[64.07019194889938,36.0275071804121],[64.0722144702217,36.025873287622176],[64.06975767617587,36.02066821396693],[64.0718396939468,36.017003859740385],[64.06909141433738,36.01408900140632],[64.06805043378057,36.00647274821881],[64.07117346088654,36.00551103030983],[64.07192298375872,36.00176338717063],[64.06892486259238,35.99726622025992],[63.989290274026985,36.03669191509988],[63.882975966867434,36.008947394706524],[63.70542057959614,35.96797306730326],[63.570409944663254,35.9513168379018],[63.53557464675259,35.903156533447316],[63.30533799475273,35.85804196386562],[63.120977346727216,35.86351472972103],[63.11945450761948,35.85404447827011],[63.12521279023815,35.85342580315836],[63.12863921442823,35.850570469151876],[63.12754467744497,35.849809034759176],[63.12311886184608,35.85171261984158],[63.122526063826854,35.84636201699357],[63.115028719899556,35.84895242871164],[63.11322033614965,35.84804823683669],[63.109651125698974,35.842718227564205],[63.11065048922876,35.84167127910632],[63.11417208507373,35.84443146933688],[63.11731296372233,35.842718227564205],[63.117350039173004,35.84145559919659],[63.113220307371364,35.84014841122024],[63.11369619622252,35.838625572112505],[63.117968714284814,35.837124955252534],[63.11126916523983,35.83115407739882],[63.10984146990796,35.82520539301453],[63.1113062110129,35.82018320908787],[63.10930748305395,35.81980249189155],[63.10779512644399,35.82273077620442],[63.10465424779534,35.82087477784876],[63.10041880428446,35.82130308087255],[63.100180874248,35.816734534771],[63.105225309200705,35.81478336386118],[63.10674817618741,35.81073826455929],[63.11617084181097,35.8105479203503],[63.115742538787174,35.8075973859107],[63.12169119439318,35.81002444567167],[63.12107251838205,35.80588417381563],[63.12645011258269,35.80474205190421],[63.130304839796565,35.80164873030469],[63.13316020258134,35.79493864120536],[63.13135181883143,35.79155983162099],[63.13192287933748,35.78622982324782],[63.13525410219512,35.78418350856214],[63.13715974402703,35.780569912071826],[63.142773212413886,35.779472176200045],[63.141155200751996,35.77628368294569],[63.14215456428178,35.77181030939829],[63.13649145421732,35.76947842129215],[63.13720527310494,35.766765845667294],[63.1402509800987,35.76600441217391],[63.1455809875726,35.76795558218441],[63.14615204987723,35.765814067964925],[63.14292825193735,35.760385316729014],[63.14886465428043,35.75981782743082],[63.148008048232896,35.75472577697309],[63.15010194784668,35.75539201003329],[63.15110134105413,35.762958705180154],[63.15343322826095,35.757914270227445],[63.159334269261194,35.756201058132376],[63.159952945272266,35.748586777158096],[63.16597297916968,35.7501809945573],[63.17149333175189,35.74651661155241],[63.171969192724134,35.74356610679047],[63.16987529221103,35.74004448216715],[63.17465800376391,35.73359614434662],[63.177180236079096,35.73226364944793],[63.19012449664825,35.73169258894188],[63.19159977870686,35.72736197287679],[63.19017208157635,35.72279339799695],[63.19221842593964,35.72055671122331],[63.190743143881036,35.71960493442026],[63.19490720820113,35.71391800131477],[63.20133175265829,35.712775850625064],[63.20261666172962,35.710634364284545],[63.20885086197774,35.70949221359484],[63.210040599394176,35.70792178776037],[63.21358595892491,35.70846905580231],[63.211777603953294,35.711990651647284],[63.21458535213236,35.711562350422184],[63.21820211963217,35.71332314744535],[63.218249706358904,35.709325661849846],[63.22519775427298,35.71051536958868],[63.23288338565976,35.70306766913768],[63.238736869610875,35.70378151680359],[63.24349581657873,35.70187793172124],[63.24373374661519,35.69788044702506],[63.24785022510787,35.694335058716035],[63.246184599739536,35.69319290802633],[63.241616024859695,35.694335058716035],[63.24071183298474,35.693002535039],[63.24394788418755,35.69219354359723],[63.2448520760625,35.69000441387266],[63.24851648694636,35.691289351722276],[63.24918272000656,35.68957611084886],[63.24604181257962,35.686197302163805],[63.242805761376815,35.68786292843146],[63.24185124164154,35.68643586082635],[63.247957679703234,35.68091133808781],[63.11210194914571,35.63358738784774],[63.11181643328183,35.62635385194875],[63.106510218272035,35.62504515041343],[63.107319237592776,35.62176148460486],[63.10037121755772,35.619810341574066],[63.09889596517672,35.62176148460486],[63.09489847958122,35.61843023296893],[63.09606439575532,35.61331441882544],[63.10039501092109,35.60755610742848],[63.098515247980345,35.60543838567304],[63.10037121755772,35.603058911739424],[63.10034742509367,35.59299380641909],[63.10629608069962,35.58571265591439],[63.109270409401915,35.58621233812897],[63.10946075271164,35.578312540391494],[63.103535889569685,35.573720173047604],[63.10534430299725,35.565344457680624],[63.10260793400903,35.55984789756246],[63.103672107182035,35.55877621235237],[63.10746202475269,35.559276837056416],[63.10615332231805,35.55011592361103],[63.10839000909169,35.548878601266495],[63.112910998144116,35.551496005236515],[63.1133154790262,35.544143476440354],[63.11788405390604,35.543905516726284],[63.118169599447526,35.54580910090931],[63.120311113667015,35.54400068838112],[63.12302368929187,35.54400068838112],[63.12602180955889,35.546475362747856],[63.13059038443873,35.543905516726284],[63.12733051199359,35.53274584744298],[63.12932926873083,35.5309374627937],[63.124118254154155,35.51544717744531],[63.121905331965536,35.513662586159455],[63.11881203914436,35.515137839439774],[63.117431958418194,35.51409088828393],[63.11295858397153,35.514899879725704],[63.111911604936665,35.51137828388073],[63.11550460875077,35.50854674323767],[63.115552194578186,35.50359745206083],[63.11926416341049,35.502740846013296],[63.11693227530429,35.498695774590374],[63.120144561922075,35.4915335900032],[63.11262545260263,35.490105923449676],[63.1155997804056,35.481706414719326],[63.11874065995357,35.48184917220158],[63.11462418056152,35.47454422923283],[63.114148291710364,35.46821488520885],[63.109294200966644,35.46631130102577],[63.10908006429361,35.446633157094595],[63.10457629905699,35.443086798417085],[63.10091851437801,35.43566385989925],[63.1028696574088,35.4300007210565],[63.099276682373045,35.41765134223573],[63.0935659568035,35.42112532257562],[63.09094855283348,35.41688990874235],[63.087998018393876,35.419316939725036],[63.081644881006525,35.41648537030363],[63.07836118731899,35.41753234843918],[63.07702872119859,35.415010117023314],[63.05701744679777,35.413796615921115],[63.0557325377265,35.41165510080231],[63.053400678398646,35.41427247599404],[63.05025977097171,35.41198820339292],[63.0450725497584,35.41598568808911],[63.041741298122474,35.41465319319036],[63.03702999363935,35.416271232731276],[63.03260417714114,35.41522428157538],[63.032556563434696,35.41317793991004],[63.02702904055781,35.41401575102611],[63.02546904056385,35.412427817190064],[63.018232220340735,35.415367040856324],[63.01575760442995,35.418650706664835],[63.01337812959707,35.41717542460623],[63.02322909824437,35.4068009812803],[63.02351464288654,35.40142338707972],[63.01423473564461,35.40494501170298],[63.00633493880645,35.41089363942996],[63.002750161091114,35.40527411500847],[62.99948209132549,35.4059919619595],[62.993105132695746,35.40361251680429],[62.99124913434014,35.40061439563789],[62.97230863143824,35.39285732840301],[62.96386130755337,35.38759738441183],[62.95503375480399,35.38843153978377],[62.94960857387662,35.383577420261815],[62.93499868703981,35.38057932877308],[62.92738440606553,35.37091870433477],[62.92476700209551,35.37072836012578],[62.92276824535827,35.367777825686176],[62.91858038767481,35.3703952296562],[62.91710513439449,35.36930066479391],[62.913202822252515,35.365588724739894],[62.91377388275856,35.36273336195512],[62.91153719598486,35.3589738072954],[62.907682469670306,35.3583075742352],[62.904969865267105,35.36140086705643],[62.89331054164825,35.35868829143158],[62.895499613816185,35.34983668721338],[62.89131178491101,35.34398320326227],[62.88336437256777,35.34155617227958],[62.88003312093184,35.34626750464167],[62.877432940777624,35.347004174403196],[62.873656191080386,35.33917669924534],[62.8684213831404,35.337415901322856],[62.86251462964651,35.32560068022724],[62.85347833705566,35.31481101541607],[62.85019470002544,35.3152869051666],[62.84158102584371,35.312336369827676],[62.83953471205734,35.31081353071994],[62.840105801341736,35.30924307700644],[62.83106382503553,35.30481728928652],[62.82989131143495,35.302270293239474],[62.82701875361266,35.303294421400494],[62.82311644057131,35.299344523431046],[62.81888099706043,35.30096256297196],[62.8164539372994,35.29953486674077],[62.813429624277774,35.301519312566256],[62.80117781740239,35.30334200812723],[62.798292063827716,35.3001763648474],[62.793652167313724,35.30131437415912],[62.79032745644702,35.29958245256819],[62.7862740743891,35.30110940517494],[62.78225448165904,35.29403736503241],[62.77757354008685,35.28968389899279],[62.775668013368204,35.29101573558779],[62.76320161206479,35.287256839231816],[62.7622022188574,35.282926251945014],[62.75758608692843,35.280784737725526],[62.75749088559593,35.27921428401203],[62.75439759367407,35.27864322260672],[62.753463038888185,35.27381195395856],[62.75054286735951,35.27217109232208],[62.75216090690037,35.26864946769882],[62.748686896882816,35.2646043962759],[62.74803785886013,35.25487145105666],[62.742041617426764,35.25101672384278],[62.732363797950995,35.25042281156357],[62.73078197680684,35.23975142828584],[62.73236377007197,35.25051798501704],[62.724957085001506,35.25201608827189],[62.71156729669343,35.23804961239972],[62.699955531022965,35.23624122864982],[62.693548181603376,35.239500129827206],[62.68574355642005,35.23697789841134],[62.6769395659083,35.23117200118696],[62.67192546508818,35.23138710912781],[62.66935564784495,35.23319549377709],[62.66207372572194,35.230311910266494],[62.65441262963918,35.23167265466935],[62.653175335173614,35.22829381630663],[62.64137319741519,35.22320176674816],[62.6377088144103,35.21496880976281],[62.630713209447094,35.21258936460754],[62.628113028393614,35.20785326941291],[62.623116149590714,35.20937613639961],[62.61734064405556,35.2254860402486],[62.60967012217844,35.23660489380086],[62.60336662826734,35.23540744469784],[62.60239762674911,35.23067326056258],[62.59958984979181,35.22815105882438],[62.58883469016888,35.22567641323593],[62.58331433758667,35.226152302087144],[62.57879334943357,35.2209174941471],[62.575001346335114,35.231570483590986],[62.56404070421519,35.23267201819914],[62.561137755603,35.234861119145364],[62.55276206901431,35.23381416888884],[62.55114402857413,35.234956291699575],[62.548145908307106,35.24218985457816],[62.54348216177243,35.24456932941109],[62.542387625688434,35.24989930900597],[62.543624920154,35.2580370655582],[62.53203726081097,35.26023230707534],[62.52834879935767,35.26227250906908],[62.52539826491807,35.27355117304825],[62.5202586304315,35.273408414666676],[62.51473827694997,35.265698933259216],[62.51141333765548,35.26755507460706],[62.505981873164956,35.2664603667526],[62.50271540239396,35.271242107037665],[62.49989043129841,35.27140965792944],[62.49746340031572,35.27707276889322],[62.49498875472733,35.274360192369045],[62.489563573799956,35.27374151725729],[62.47754421289517,35.27872522728745],[62.32671327469791,35.145345799768904],[62.305767760273966,35.12918865183485],[62.30472706570157,35.131687690634465],[62.298350107071826,35.136494223429736],[62.301538572447214,35.14425126278559],[62.299063925959445,35.148914981441294],[62.30144339989306,35.15971775566993],[62.2997301590197,35.16390561335345],[62.301300612733144,35.168997634133575],[62.29335322916825,35.17908656159557],[62.2923062510327,35.18731948980269],[62.29235386563846,35.196171094020826],[62.29554233011447,35.209067768762566],[62.29135447243101,35.21463570807151],[62.294541908981955,35.22174882205053],[62.29083099775238,35.22738962443168],[62.29492368288169,35.231529896287725],[62.29225866430596,35.23695504843681],[62.293115270353496,35.23862067380509],[62.289308129866356,35.24095256101191],[62.291687603799915,35.2478053806139],[62.29135447243101,35.256228681808295],[62.275479186415396,35.26855843742197],[62.2741729112509,35.27063622658062],[62.275172275680006,35.27468129890286],[62.272221769119426,35.276489682652766],[62.27455362844722,35.28229557987714],[62.27250728588257,35.28562680273478],[62.26641587189505,35.28781593156003],[62.26636825728929,35.295001910409894],[62.15377216315488,35.34106825859334],[62.10670645144165,35.383660624638196],[62.064114085396795,35.43439071935626],[61.9685073520327,35.454140241578955],[61.77950203658975,35.41134479242828],[61.588079116857784,35.436912950772125],[61.450540338365954,35.520708119684],[61.45054627928744,35.52466747312542],[61.447024683442464,35.525524078273634],[61.44754815812104,35.527713179219916],[61.44593011858018,35.52828426940357],[61.444787996668765,35.532472098308745],[61.439791118765186,35.53304318759308],[61.43343335436589,35.53873980279974],[61.42584746498858,35.53899181442074],[61.40990508325302,35.55388727467806],[61.40714492090143,35.554696266119834],[61.401862499255,35.5531734270121],[61.40048241762952,35.554172791441204],[61.38592011841877,35.56902063709276],[61.38920181201405,35.573107895712894],[61.39829331758261,35.576730090621254],[61.4009146911601,35.58220077184819],[61.40024445881477,35.58639068628122],[61.397912600386235,35.587009332614684],[61.39424824615969,35.583059463423524],[61.39253500618565,35.58496301882832],[61.395104852207226,35.59010265421415],[61.39329643967898,35.59176827958248],[61.38339788520432,35.589579180434896],[61.37916246957235,35.59138756328548],[61.375688431675826,35.590292998423195],[61.37430835094972,35.598668713790175],[61.36970604339922,35.603237746424895],[61.36850245372534,35.614706295958854],[61.37421315141586,35.61808513432152],[61.374355936777135,35.62279646668367],[61.365698989916496,35.6254305800573],[61.327432983445476,35.621797072576896],[61.3138386272509,35.62042176275418],[61.28640581457671,35.614411240086724],[61.28270701541646,35.60840065986264],[61.2748944483202,35.60428423802722],[61.27817814290705,35.59705067424926],[61.27018314383707,35.58896050442377],[61.270659033587606,35.58729490603514],[61.2753703659497,35.586866575132376],[61.27689320505743,35.58520097764307],[61.27736909390859,35.57487412014456],[61.270135558009656,35.56940135428914],[61.269374125415595,35.56578455711167],[61.27327643755763,35.55921725517226],[61.27256258899234,35.55307825535726],[61.280843103926145,35.55107949862003],[61.28150936576469,35.548890397673745],[61.282128040876444,35.536041279981134],[61.27432341569312,35.53028299736246],[61.2746158734239,35.52849100825347],[61.28065275971716,35.524715058952836],[61.280176870865944,35.52319219106681],[61.276179386169815,35.52028927123291],[61.273324023385044,35.51505446329293],[61.26721824272778,35.51477460236606],[61.265424225647564,35.511294908633204],[61.26128395379146,35.509058221859505],[61.263711013552495,35.50544142558135],[61.25880930820307,35.498017516695086],[61.260128892434466,35.495047645032855],[61.258952095362986,35.49283029458246],[61.25148057187096,35.489736973882316],[61.25281306676965,35.48483529641186],[61.24881555329523,35.481979962405376],[61.2482920786166,35.47679271241378],[61.24158201739624,35.47484157028231],[61.238321344554436,35.467691896164126],[61.23510988711166,35.46513336001658],[61.234824341570175,35.46170693672582],[61.23801283572385,35.45723356317848],[61.23610925244009,35.44995241267378],[61.22435472658941,35.44633561639563],[61.22178488056784,35.44305197936541],[61.22373605057834,35.439815899384314],[61.23315871620184,35.43296305190336],[61.2268769589046,35.4211133274182],[61.21650251557867,35.42025672137066],[61.213409193979146,35.414355651592075],[61.20855510323548,35.411405145031495],[61.20436724555202,35.41297557086597],[61.19960829858417,35.411167187116064],[61.19784752943997,35.40731245990213],[61.19375484341134,35.406313096372344],[61.186711651721396,35.39941266216471],[61.194325933594996,35.390275513304346],[61.192232004303605,35.38518346374593],[61.194468691077304,35.38480274744887],[61.19732402508373,35.389609280244144],[61.20022697369592,35.38808641235812],[61.19965591318987,35.38485033327629],[61.194849408273626,35.38366059585985],[61.19361208502977,35.3814239378645],[61.19523012457063,35.37918722231251],[61.1997986715715,35.377902342019524],[61.201321538558204,35.374000001099205],[61.19903726595709,35.37204885896773],[61.19494457992846,35.37614151531875],[61.18980494544195,35.37509456506217],[61.18452255077517,35.37024044643948],[61.18542674265012,35.35810520519112],[61.18000156262207,35.35748655795834],[61.17724137239145,35.35862867986975],[61.17590887659344,35.356772710292375],[61.178335936354415,35.35068126842583],[61.17581373371689,35.34735004466887],[61.17590890537173,35.341306188629744],[61.18323761382487,35.3354051476295],[61.18347557263962,35.33093174530387],[61.18646098278816,35.32875546958928],[61.186235734091895,35.322460887060345],[61.191778022937456,35.31912315131245],[61.19118502616806,35.31684536192398],[61.18599780405549,35.315512867025234],[61.18980494544195,35.30885036375332],[61.188186905001714,35.30199751627242],[61.19232717685776,35.30071260720109],[61.18985253037005,35.29866626463644],[61.19018566173895,35.291194769922754],[61.18161960216298,35.29033816387522],[61.17876423937821,35.29267002320307],[61.174861927236236,35.28967190203667],[61.16934157465403,35.289767074590884],[61.16501095858894,35.28595996288203],[61.16710488788033,35.2851033568345],[61.166628998129795,35.28339011596114],[61.16087068763221,35.2812010437932],[61.15796776689899,35.27510960192666],[61.15601659688849,35.27629933844378],[61.156730444554455,35.280154064758335],[61.15487447407776,35.284484680823425],[61.14193018473031,35.28258112541863],[61.14035975979516,35.27958300425229],[61.135600811927986,35.27839326683585],[61.12989011513673,35.27834565223014],[61.12684440904229,35.280439582420854],[61.1227993097404,35.27725111614615],[61.118135591084695,35.2789167424138],[61.11685068201342,35.28191486268082],[61.111425501985366,35.28139138800219],[61.108665339633774,35.28310460009726],[61.100765514017326,35.27739387542704],[61.09181873724498,35.26311711816055],[61.0920090805547,35.2606424725721],[61.09548312024987,35.26002382533932],[61.09819569587472,35.25645464366693],[61.09752943403623,35.246746433401256],[61.10028962516611,35.24155921218795],[61.09653007140571,35.24003634430193],[61.096720414715435,35.238799021957334],[61.10276424197622,35.23370697239892],[61.09895713026742,35.229709486803415],[61.10043238264842,35.22333252907299],[61.098386068862055,35.21833565116941],[61.103953977594074,35.21410020765853],[61.11328150034103,35.21238702434175],[61.11623200690167,35.21314845783513],[61.1189963106313,35.20950749767292],[61.11570853132372,35.20686667175954],[61.113804947140636,35.19891925941636],[61.10676175455137,35.20110836036258],[61.10485819914663,35.19958549157724],[61.10281399876709,35.19679282592824],[61.10442986824387,35.190781503763446],[61.103049786618385,35.187259907918474],[61.09648248377965,35.18392865628249],[61.09529274726253,35.17707580880159],[61.09167595098438,35.17369697043887],[61.0871549907103,35.172650020182346],[61.08576482768473,35.1697260499173],[61.09267534329251,35.16551162805922],[61.092532557031916,35.160562365660724],[61.09486444423874,35.158230477554525],[61.11018817874151,35.16170448757208],[61.115851317584315,35.15918228403524],[61.11456638063402,35.1563268933715],[61.10833220916419,35.15356673101985],[61.10833220916419,35.150711369134456],[61.11851630828107,35.14842709563402],[61.116803067407716,35.1442392379505],[61.117659672555874,35.14071764210553],[61.11961084436501,35.13938514720684],[61.12479806557832,35.139432733034255],[61.12960459927291,35.13543524833807],[61.127320297893505,35.12886794639866],[61.13555322610057,35.12791613901868],[61.131365397195395,35.11949283782428],[61.13248152690102,35.11530349536008],[61.12998528769094,35.111164737962326],[61.13084189373848,35.106691364414985],[61.13693330682668,35.105501626998546],[61.143310294234766,35.10174207233882],[61.14240607358147,35.10012403279791],[61.13441107541087,35.09869636534506],[61.129366611679814,35.09517477039941],[61.13407797282025,35.09022547832319],[61.139609437425634,35.091415386610834],[61.13759956866522,35.087274943883585],[61.14321509380159,35.08251602479476],[61.14407169984912,35.079232358986246],[61.141644640088145,35.074758985438905],[61.13869410474916,35.074663813784014],[61.13636224632069,35.07047595610055],[61.13169849978601,35.06814406799441],[61.129033509988574,35.06933380541085],[61.12774860091724,35.07361686442681],[61.12080058088213,35.07090425912429],[61.11780246061511,35.07114221793904],[61.122894481395235,35.06733507655258],[61.12156201527483,35.063480350238024],[61.12451254971444,35.05943525093613],[61.12165718692967,35.05776962466848],[61.11399532012797,35.059625623923466],[61.11323388573527,35.05619919973333],[61.10990263409934,35.05277274766422],[61.11133033033053,35.04882284879551],[61.115851317584315,35.04534886755624],[61.11637476438392,35.041684484551354],[61.11266282522928,35.0385911926295],[61.11423325016443,35.03440333494598],[61.104810613319216,35.02631316422122],[61.10680934127811,35.02203013488287],[61.10447748284963,35.01860371069273],[61.10714247264707,35.0152724590568],[61.11209173504557,35.01465381182402],[61.1122821080329,35.01137014691483],[61.11528022829992,35.00713470340389],[61.11514335418252,35.00144959862013],[61.1138525617464,35.0002342691962],[61.109046056830095,35.000662572219994],[61.10801544455717,34.99798198727893],[61.10228835312506,34.995903654030485],[61.105286473392084,34.99238205818551],[61.10242873999442,34.98623054790153],[61.10557201893357,34.98162689766326],[61.09200911023231,34.97577341461147],[61.09296088793468,34.973346354850435],[61.09938543329116,34.97153797110053],[61.100598562973346,34.966676967268256],[61.097767392850926,34.958498509198876],[61.094340969560164,34.960306921727124],[61.092247040268774,34.95959307406116],[61.09200911023231,34.95364441755589],[61.09010552604923,34.95074149772199],[61.08272920299038,34.94988489257378],[61.08058768877089,34.94826685213354],[61.086108012574755,34.93879657280365],[61.080682860425725,34.93855864276719],[61.073068578552125,34.94122363256463],[61.07349688157586,34.93908211744582],[61.07844425989475,34.93585360705839],[61.077875112246716,34.93346659320878],[61.06816690198099,34.931277492262495],[61.06402663102426,34.9285173299109],[61.07102226476576,34.921045806418874],[61.0660253877615,34.91571579804571],[61.065692256392595,34.91143276870736],[61.074258315968564,34.90819671840387],[61.07497213485618,34.905531698928826],[61.071355367356375,34.90229564862534],[61.06664403499428,34.90505583885596],[61.062456177310764,34.90557931443385],[61.05907736772639,34.90372334395721],[61.05741171357977,34.89924994163158],[61.06221824727436,34.89377717487679],[61.0655970847377,34.89534762859023],[61.06588262937987,34.88701952782901],[61.072640305205994,34.88097570056817],[61.07977866855077,34.87812030990443],[61.08153946557394,34.87455112733272],[61.07911243459125,34.8715530070657],[61.07363963995749,34.87088677400544],[61.06769101312983,34.86798382539325],[61.0744486889559,34.85237457412734],[61.07087947940448,34.845759656682844],[61.07168849782596,34.84000137406423],[61.06745305431508,34.837859858945365],[61.06826207543446,34.83000761915633],[61.06355074217305,34.82791369076426],[61.06716750967291,34.823535488871755],[61.06550188430458,34.816016408330654],[61.066831436621555,34.81481358937572],[61.06549680043702,34.81288067020682],[61.066125758397106,34.8068978250746],[61.061554184278236,34.8037268407212],[61.06231561867094,34.80091909344145],[61.055557942844814,34.788117588555906],[61.055653115399025,34.78359660130218],[61.05018034864423,34.77993221829729],[61.047753317661545,34.77622027914259],[61.04665875279926,34.77084271282098],[61.044612439012894,34.770081279327655],[61.04366063163292,34.764751270954434],[61.04094802722972,34.76203869443026],[61.041852247883014,34.759230918372225],[61.035284945044225,34.7540436962596],[61.033666906402686,34.7486185162316],[61.02619538291066,34.74452585898126],[61.02605262542835,34.74195604173798],[61.02262620033895,34.739148264780624],[61.01919977704813,34.738196487078255],[61.01824799844644,34.734912821269745],[61.01491674681046,34.732961679138214],[61.011204807655815,34.72758408493763],[61.00763559720508,34.72639434842051],[61.00606514259232,34.72106436792632],[61.003590525782215,34.71906563996737],[61.0014965686118,34.64116205658371],[60.98642470273791,34.62128834338239],[60.9825213329932,34.618686048922086],[60.97956422900603,34.62164315290926],[60.976252257935414,34.62176146142235],[60.974180379121265,34.620460757557964],[60.96111189789582,34.619277474575824],[60.95744508762073,34.616675238571474],[60.950466334154044,34.62046032858137],[60.941417587751516,34.6219388949641],[60.93893363058265,34.62406801382781],[60.935823456587286,34.6221263829263],[60.92587731628515,34.62146012108775],[60.91669620856322,34.60147572472499],[60.911600559917986,34.59709443815785],[60.8991797740274,34.56630421077074],[60.87095936478289,34.55126602091019],[60.854242209910126,34.539849712094565],[60.83040797055145,34.54487678023929],[60.82674113239739,34.539553998818064],[60.82307435000132,34.54416707395137],[60.82059036495343,34.543812206867926],[60.742700264205894,34.52695672097593],[60.73974318809769,34.51914998238584],[60.74427685759093,34.512433237404025],[60.75231944338765,34.51091037041732],[60.77359183259705,34.488781374261066],[60.77578093444265,34.48816272702828],[60.77573331983689,34.48644951493321],[60.78006396378095,34.48702060421755],[60.786107791041786,34.48335619333369],[60.793722072915386,34.473695597673725],[60.79981348600364,34.47479013375772],[60.80561935534905,34.47136373924525],[60.807570525359495,34.4674614262039],[60.807427739098955,34.46136998433735],[60.81251978865737,34.451852147059014],[60.81589862612077,34.44875885423778],[60.81575586773914,34.444856541196486],[60.82170452334515,34.442143936793286],[60.8221804121963,34.429532806693715],[60.826320684052405,34.428866544855225],[60.828938088022426,34.426629858081526],[60.826986917112606,34.42363173691518],[60.82855737082605,34.422442000398064],[60.82903325967726,34.4168264752617],[60.843167257662856,34.40864113288205],[60.83850351112818,34.4025497197938],[60.84568948997804,34.39260357859234],[60.846593681852994,34.384703752975895],[60.85125742838767,34.38260985156347],[60.84797376257916,34.3729492289238],[60.85254233655962,34.37209262287632],[60.85258992328636,34.36876137124034],[60.85925239777998,34.36733367590847],[60.86515349543754,34.361718179550394],[60.86791365778913,34.35705443301572],[60.866819092926846,34.35272378907166],[60.871435253634104,34.35015397092906],[60.87138766780669,34.34801248458854],[60.880762746703454,34.347822111601204],[60.88347532232831,34.34130239458989],[60.886521029322125,34.339494011739305],[60.88604513957159,34.33782838457233],[60.88975710930322,34.333878457824596],[60.88847220023189,34.32935749755052],[60.89085164538716,34.32859606495646],[60.891660692586925,34.32545518540854],[60.90260619821754,34.32393231842178],[60.92896447033411,34.30575740657912],[60.830382635750084,34.31089165682454],[60.78203198618729,34.31122478729412],[60.74077214381941,34.308417011236145],[60.696419007731095,34.31203380841356],[60.68533071673926,34.3145084243244],[60.675289376003946,34.30123103238628],[60.67091117411144,34.28666876015524],[60.67381409394534,34.2812911659546],[60.67091117411144,34.27348654077127],[60.65235135962757,34.26287413863065],[60.64364254256935,34.26001877584588],[60.62336954476871,34.24621790832987],[60.595529851821254,34.21923482142989],[60.58639273173924,34.213809641401895],[60.58006335893691,34.20272135041006],[60.57511406776007,34.200246733599954],[60.558981341815525,34.186588623566195],[60.5563163232398,34.172454597701574],[60.55288992782795,34.16788605160008],[60.55274714156741,34.164935517160416],[60.54194439521774,34.15798749802468],[60.53252172959418,34.1413312677239],[60.520053357876236,34.126959310923496],[60.51453300529403,34.1238184322749],[60.509821672931935,34.117251101557144],[60.50477720920088,34.11568067572267],[60.50101765544048,34.11030308242135],[60.501303199183326,34.104497213076],[60.49292748471572,34.097787123976616],[60.48294863966805,34.084799532272655],[60.47455804321919,34.08312965041307],[60.47208339763074,34.08055983316984],[60.56859435164807,33.819723326770145],[60.54470404855306,33.73044603006031],[60.59257976344537,33.65049612389703],[60.63593358097006,33.56930892506688],[60.66581940783948,33.53385493675597],[60.68119070478724,33.53176084738527],[60.76180664166321,33.5312373754046],[60.898387619692926,33.540469856898426],[60.94711897835822,33.51372463528372],[60.92813869934156,33.49708725567234],[60.92809126999617,33.497045031602966],[60.928020796422686,33.49698532920962],[60.92798486311102,33.496951384298995]]]}}]}
